# submitted at 2026-05-19T19:23:03.518Z (1379 URLs)
https://kyounoko.jp/station/tokyo/asobiba
https://kyounoko.jp/station/tokyo/kouen
https://kyounoko.jp/station/tokyo/ame-asobiba
https://kyounoko.jp/station/akihabara/asobiba
https://kyounoko.jp/station/akihabara/kouen
https://kyounoko.jp/station/akihabara/ame-asobiba
https://kyounoko.jp/station/kanda/asobiba
https://kyounoko.jp/station/kanda/kouen
https://kyounoko.jp/station/kanda/ame-asobiba
https://kyounoko.jp/station/yurakucho/asobiba
https://kyounoko.jp/station/yurakucho/kouen
https://kyounoko.jp/station/yurakucho/ame-asobiba
https://kyounoko.jp/station/iidabashi/asobiba
https://kyounoko.jp/station/iidabashi/kouen
https://kyounoko.jp/station/iidabashi/ame-asobiba
https://kyounoko.jp/station/ichigaya/asobiba
https://kyounoko.jp/station/ichigaya/kouen
https://kyounoko.jp/station/ichigaya/ame-asobiba
https://kyounoko.jp/station/yotsuya/asobiba
https://kyounoko.jp/station/yotsuya/kouen
https://kyounoko.jp/station/yotsuya/ame-asobiba
https://kyounoko.jp/station/ochanomizu/asobiba
https://kyounoko.jp/station/ochanomizu/kouen
https://kyounoko.jp/station/ochanomizu/ame-asobiba
https://kyounoko.jp/station/shin-ochanomizu/asobiba
https://kyounoko.jp/station/shin-ochanomizu/kouen
https://kyounoko.jp/station/shin-ochanomizu/ame-asobiba
https://kyounoko.jp/station/awajicho/asobiba
https://kyounoko.jp/station/awajicho/kouen
https://kyounoko.jp/station/awajicho/ame-asobiba
https://kyounoko.jp/station/ogawamachi/asobiba
https://kyounoko.jp/station/ogawamachi/kouen
https://kyounoko.jp/station/ogawamachi/ame-asobiba
https://kyounoko.jp/station/iwamotocho/asobiba
https://kyounoko.jp/station/iwamotocho/kouen
https://kyounoko.jp/station/iwamotocho/ame-asobiba
https://kyounoko.jp/station/otemachi/asobiba
https://kyounoko.jp/station/otemachi/kouen
https://kyounoko.jp/station/otemachi/ame-asobiba
https://kyounoko.jp/station/nijubashimae/asobiba
https://kyounoko.jp/station/nijubashimae/kouen
https://kyounoko.jp/station/nijubashimae/ame-asobiba
https://kyounoko.jp/station/hibiya/asobiba
https://kyounoko.jp/station/hibiya/kouen
https://kyounoko.jp/station/hibiya/ame-asobiba
https://kyounoko.jp/station/kasumigaseki/asobiba
https://kyounoko.jp/station/kasumigaseki/kouen
https://kyounoko.jp/station/kasumigaseki/ame-asobiba
https://kyounoko.jp/station/kokkai-gijidomae/asobiba
https://kyounoko.jp/station/kokkai-gijidomae/kouen
https://kyounoko.jp/station/kokkai-gijidomae/ame-asobiba
https://kyounoko.jp/station/nagatacho/asobiba
https://kyounoko.jp/station/nagatacho/kouen
https://kyounoko.jp/station/nagatacho/ame-asobiba
https://kyounoko.jp/station/akasaka-mitsuke/asobiba
https://kyounoko.jp/station/akasaka-mitsuke/kouen
https://kyounoko.jp/station/akasaka-mitsuke/ame-asobiba
https://kyounoko.jp/station/hanzomon/asobiba
https://kyounoko.jp/station/hanzomon/kouen
https://kyounoko.jp/station/hanzomon/ame-asobiba
https://kyounoko.jp/station/kojimachi/asobiba
https://kyounoko.jp/station/kojimachi/kouen
https://kyounoko.jp/station/kojimachi/ame-asobiba
https://kyounoko.jp/station/kudanshita/asobiba
https://kyounoko.jp/station/kudanshita/kouen
https://kyounoko.jp/station/kudanshita/ame-asobiba
https://kyounoko.jp/station/jimbocho/asobiba
https://kyounoko.jp/station/jimbocho/kouen
https://kyounoko.jp/station/jimbocho/ame-asobiba
https://kyounoko.jp/station/takebashi/asobiba
https://kyounoko.jp/station/takebashi/kouen
https://kyounoko.jp/station/takebashi/ame-asobiba
https://kyounoko.jp/station/suidobashi/asobiba
https://kyounoko.jp/station/suidobashi/kouen
https://kyounoko.jp/station/suidobashi/ame-asobiba
https://kyounoko.jp/station/ginza/asobiba
https://kyounoko.jp/station/ginza/ame-asobiba
https://kyounoko.jp/station/ginza-itchome/asobiba
https://kyounoko.jp/station/ginza-itchome/ame-asobiba
https://kyounoko.jp/station/higashi-ginza/asobiba
https://kyounoko.jp/station/higashi-ginza/ame-asobiba
https://kyounoko.jp/station/nihombashi/asobiba
https://kyounoko.jp/station/nihombashi/ame-asobiba
https://kyounoko.jp/station/mitsukoshimae/asobiba
https://kyounoko.jp/station/mitsukoshimae/ame-asobiba
https://kyounoko.jp/station/shintomicho/asobiba
https://kyounoko.jp/station/shintomicho/ame-asobiba
https://kyounoko.jp/station/tsukiji/asobiba
https://kyounoko.jp/station/tsukiji/ame-asobiba
https://kyounoko.jp/station/tsukijishijo/asobiba
https://kyounoko.jp/station/tsukijishijo/ame-asobiba
https://kyounoko.jp/station/tsukishima/asobiba
https://kyounoko.jp/station/tsukishima/ame-asobiba
https://kyounoko.jp/station/kachidoki/asobiba
https://kyounoko.jp/station/kachidoki/ame-asobiba
https://kyounoko.jp/station/kayabacho/asobiba
https://kyounoko.jp/station/kayabacho/ame-asobiba
https://kyounoko.jp/station/hatchobori/asobiba
https://kyounoko.jp/station/hatchobori/ame-asobiba
https://kyounoko.jp/station/suitengumae/asobiba
https://kyounoko.jp/station/suitengumae/ame-asobiba
https://kyounoko.jp/station/ningyocho/asobiba
https://kyounoko.jp/station/ningyocho/ame-asobiba
https://kyounoko.jp/station/kodemmacho/asobiba
https://kyounoko.jp/station/kodemmacho/ame-asobiba
https://kyounoko.jp/station/bakuroyokoyama/asobiba
https://kyounoko.jp/station/bakuroyokoyama/ame-asobiba
https://kyounoko.jp/station/bakurocho/asobiba
https://kyounoko.jp/station/bakurocho/ame-asobiba
https://kyounoko.jp/station/higashi-nihombashi/asobiba
https://kyounoko.jp/station/higashi-nihombashi/ame-asobiba
https://kyounoko.jp/station/hamacho/asobiba
https://kyounoko.jp/station/hamacho/ame-asobiba
https://kyounoko.jp/station/shinagawa/asobiba
https://kyounoko.jp/station/shinagawa/kouen
https://kyounoko.jp/station/shinagawa/ame-asobiba
https://kyounoko.jp/station/shimbashi/asobiba
https://kyounoko.jp/station/shimbashi/kouen
https://kyounoko.jp/station/shimbashi/ame-asobiba
https://kyounoko.jp/station/tamachi/asobiba
https://kyounoko.jp/station/tamachi/kouen
https://kyounoko.jp/station/tamachi/ame-asobiba
https://kyounoko.jp/station/mita/asobiba
https://kyounoko.jp/station/mita/kouen
https://kyounoko.jp/station/mita/ame-asobiba
https://kyounoko.jp/station/hamamatsucho/asobiba
https://kyounoko.jp/station/hamamatsucho/kouen
https://kyounoko.jp/station/hamamatsucho/ame-asobiba
https://kyounoko.jp/station/daimon/asobiba
https://kyounoko.jp/station/daimon/kouen
https://kyounoko.jp/station/daimon/ame-asobiba
https://kyounoko.jp/station/shibakoen/asobiba
https://kyounoko.jp/station/shibakoen/kouen
https://kyounoko.jp/station/shibakoen/ame-asobiba
https://kyounoko.jp/station/onarimon/asobiba
https://kyounoko.jp/station/onarimon/kouen
https://kyounoko.jp/station/onarimon/ame-asobiba
https://kyounoko.jp/station/akabanebashi/asobiba
https://kyounoko.jp/station/akabanebashi/kouen
https://kyounoko.jp/station/akabanebashi/ame-asobiba
https://kyounoko.jp/station/roppongi/asobiba
https://kyounoko.jp/station/roppongi/kouen
https://kyounoko.jp/station/roppongi/ame-asobiba
https://kyounoko.jp/station/roppongi-itchome/asobiba
https://kyounoko.jp/station/roppongi-itchome/kouen
https://kyounoko.jp/station/roppongi-itchome/ame-asobiba
https://kyounoko.jp/station/azabu-juban/asobiba
https://kyounoko.jp/station/azabu-juban/kouen
https://kyounoko.jp/station/azabu-juban/ame-asobiba
https://kyounoko.jp/station/hiroo/asobiba
https://kyounoko.jp/station/hiroo/kouen
https://kyounoko.jp/station/hiroo/ame-asobiba
https://kyounoko.jp/station/akasaka/asobiba
https://kyounoko.jp/station/akasaka/kouen
https://kyounoko.jp/station/akasaka/ame-asobiba
https://kyounoko.jp/station/aoyama-itchome/asobiba
https://kyounoko.jp/station/aoyama-itchome/kouen
https://kyounoko.jp/station/aoyama-itchome/ame-asobiba
https://kyounoko.jp/station/gaiemmae/asobiba
https://kyounoko.jp/station/gaiemmae/kouen
https://kyounoko.jp/station/gaiemmae/ame-asobiba
https://kyounoko.jp/station/omotesando/asobiba
https://kyounoko.jp/station/omotesando/kouen
https://kyounoko.jp/station/omotesando/ame-asobiba
https://kyounoko.jp/station/nogizaka/asobiba
https://kyounoko.jp/station/nogizaka/kouen
https://kyounoko.jp/station/nogizaka/ame-asobiba
https://kyounoko.jp/station/shirokanedai/asobiba
https://kyounoko.jp/station/shirokanedai/kouen
https://kyounoko.jp/station/shirokanedai/ame-asobiba
https://kyounoko.jp/station/shirokane-takanawa/asobiba
https://kyounoko.jp/station/shirokane-takanawa/kouen
https://kyounoko.jp/station/shirokane-takanawa/ame-asobiba
https://kyounoko.jp/station/takanawadai/asobiba
https://kyounoko.jp/station/takanawadai/kouen
https://kyounoko.jp/station/takanawadai/ame-asobiba
https://kyounoko.jp/station/takanawa-gateway/asobiba
https://kyounoko.jp/station/takanawa-gateway/kouen
https://kyounoko.jp/station/takanawa-gateway/ame-asobiba
https://kyounoko.jp/station/sengakuji/asobiba
https://kyounoko.jp/station/sengakuji/kouen
https://kyounoko.jp/station/sengakuji/ame-asobiba
https://kyounoko.jp/station/shibaura-futo/asobiba
https://kyounoko.jp/station/shibaura-futo/kouen
https://kyounoko.jp/station/shibaura-futo/ame-asobiba
https://kyounoko.jp/station/odaiba-kaihinkoen/asobiba
https://kyounoko.jp/station/odaiba-kaihinkoen/kouen
https://kyounoko.jp/station/odaiba-kaihinkoen/ame-asobiba
https://kyounoko.jp/station/daiba/asobiba
https://kyounoko.jp/station/daiba/kouen
https://kyounoko.jp/station/daiba/ame-asobiba
https://kyounoko.jp/station/tameike-sanno/asobiba
https://kyounoko.jp/station/tameike-sanno/kouen
https://kyounoko.jp/station/tameike-sanno/ame-asobiba
https://kyounoko.jp/station/toranomon/asobiba
https://kyounoko.jp/station/toranomon/kouen
https://kyounoko.jp/station/toranomon/ame-asobiba
https://kyounoko.jp/station/toranomon-hills/asobiba
https://kyounoko.jp/station/toranomon-hills/kouen
https://kyounoko.jp/station/toranomon-hills/ame-asobiba
https://kyounoko.jp/station/kamiyacho/asobiba
https://kyounoko.jp/station/kamiyacho/kouen
https://kyounoko.jp/station/kamiyacho/ame-asobiba
https://kyounoko.jp/station/hinode/asobiba
https://kyounoko.jp/station/hinode/kouen
https://kyounoko.jp/station/hinode/ame-asobiba
https://kyounoko.jp/station/takeshiba/asobiba
https://kyounoko.jp/station/takeshiba/kouen
https://kyounoko.jp/station/takeshiba/ame-asobiba
https://kyounoko.jp/station/shinjuku/asobiba
https://kyounoko.jp/station/shinjuku/kouen
https://kyounoko.jp/station/shinjuku/ame-asobiba
https://kyounoko.jp/station/shinjuku-sanchome/asobiba
https://kyounoko.jp/station/shinjuku-sanchome/kouen
https://kyounoko.jp/station/shinjuku-sanchome/ame-asobiba
https://kyounoko.jp/station/shinjuku-nishiguchi/asobiba
https://kyounoko.jp/station/shinjuku-nishiguchi/kouen
https://kyounoko.jp/station/shinjuku-nishiguchi/ame-asobiba
https://kyounoko.jp/station/nishi-shinjuku/asobiba
https://kyounoko.jp/station/nishi-shinjuku/kouen
https://kyounoko.jp/station/nishi-shinjuku/ame-asobiba
https://kyounoko.jp/station/nishi-shinjuku-gochome/asobiba
https://kyounoko.jp/station/nishi-shinjuku-gochome/kouen
https://kyounoko.jp/station/nishi-shinjuku-gochome/ame-asobiba
https://kyounoko.jp/station/tochomae/asobiba
https://kyounoko.jp/station/tochomae/kouen
https://kyounoko.jp/station/tochomae/ame-asobiba
https://kyounoko.jp/station/minami-shinjuku/asobiba
https://kyounoko.jp/station/minami-shinjuku/kouen
https://kyounoko.jp/station/minami-shinjuku/ame-asobiba
https://kyounoko.jp/station/shinjuku-gyoemmae/asobiba
https://kyounoko.jp/station/shinjuku-gyoemmae/kouen
https://kyounoko.jp/station/shinjuku-gyoemmae/ame-asobiba
https://kyounoko.jp/station/yotsuya-sanchome/asobiba
https://kyounoko.jp/station/yotsuya-sanchome/kouen
https://kyounoko.jp/station/yotsuya-sanchome/ame-asobiba
https://kyounoko.jp/station/akebonobashi/asobiba
https://kyounoko.jp/station/akebonobashi/kouen
https://kyounoko.jp/station/akebonobashi/ame-asobiba
https://kyounoko.jp/station/wakamatsu-kawada/asobiba
https://kyounoko.jp/station/wakamatsu-kawada/kouen
https://kyounoko.jp/station/wakamatsu-kawada/ame-asobiba
https://kyounoko.jp/station/ushigome-yanagicho/asobiba
https://kyounoko.jp/station/ushigome-yanagicho/kouen
https://kyounoko.jp/station/ushigome-yanagicho/ame-asobiba
https://kyounoko.jp/station/ushigome-kagurazaka/asobiba
https://kyounoko.jp/station/ushigome-kagurazaka/kouen
https://kyounoko.jp/station/ushigome-kagurazaka/ame-asobiba
https://kyounoko.jp/station/kagurazaka/asobiba
https://kyounoko.jp/station/kagurazaka/kouen
https://kyounoko.jp/station/kagurazaka/ame-asobiba
https://kyounoko.jp/station/higashi-shinjuku/asobiba
https://kyounoko.jp/station/higashi-shinjuku/kouen
https://kyounoko.jp/station/higashi-shinjuku/ame-asobiba
https://kyounoko.jp/station/shin-okubo/asobiba
https://kyounoko.jp/station/shin-okubo/kouen
https://kyounoko.jp/station/shin-okubo/ame-asobiba
https://kyounoko.jp/station/okubo/asobiba
https://kyounoko.jp/station/okubo/kouen
https://kyounoko.jp/station/okubo/ame-asobiba
https://kyounoko.jp/station/takadanobaba/asobiba
https://kyounoko.jp/station/takadanobaba/kouen
https://kyounoko.jp/station/takadanobaba/ame-asobiba
https://kyounoko.jp/station/shimo-ochiai/asobiba
https://kyounoko.jp/station/shimo-ochiai/kouen
https://kyounoko.jp/station/shimo-ochiai/ame-asobiba
https://kyounoko.jp/station/nakai/asobiba
https://kyounoko.jp/station/nakai/kouen
https://kyounoko.jp/station/nakai/ame-asobiba
https://kyounoko.jp/station/ochiai/asobiba
https://kyounoko.jp/station/ochiai/kouen
https://kyounoko.jp/station/ochiai/ame-asobiba
https://kyounoko.jp/station/ochiai-minami-nagasaki/asobiba
https://kyounoko.jp/station/ochiai-minami-nagasaki/kouen
https://kyounoko.jp/station/ochiai-minami-nagasaki/ame-asobiba
https://kyounoko.jp/station/waseda/asobiba
https://kyounoko.jp/station/waseda/kouen
https://kyounoko.jp/station/waseda/ame-asobiba
https://kyounoko.jp/station/nishi-waseda/asobiba
https://kyounoko.jp/station/nishi-waseda/kouen
https://kyounoko.jp/station/nishi-waseda/ame-asobiba
https://kyounoko.jp/station/shinanomachi/asobiba
https://kyounoko.jp/station/shinanomachi/kouen
https://kyounoko.jp/station/shinanomachi/ame-asobiba
https://kyounoko.jp/station/sendagaya/asobiba
https://kyounoko.jp/station/sendagaya/kouen
https://kyounoko.jp/station/sendagaya/ame-asobiba
https://kyounoko.jp/station/kokuritsu-kyogijo/asobiba
https://kyounoko.jp/station/kokuritsu-kyogijo/kouen
https://kyounoko.jp/station/kokuritsu-kyogijo/ame-asobiba
https://kyounoko.jp/station/seibi-shinjuku/asobiba
https://kyounoko.jp/station/seibi-shinjuku/kouen
https://kyounoko.jp/station/seibi-shinjuku/ame-asobiba
https://kyounoko.jp/station/kasuga/asobiba
https://kyounoko.jp/station/kasuga/kouen
https://kyounoko.jp/station/kasuga/ame-asobiba
https://kyounoko.jp/station/korakuen/asobiba
https://kyounoko.jp/station/korakuen/kouen
https://kyounoko.jp/station/korakuen/ame-asobiba
https://kyounoko.jp/station/hongo-sanchome/asobiba
https://kyounoko.jp/station/hongo-sanchome/kouen
https://kyounoko.jp/station/hongo-sanchome/ame-asobiba
https://kyounoko.jp/station/yushima/asobiba
https://kyounoko.jp/station/yushima/kouen
https://kyounoko.jp/station/yushima/ame-asobiba
https://kyounoko.jp/station/nezu/asobiba
https://kyounoko.jp/station/nezu/kouen
https://kyounoko.jp/station/nezu/ame-asobiba
https://kyounoko.jp/station/sendagi/asobiba
https://kyounoko.jp/station/sendagi/kouen
https://kyounoko.jp/station/sendagi/ame-asobiba
https://kyounoko.jp/station/hakusan/asobiba
https://kyounoko.jp/station/hakusan/kouen
https://kyounoko.jp/station/hakusan/ame-asobiba
https://kyounoko.jp/station/sengoku/asobiba
https://kyounoko.jp/station/sengoku/kouen
https://kyounoko.jp/station/sengoku/ame-asobiba
https://kyounoko.jp/station/myogadani/asobiba
https://kyounoko.jp/station/myogadani/kouen
https://kyounoko.jp/station/myogadani/ame-asobiba
https://kyounoko.jp/station/edogawabashi/asobiba
https://kyounoko.jp/station/edogawabashi/kouen
https://kyounoko.jp/station/edogawabashi/ame-asobiba
https://kyounoko.jp/station/gokokuji/asobiba
https://kyounoko.jp/station/gokokuji/kouen
https://kyounoko.jp/station/gokokuji/ame-asobiba
https://kyounoko.jp/station/shin-otsuka/asobiba
https://kyounoko.jp/station/shin-otsuka/kouen
https://kyounoko.jp/station/shin-otsuka/ame-asobiba
https://kyounoko.jp/station/todaimae/asobiba
https://kyounoko.jp/station/todaimae/kouen
https://kyounoko.jp/station/todaimae/ame-asobiba
https://kyounoko.jp/station/hon-komagome/asobiba
https://kyounoko.jp/station/hon-komagome/kouen
https://kyounoko.jp/station/hon-komagome/ame-asobiba
https://kyounoko.jp/station/ueno/asobiba
https://kyounoko.jp/station/ueno/kouen
https://kyounoko.jp/station/ueno/ame-asobiba
https://kyounoko.jp/station/okachimachi/asobiba
https://kyounoko.jp/station/okachimachi/kouen
https://kyounoko.jp/station/okachimachi/ame-asobiba
https://kyounoko.jp/station/ueno-hirokoji/asobiba
https://kyounoko.jp/station/ueno-hirokoji/kouen
https://kyounoko.jp/station/ueno-hirokoji/ame-asobiba
https://kyounoko.jp/station/naka-okachimachi/asobiba
https://kyounoko.jp/station/naka-okachimachi/kouen
https://kyounoko.jp/station/naka-okachimachi/ame-asobiba
https://kyounoko.jp/station/ueno-okachimachi/asobiba
https://kyounoko.jp/station/ueno-okachimachi/kouen
https://kyounoko.jp/station/ueno-okachimachi/ame-asobiba
https://kyounoko.jp/station/shin-okachimachi/asobiba
https://kyounoko.jp/station/shin-okachimachi/kouen
https://kyounoko.jp/station/shin-okachimachi/ame-asobiba
https://kyounoko.jp/station/inaricho/asobiba
https://kyounoko.jp/station/inaricho/kouen
https://kyounoko.jp/station/inaricho/ame-asobiba
https://kyounoko.jp/station/tawaramachi/asobiba
https://kyounoko.jp/station/tawaramachi/kouen
https://kyounoko.jp/station/tawaramachi/ame-asobiba
https://kyounoko.jp/station/asakusa/asobiba
https://kyounoko.jp/station/asakusa/kouen
https://kyounoko.jp/station/asakusa/ame-asobiba
https://kyounoko.jp/station/kuramae/asobiba
https://kyounoko.jp/station/kuramae/kouen
https://kyounoko.jp/station/kuramae/ame-asobiba
https://kyounoko.jp/station/asakusabashi/asobiba
https://kyounoko.jp/station/asakusabashi/kouen
https://kyounoko.jp/station/asakusabashi/ame-asobiba
https://kyounoko.jp/station/iriya/asobiba
https://kyounoko.jp/station/iriya/kouen
https://kyounoko.jp/station/iriya/ame-asobiba
https://kyounoko.jp/station/minowa/asobiba
https://kyounoko.jp/station/minowa/kouen
https://kyounoko.jp/station/minowa/ame-asobiba
https://kyounoko.jp/station/uguisudani/asobiba
https://kyounoko.jp/station/uguisudani/kouen
https://kyounoko.jp/station/uguisudani/ame-asobiba
https://kyounoko.jp/station/keisei-ueno/asobiba
https://kyounoko.jp/station/keisei-ueno/kouen
https://kyounoko.jp/station/keisei-ueno/ame-asobiba
https://kyounoko.jp/station/kinshicho/asobiba
https://kyounoko.jp/station/kinshicho/kouen
https://kyounoko.jp/station/kinshicho/ame-asobiba
https://kyounoko.jp/station/ryogoku/asobiba
https://kyounoko.jp/station/ryogoku/kouen
https://kyounoko.jp/station/ryogoku/ame-asobiba
https://kyounoko.jp/station/oshiage/asobiba
https://kyounoko.jp/station/oshiage/kouen
https://kyounoko.jp/station/oshiage/ame-asobiba
https://kyounoko.jp/station/tokyo-skytree/asobiba
https://kyounoko.jp/station/tokyo-skytree/kouen
https://kyounoko.jp/station/tokyo-skytree/ame-asobiba
https://kyounoko.jp/station/honjo-azumabashi/asobiba
https://kyounoko.jp/station/honjo-azumabashi/kouen
https://kyounoko.jp/station/honjo-azumabashi/ame-asobiba
https://kyounoko.jp/station/kikukawa/asobiba
https://kyounoko.jp/station/kikukawa/kouen
https://kyounoko.jp/station/kikukawa/ame-asobiba
https://kyounoko.jp/station/higashi-azuma/asobiba
https://kyounoko.jp/station/higashi-azuma/kouen
https://kyounoko.jp/station/higashi-azuma/ame-asobiba
https://kyounoko.jp/station/hikifune/asobiba
https://kyounoko.jp/station/hikifune/kouen
https://kyounoko.jp/station/hikifune/ame-asobiba
https://kyounoko.jp/station/keisei-hikifune/asobiba
https://kyounoko.jp/station/keisei-hikifune/kouen
https://kyounoko.jp/station/keisei-hikifune/ame-asobiba
https://kyounoko.jp/station/yahiro/asobiba
https://kyounoko.jp/station/yahiro/kouen
https://kyounoko.jp/station/yahiro/ame-asobiba
https://kyounoko.jp/station/higashi-mukojima/asobiba
https://kyounoko.jp/station/higashi-mukojima/kouen
https://kyounoko.jp/station/higashi-mukojima/ame-asobiba
https://kyounoko.jp/station/kanegafuchi/asobiba
https://kyounoko.jp/station/kanegafuchi/kouen
https://kyounoko.jp/station/kanegafuchi/ame-asobiba
https://kyounoko.jp/station/omurai/asobiba
https://kyounoko.jp/station/omurai/kouen
https://kyounoko.jp/station/omurai/ame-asobiba
https://kyounoko.jp/station/monzen-nakacho/asobiba
https://kyounoko.jp/station/monzen-nakacho/kouen
https://kyounoko.jp/station/monzen-nakacho/ame-asobiba
https://kyounoko.jp/station/kiba/asobiba
https://kyounoko.jp/station/kiba/kouen
https://kyounoko.jp/station/kiba/ame-asobiba
https://kyounoko.jp/station/toyocho/asobiba
https://kyounoko.jp/station/toyocho/kouen
https://kyounoko.jp/station/toyocho/ame-asobiba
https://kyounoko.jp/station/minami-sunamachi/asobiba
https://kyounoko.jp/station/minami-sunamachi/kouen
https://kyounoko.jp/station/minami-sunamachi/ame-asobiba
https://kyounoko.jp/station/kameido/asobiba
https://kyounoko.jp/station/kameido/kouen
https://kyounoko.jp/station/kameido/ame-asobiba
https://kyounoko.jp/station/kameido-suijin/asobiba
https://kyounoko.jp/station/kameido-suijin/kouen
https://kyounoko.jp/station/kameido-suijin/ame-asobiba
https://kyounoko.jp/station/morishita/asobiba
https://kyounoko.jp/station/morishita/kouen
https://kyounoko.jp/station/morishita/ame-asobiba
https://kyounoko.jp/station/kiyosumi-shirakawa/asobiba
https://kyounoko.jp/station/kiyosumi-shirakawa/kouen
https://kyounoko.jp/station/kiyosumi-shirakawa/ame-asobiba
https://kyounoko.jp/station/shinonome/asobiba
https://kyounoko.jp/station/shinonome/kouen
https://kyounoko.jp/station/shinonome/ame-asobiba
https://kyounoko.jp/station/sumiyoshi/asobiba
https://kyounoko.jp/station/sumiyoshi/kouen
https://kyounoko.jp/station/sumiyoshi/ame-asobiba
https://kyounoko.jp/station/nishi-ojima/asobiba
https://kyounoko.jp/station/nishi-ojima/kouen
https://kyounoko.jp/station/nishi-ojima/ame-asobiba
https://kyounoko.jp/station/ojima/asobiba
https://kyounoko.jp/station/ojima/kouen
https://kyounoko.jp/station/ojima/ame-asobiba
https://kyounoko.jp/station/higashi-ojima/asobiba
https://kyounoko.jp/station/higashi-ojima/kouen
https://kyounoko.jp/station/higashi-ojima/ame-asobiba
https://kyounoko.jp/station/shiomi/asobiba
https://kyounoko.jp/station/shiomi/kouen
https://kyounoko.jp/station/shiomi/ame-asobiba
https://kyounoko.jp/station/shin-kiba/asobiba
https://kyounoko.jp/station/shin-kiba/kouen
https://kyounoko.jp/station/shin-kiba/ame-asobiba
https://kyounoko.jp/station/toyosu/asobiba
https://kyounoko.jp/station/toyosu/kouen
https://kyounoko.jp/station/toyosu/ame-asobiba
https://kyounoko.jp/station/tatsumi/asobiba
https://kyounoko.jp/station/tatsumi/kouen
https://kyounoko.jp/station/tatsumi/ame-asobiba
https://kyounoko.jp/station/shijomae/asobiba
https://kyounoko.jp/station/shijomae/kouen
https://kyounoko.jp/station/shijomae/ame-asobiba
https://kyounoko.jp/station/shin-toyosu/asobiba
https://kyounoko.jp/station/shin-toyosu/kouen
https://kyounoko.jp/station/shin-toyosu/ame-asobiba
https://kyounoko.jp/station/ariake/asobiba
https://kyounoko.jp/station/ariake/kouen
https://kyounoko.jp/station/ariake/ame-asobiba
https://kyounoko.jp/station/ariake-tennis-no-mori/asobiba
https://kyounoko.jp/station/ariake-tennis-no-mori/kouen
https://kyounoko.jp/station/ariake-tennis-no-mori/ame-asobiba
https://kyounoko.jp/station/kokusai-tenjijo/asobiba
https://kyounoko.jp/station/kokusai-tenjijo/kouen
https://kyounoko.jp/station/kokusai-tenjijo/ame-asobiba
https://kyounoko.jp/station/tokyo-big-sight/asobiba
https://kyounoko.jp/station/tokyo-big-sight/kouen
https://kyounoko.jp/station/tokyo-big-sight/ame-asobiba
https://kyounoko.jp/station/aomi/asobiba
https://kyounoko.jp/station/aomi/kouen
https://kyounoko.jp/station/aomi/ame-asobiba
https://kyounoko.jp/station/telecom-center/asobiba
https://kyounoko.jp/station/telecom-center/kouen
https://kyounoko.jp/station/telecom-center/ame-asobiba
https://kyounoko.jp/station/tokyo-teleport/asobiba
https://kyounoko.jp/station/tokyo-teleport/kouen
https://kyounoko.jp/station/tokyo-teleport/ame-asobiba
https://kyounoko.jp/station/fune-no-kagakukan/asobiba
https://kyounoko.jp/station/fune-no-kagakukan/kouen
https://kyounoko.jp/station/fune-no-kagakukan/ame-asobiba
https://kyounoko.jp/station/tokyo-international-cruise/asobiba
https://kyounoko.jp/station/tokyo-international-cruise/kouen
https://kyounoko.jp/station/tokyo-international-cruise/ame-asobiba
https://kyounoko.jp/station/etchujima/asobiba
https://kyounoko.jp/station/etchujima/kouen
https://kyounoko.jp/station/etchujima/ame-asobiba
https://kyounoko.jp/station/osaki/asobiba
https://kyounoko.jp/station/osaki/kouen
https://kyounoko.jp/station/osaki/ame-asobiba
https://kyounoko.jp/station/gotanda/asobiba
https://kyounoko.jp/station/gotanda/kouen
https://kyounoko.jp/station/gotanda/ame-asobiba
https://kyounoko.jp/station/meguro/asobiba
https://kyounoko.jp/station/meguro/kouen
https://kyounoko.jp/station/meguro/ame-asobiba
https://kyounoko.jp/station/shinagawa-seaside/asobiba
https://kyounoko.jp/station/shinagawa-seaside/kouen
https://kyounoko.jp/station/shinagawa-seaside/ame-asobiba
https://kyounoko.jp/station/tennozu-isle/asobiba
https://kyounoko.jp/station/tennozu-isle/kouen
https://kyounoko.jp/station/tennozu-isle/ame-asobiba
https://kyounoko.jp/station/oimachi/asobiba
https://kyounoko.jp/station/oimachi/kouen
https://kyounoko.jp/station/oimachi/ame-asobiba
https://kyounoko.jp/station/shimo-shimmei/asobiba
https://kyounoko.jp/station/shimo-shimmei/kouen
https://kyounoko.jp/station/shimo-shimmei/ame-asobiba
https://kyounoko.jp/station/togoshi-koen/asobiba
https://kyounoko.jp/station/togoshi-koen/kouen
https://kyounoko.jp/station/togoshi-koen/ame-asobiba
https://kyounoko.jp/station/togoshi/asobiba
https://kyounoko.jp/station/togoshi/kouen
https://kyounoko.jp/station/togoshi/ame-asobiba
https://kyounoko.jp/station/togoshi-ginza/asobiba
https://kyounoko.jp/station/togoshi-ginza/kouen
https://kyounoko.jp/station/togoshi-ginza/ame-asobiba
https://kyounoko.jp/station/nakanobu/asobiba
https://kyounoko.jp/station/nakanobu/kouen
https://kyounoko.jp/station/nakanobu/ame-asobiba
https://kyounoko.jp/station/ebara-machi/asobiba
https://kyounoko.jp/station/ebara-machi/kouen
https://kyounoko.jp/station/ebara-machi/ame-asobiba
https://kyounoko.jp/station/hatanodai/asobiba
https://kyounoko.jp/station/hatanodai/kouen
https://kyounoko.jp/station/hatanodai/ame-asobiba
https://kyounoko.jp/station/kita-shinagawa/asobiba
https://kyounoko.jp/station/kita-shinagawa/kouen
https://kyounoko.jp/station/kita-shinagawa/ame-asobiba
https://kyounoko.jp/station/shimbamba/asobiba
https://kyounoko.jp/station/shimbamba/kouen
https://kyounoko.jp/station/shimbamba/ame-asobiba
https://kyounoko.jp/station/aomono-yokocho/asobiba
https://kyounoko.jp/station/aomono-yokocho/kouen
https://kyounoko.jp/station/aomono-yokocho/ame-asobiba
https://kyounoko.jp/station/samezu/asobiba
https://kyounoko.jp/station/samezu/kouen
https://kyounoko.jp/station/samezu/ame-asobiba
https://kyounoko.jp/station/tachiaigawa/asobiba
https://kyounoko.jp/station/tachiaigawa/kouen
https://kyounoko.jp/station/tachiaigawa/ame-asobiba
https://kyounoko.jp/station/omori-kaigan/asobiba
https://kyounoko.jp/station/omori-kaigan/kouen
https://kyounoko.jp/station/omori-kaigan/ame-asobiba
https://kyounoko.jp/station/ebara-nakanobu/asobiba
https://kyounoko.jp/station/ebara-nakanobu/kouen
https://kyounoko.jp/station/ebara-nakanobu/ame-asobiba
https://kyounoko.jp/station/fudomae/asobiba
https://kyounoko.jp/station/fudomae/kouen
https://kyounoko.jp/station/fudomae/ame-asobiba
https://kyounoko.jp/station/musashi-koyama/asobiba
https://kyounoko.jp/station/musashi-koyama/kouen
https://kyounoko.jp/station/musashi-koyama/ame-asobiba
https://kyounoko.jp/station/oi-keibajo-mae/asobiba
https://kyounoko.jp/station/oi-keibajo-mae/kouen
https://kyounoko.jp/station/oi-keibajo-mae/ame-asobiba
https://kyounoko.jp/station/naka-meguro/kouen
https://kyounoko.jp/station/yutenji/kouen
https://kyounoko.jp/station/gakugei-daigaku/kouen
https://kyounoko.jp/station/toritsu-daigaku/kouen
https://kyounoko.jp/station/jiyugaoka/kouen
https://kyounoko.jp/station/midorigaoka/kouen
https://kyounoko.jp/station/ookayama/kouen
https://kyounoko.jp/station/senzoku/kouen
https://kyounoko.jp/station/nishi-koyama/kouen
https://kyounoko.jp/station/komaba-todaimae/kouen
https://kyounoko.jp/station/omori/asobiba
https://kyounoko.jp/station/omori/kouen
https://kyounoko.jp/station/omori/ame-asobiba
https://kyounoko.jp/station/kamata/asobiba
https://kyounoko.jp/station/kamata/kouen
https://kyounoko.jp/station/kamata/ame-asobiba
https://kyounoko.jp/station/keikyu-kamata/asobiba
https://kyounoko.jp/station/keikyu-kamata/kouen
https://kyounoko.jp/station/keikyu-kamata/ame-asobiba
https://kyounoko.jp/station/umeyashiki/asobiba
https://kyounoko.jp/station/umeyashiki/kouen
https://kyounoko.jp/station/umeyashiki/ame-asobiba
https://kyounoko.jp/station/omori-machi/asobiba
https://kyounoko.jp/station/omori-machi/kouen
https://kyounoko.jp/station/omori-machi/ame-asobiba
https://kyounoko.jp/station/heiwajima/asobiba
https://kyounoko.jp/station/heiwajima/kouen
https://kyounoko.jp/station/heiwajima/ame-asobiba
https://kyounoko.jp/station/rokugo-dote/asobiba
https://kyounoko.jp/station/rokugo-dote/kouen
https://kyounoko.jp/station/rokugo-dote/ame-asobiba
https://kyounoko.jp/station/zoshiki/asobiba
https://kyounoko.jp/station/zoshiki/kouen
https://kyounoko.jp/station/zoshiki/ame-asobiba
https://kyounoko.jp/station/kojiya/asobiba
https://kyounoko.jp/station/kojiya/kouen
https://kyounoko.jp/station/kojiya/ame-asobiba
https://kyounoko.jp/station/otorii/asobiba
https://kyounoko.jp/station/otorii/kouen
https://kyounoko.jp/station/otorii/ame-asobiba
https://kyounoko.jp/station/anamori-inari/asobiba
https://kyounoko.jp/station/anamori-inari/kouen
https://kyounoko.jp/station/anamori-inari/ame-asobiba
https://kyounoko.jp/station/tenkubashi/asobiba
https://kyounoko.jp/station/tenkubashi/kouen
https://kyounoko.jp/station/tenkubashi/ame-asobiba
https://kyounoko.jp/station/haneda-airport-t1/asobiba
https://kyounoko.jp/station/haneda-airport-t1/kouen
https://kyounoko.jp/station/haneda-airport-t1/ame-asobiba
https://kyounoko.jp/station/haneda-airport-t2/asobiba
https://kyounoko.jp/station/haneda-airport-t2/kouen
https://kyounoko.jp/station/haneda-airport-t2/ame-asobiba
https://kyounoko.jp/station/haneda-airport-t3/asobiba
https://kyounoko.jp/station/haneda-airport-t3/kouen
https://kyounoko.jp/station/haneda-airport-t3/ame-asobiba
https://kyounoko.jp/station/shin-seibijo/asobiba
https://kyounoko.jp/station/shin-seibijo/kouen
https://kyounoko.jp/station/shin-seibijo/ame-asobiba
https://kyounoko.jp/station/seibijo/asobiba
https://kyounoko.jp/station/seibijo/kouen
https://kyounoko.jp/station/seibijo/ame-asobiba
https://kyounoko.jp/station/showajima/asobiba
https://kyounoko.jp/station/showajima/kouen
https://kyounoko.jp/station/showajima/ame-asobiba
https://kyounoko.jp/station/ryutsu-center/asobiba
https://kyounoko.jp/station/ryutsu-center/kouen
https://kyounoko.jp/station/ryutsu-center/ame-asobiba
https://kyounoko.jp/station/ikegami/asobiba
https://kyounoko.jp/station/ikegami/kouen
https://kyounoko.jp/station/ikegami/ame-asobiba
https://kyounoko.jp/station/hasunuma/asobiba
https://kyounoko.jp/station/hasunuma/kouen
https://kyounoko.jp/station/hasunuma/ame-asobiba
https://kyounoko.jp/station/chidoricho/asobiba
https://kyounoko.jp/station/chidoricho/kouen
https://kyounoko.jp/station/chidoricho/ame-asobiba
https://kyounoko.jp/station/ontakesan/asobiba
https://kyounoko.jp/station/ontakesan/kouen
https://kyounoko.jp/station/ontakesan/ame-asobiba
https://kyounoko.jp/station/kugahara/asobiba
https://kyounoko.jp/station/kugahara/kouen
https://kyounoko.jp/station/kugahara/ame-asobiba
https://kyounoko.jp/station/ishikawadai/asobiba
https://kyounoko.jp/station/ishikawadai/kouen
https://kyounoko.jp/station/ishikawadai/ame-asobiba
https://kyounoko.jp/station/yukigaya-otsuka/asobiba
https://kyounoko.jp/station/yukigaya-otsuka/kouen
https://kyounoko.jp/station/yukigaya-otsuka/ame-asobiba
https://kyounoko.jp/station/denenchofu/asobiba
https://kyounoko.jp/station/denenchofu/kouen
https://kyounoko.jp/station/denenchofu/ame-asobiba
https://kyounoko.jp/station/tamagawa/asobiba
https://kyounoko.jp/station/tamagawa/kouen
https://kyounoko.jp/station/tamagawa/ame-asobiba
https://kyounoko.jp/station/numabe/asobiba
https://kyounoko.jp/station/numabe/kouen
https://kyounoko.jp/station/numabe/ame-asobiba
https://kyounoko.jp/station/unoki/asobiba
https://kyounoko.jp/station/unoki/kouen
https://kyounoko.jp/station/unoki/ame-asobiba
https://kyounoko.jp/station/shimo-maruko/asobiba
https://kyounoko.jp/station/shimo-maruko/kouen
https://kyounoko.jp/station/shimo-maruko/ame-asobiba
https://kyounoko.jp/station/musashi-nitta/asobiba
https://kyounoko.jp/station/musashi-nitta/kouen
https://kyounoko.jp/station/musashi-nitta/ame-asobiba
https://kyounoko.jp/station/yaguchi-no-watashi/asobiba
https://kyounoko.jp/station/yaguchi-no-watashi/kouen
https://kyounoko.jp/station/yaguchi-no-watashi/ame-asobiba
https://kyounoko.jp/station/nishi-magome/asobiba
https://kyounoko.jp/station/nishi-magome/kouen
https://kyounoko.jp/station/nishi-magome/ame-asobiba
https://kyounoko.jp/station/magome/asobiba
https://kyounoko.jp/station/magome/kouen
https://kyounoko.jp/station/magome/ame-asobiba
https://kyounoko.jp/station/oimachi-line-okusawa/asobiba
https://kyounoko.jp/station/oimachi-line-okusawa/kouen
https://kyounoko.jp/station/oimachi-line-okusawa/ame-asobiba
https://kyounoko.jp/station/shimokitazawa/asobiba
https://kyounoko.jp/station/shimokitazawa/kouen
https://kyounoko.jp/station/shimokitazawa/ame-asobiba
https://kyounoko.jp/station/higashi-kitazawa/asobiba
https://kyounoko.jp/station/higashi-kitazawa/kouen
https://kyounoko.jp/station/higashi-kitazawa/ame-asobiba
https://kyounoko.jp/station/setagaya-daita/asobiba
https://kyounoko.jp/station/setagaya-daita/kouen
https://kyounoko.jp/station/setagaya-daita/ame-asobiba
https://kyounoko.jp/station/umegaoka/asobiba
https://kyounoko.jp/station/umegaoka/kouen
https://kyounoko.jp/station/umegaoka/ame-asobiba
https://kyounoko.jp/station/gotokuji/asobiba
https://kyounoko.jp/station/gotokuji/kouen
https://kyounoko.jp/station/gotokuji/ame-asobiba
https://kyounoko.jp/station/kyodo/asobiba
https://kyounoko.jp/station/kyodo/kouen
https://kyounoko.jp/station/kyodo/ame-asobiba
https://kyounoko.jp/station/chitose-funabashi/asobiba
https://kyounoko.jp/station/chitose-funabashi/kouen
https://kyounoko.jp/station/chitose-funabashi/ame-asobiba
https://kyounoko.jp/station/soshigaya-okura/asobiba
https://kyounoko.jp/station/soshigaya-okura/kouen
https://kyounoko.jp/station/soshigaya-okura/ame-asobiba
https://kyounoko.jp/station/seijogakuen-mae/asobiba
https://kyounoko.jp/station/seijogakuen-mae/kouen
https://kyounoko.jp/station/seijogakuen-mae/ame-asobiba
https://kyounoko.jp/station/kitami/asobiba
https://kyounoko.jp/station/kitami/kouen
https://kyounoko.jp/station/kitami/ame-asobiba
https://kyounoko.jp/station/sangenjaya/asobiba
https://kyounoko.jp/station/sangenjaya/kouen
https://kyounoko.jp/station/sangenjaya/ame-asobiba
https://kyounoko.jp/station/komazawa-daigaku/asobiba
https://kyounoko.jp/station/komazawa-daigaku/kouen
https://kyounoko.jp/station/komazawa-daigaku/ame-asobiba
https://kyounoko.jp/station/sakura-shimmachi/asobiba
https://kyounoko.jp/station/sakura-shimmachi/kouen
https://kyounoko.jp/station/sakura-shimmachi/ame-asobiba
https://kyounoko.jp/station/yoga/asobiba
https://kyounoko.jp/station/yoga/kouen
https://kyounoko.jp/station/yoga/ame-asobiba
https://kyounoko.jp/station/futako-tamagawa/asobiba
https://kyounoko.jp/station/futako-tamagawa/kouen
https://kyounoko.jp/station/futako-tamagawa/ame-asobiba
https://kyounoko.jp/station/kaminoge/asobiba
https://kyounoko.jp/station/kaminoge/kouen
https://kyounoko.jp/station/kaminoge/ame-asobiba
https://kyounoko.jp/station/todoroki/asobiba
https://kyounoko.jp/station/todoroki/kouen
https://kyounoko.jp/station/todoroki/ame-asobiba
https://kyounoko.jp/station/oyamadai/asobiba
https://kyounoko.jp/station/oyamadai/kouen
https://kyounoko.jp/station/oyamadai/ame-asobiba
https://kyounoko.jp/station/kuhonbutsu/asobiba
https://kyounoko.jp/station/kuhonbutsu/kouen
https://kyounoko.jp/station/kuhonbutsu/ame-asobiba
https://kyounoko.jp/station/nishi-taishido/asobiba
https://kyounoko.jp/station/nishi-taishido/kouen
https://kyounoko.jp/station/nishi-taishido/ame-asobiba
https://kyounoko.jp/station/wakabayashi/asobiba
https://kyounoko.jp/station/wakabayashi/kouen
https://kyounoko.jp/station/wakabayashi/ame-asobiba
https://kyounoko.jp/station/shoin-jinjamae/asobiba
https://kyounoko.jp/station/shoin-jinjamae/kouen
https://kyounoko.jp/station/shoin-jinjamae/ame-asobiba
https://kyounoko.jp/station/setagaya/asobiba
https://kyounoko.jp/station/setagaya/kouen
https://kyounoko.jp/station/setagaya/ame-asobiba
https://kyounoko.jp/station/kamimachi/asobiba
https://kyounoko.jp/station/kamimachi/kouen
https://kyounoko.jp/station/kamimachi/ame-asobiba
https://kyounoko.jp/station/miyanosaka/asobiba
https://kyounoko.jp/station/miyanosaka/kouen
https://kyounoko.jp/station/miyanosaka/ame-asobiba
https://kyounoko.jp/station/yamashita/asobiba
https://kyounoko.jp/station/yamashita/kouen
https://kyounoko.jp/station/yamashita/ame-asobiba
https://kyounoko.jp/station/matsubara/asobiba
https://kyounoko.jp/station/matsubara/kouen
https://kyounoko.jp/station/matsubara/ame-asobiba
https://kyounoko.jp/station/shimo-takaido/asobiba
https://kyounoko.jp/station/shimo-takaido/kouen
https://kyounoko.jp/station/shimo-takaido/ame-asobiba
https://kyounoko.jp/station/sakurajosui/asobiba
https://kyounoko.jp/station/sakurajosui/kouen
https://kyounoko.jp/station/sakurajosui/ame-asobiba
https://kyounoko.jp/station/kami-kitazawa/asobiba
https://kyounoko.jp/station/kami-kitazawa/kouen
https://kyounoko.jp/station/kami-kitazawa/ame-asobiba
https://kyounoko.jp/station/hachimanyama/asobiba
https://kyounoko.jp/station/hachimanyama/kouen
https://kyounoko.jp/station/hachimanyama/ame-asobiba
https://kyounoko.jp/station/roka-koen/asobiba
https://kyounoko.jp/station/roka-koen/kouen
https://kyounoko.jp/station/roka-koen/ame-asobiba
https://kyounoko.jp/station/chitose-karasuyama/asobiba
https://kyounoko.jp/station/chitose-karasuyama/kouen
https://kyounoko.jp/station/chitose-karasuyama/ame-asobiba
https://kyounoko.jp/station/shindaita/asobiba
https://kyounoko.jp/station/shindaita/kouen
https://kyounoko.jp/station/shindaita/ame-asobiba
https://kyounoko.jp/station/higashi-matsubara/asobiba
https://kyounoko.jp/station/higashi-matsubara/kouen
https://kyounoko.jp/station/higashi-matsubara/ame-asobiba
https://kyounoko.jp/station/meidaimae/asobiba
https://kyounoko.jp/station/meidaimae/kouen
https://kyounoko.jp/station/meidaimae/ame-asobiba
https://kyounoko.jp/station/ikenoue/asobiba
https://kyounoko.jp/station/ikenoue/kouen
https://kyounoko.jp/station/ikenoue/ame-asobiba
https://kyounoko.jp/station/shibuya/asobiba
https://kyounoko.jp/station/shibuya/kouen
https://kyounoko.jp/station/shibuya/ame-asobiba
https://kyounoko.jp/station/harajuku/asobiba
https://kyounoko.jp/station/harajuku/kouen
https://kyounoko.jp/station/harajuku/ame-asobiba
https://kyounoko.jp/station/meiji-jingumae/asobiba
https://kyounoko.jp/station/meiji-jingumae/kouen
https://kyounoko.jp/station/meiji-jingumae/ame-asobiba
https://kyounoko.jp/station/yoyogi/asobiba
https://kyounoko.jp/station/yoyogi/kouen
https://kyounoko.jp/station/yoyogi/ame-asobiba
https://kyounoko.jp/station/yoyogi-koen/asobiba
https://kyounoko.jp/station/yoyogi-koen/kouen
https://kyounoko.jp/station/yoyogi-koen/ame-asobiba
https://kyounoko.jp/station/yoyogi-uehara/asobiba
https://kyounoko.jp/station/yoyogi-uehara/kouen
https://kyounoko.jp/station/yoyogi-uehara/ame-asobiba
https://kyounoko.jp/station/yoyogi-hachiman/asobiba
https://kyounoko.jp/station/yoyogi-hachiman/kouen
https://kyounoko.jp/station/yoyogi-hachiman/ame-asobiba
https://kyounoko.jp/station/sangubashi/asobiba
https://kyounoko.jp/station/sangubashi/kouen
https://kyounoko.jp/station/sangubashi/ame-asobiba
https://kyounoko.jp/station/hatsudai/asobiba
https://kyounoko.jp/station/hatsudai/kouen
https://kyounoko.jp/station/hatsudai/ame-asobiba
https://kyounoko.jp/station/hatagaya/asobiba
https://kyounoko.jp/station/hatagaya/kouen
https://kyounoko.jp/station/hatagaya/ame-asobiba
https://kyounoko.jp/station/sasazuka/asobiba
https://kyounoko.jp/station/sasazuka/kouen
https://kyounoko.jp/station/sasazuka/ame-asobiba
https://kyounoko.jp/station/shinsen/asobiba
https://kyounoko.jp/station/shinsen/kouen
https://kyounoko.jp/station/shinsen/ame-asobiba
https://kyounoko.jp/station/ebisu/asobiba
https://kyounoko.jp/station/ebisu/kouen
https://kyounoko.jp/station/ebisu/ame-asobiba
https://kyounoko.jp/station/daikanyama/asobiba
https://kyounoko.jp/station/daikanyama/kouen
https://kyounoko.jp/station/daikanyama/ame-asobiba
https://kyounoko.jp/station/kita-sando/asobiba
https://kyounoko.jp/station/kita-sando/kouen
https://kyounoko.jp/station/kita-sando/ame-asobiba
https://kyounoko.jp/station/honancho/asobiba
https://kyounoko.jp/station/honancho/kouen
https://kyounoko.jp/station/honancho/ame-asobiba
https://kyounoko.jp/station/koenji/asobiba
https://kyounoko.jp/station/koenji/kouen
https://kyounoko.jp/station/koenji/ame-asobiba
https://kyounoko.jp/station/asagaya/asobiba
https://kyounoko.jp/station/asagaya/kouen
https://kyounoko.jp/station/asagaya/ame-asobiba
https://kyounoko.jp/station/ogikubo/asobiba
https://kyounoko.jp/station/ogikubo/kouen
https://kyounoko.jp/station/ogikubo/ame-asobiba
https://kyounoko.jp/station/nishi-ogikubo/asobiba
https://kyounoko.jp/station/nishi-ogikubo/kouen
https://kyounoko.jp/station/nishi-ogikubo/ame-asobiba
https://kyounoko.jp/station/minami-asagaya/asobiba
https://kyounoko.jp/station/minami-asagaya/kouen
https://kyounoko.jp/station/minami-asagaya/ame-asobiba
https://kyounoko.jp/station/shin-koenji/asobiba
https://kyounoko.jp/station/shin-koenji/kouen
https://kyounoko.jp/station/shin-koenji/ame-asobiba
https://kyounoko.jp/station/higashi-koenji/asobiba
https://kyounoko.jp/station/higashi-koenji/kouen
https://kyounoko.jp/station/higashi-koenji/ame-asobiba
https://kyounoko.jp/station/iogi/asobiba
https://kyounoko.jp/station/iogi/kouen
https://kyounoko.jp/station/iogi/ame-asobiba
https://kyounoko.jp/station/kami-igusa/asobiba
https://kyounoko.jp/station/kami-igusa/kouen
https://kyounoko.jp/station/kami-igusa/ame-asobiba
https://kyounoko.jp/station/shimo-igusa/asobiba
https://kyounoko.jp/station/shimo-igusa/kouen
https://kyounoko.jp/station/shimo-igusa/ame-asobiba
https://kyounoko.jp/station/eifukucho/asobiba
https://kyounoko.jp/station/eifukucho/kouen
https://kyounoko.jp/station/eifukucho/ame-asobiba
https://kyounoko.jp/station/nishi-eifuku/asobiba
https://kyounoko.jp/station/nishi-eifuku/kouen
https://kyounoko.jp/station/nishi-eifuku/ame-asobiba
https://kyounoko.jp/station/hamadayama/asobiba
https://kyounoko.jp/station/hamadayama/kouen
https://kyounoko.jp/station/hamadayama/ame-asobiba
https://kyounoko.jp/station/takaido/asobiba
https://kyounoko.jp/station/takaido/kouen
https://kyounoko.jp/station/takaido/ame-asobiba
https://kyounoko.jp/station/fujimigaoka/asobiba
https://kyounoko.jp/station/fujimigaoka/kouen
https://kyounoko.jp/station/fujimigaoka/ame-asobiba
https://kyounoko.jp/station/kugayama/asobiba
https://kyounoko.jp/station/kugayama/kouen
https://kyounoko.jp/station/kugayama/ame-asobiba
https://kyounoko.jp/station/ikebukuro/asobiba
https://kyounoko.jp/station/ikebukuro/ame-asobiba
https://kyounoko.jp/station/mejiro/asobiba
https://kyounoko.jp/station/mejiro/ame-asobiba
https://kyounoko.jp/station/otsuka/asobiba
https://kyounoko.jp/station/otsuka/ame-asobiba
https://kyounoko.jp/station/sugamo/asobiba
https://kyounoko.jp/station/sugamo/ame-asobiba
https://kyounoko.jp/station/komagome/asobiba
https://kyounoko.jp/station/komagome/ame-asobiba
https://kyounoko.jp/station/higashi-ikebukuro/asobiba
https://kyounoko.jp/station/higashi-ikebukuro/ame-asobiba
https://kyounoko.jp/station/kanamecho/asobiba
https://kyounoko.jp/station/kanamecho/ame-asobiba
https://kyounoko.jp/station/senkawa/asobiba
https://kyounoko.jp/station/senkawa/ame-asobiba
https://kyounoko.jp/station/kita-ikebukuro/asobiba
https://kyounoko.jp/station/kita-ikebukuro/ame-asobiba
https://kyounoko.jp/station/shimo-itabashi/asobiba
https://kyounoko.jp/station/shimo-itabashi/ame-asobiba
https://kyounoko.jp/station/shiinamachi/asobiba
https://kyounoko.jp/station/shiinamachi/ame-asobiba
https://kyounoko.jp/station/higashi-nagasaki/asobiba
https://kyounoko.jp/station/higashi-nagasaki/ame-asobiba
https://kyounoko.jp/station/zoshigaya/asobiba
https://kyounoko.jp/station/zoshigaya/ame-asobiba
https://kyounoko.jp/station/mukohara/asobiba
https://kyounoko.jp/station/mukohara/ame-asobiba
https://kyounoko.jp/station/kishibojinmae/asobiba
https://kyounoko.jp/station/kishibojinmae/ame-asobiba
https://kyounoko.jp/station/gakushuin-shita/asobiba
https://kyounoko.jp/station/gakushuin-shita/ame-asobiba
https://kyounoko.jp/station/omokagebashi/asobiba
https://kyounoko.jp/station/omokagebashi/kouen
https://kyounoko.jp/station/omokagebashi/ame-asobiba
https://kyounoko.jp/station/waseda-toden/asobiba
https://kyounoko.jp/station/waseda-toden/kouen
https://kyounoko.jp/station/waseda-toden/ame-asobiba
https://kyounoko.jp/station/higashi-ikebukuro-yonchome/asobiba
https://kyounoko.jp/station/higashi-ikebukuro-yonchome/ame-asobiba
https://kyounoko.jp/station/koshinzuka/asobiba
https://kyounoko.jp/station/koshinzuka/ame-asobiba
https://kyounoko.jp/station/shin-koshinzuka/asobiba
https://kyounoko.jp/station/shin-koshinzuka/ame-asobiba
https://kyounoko.jp/station/nippori/kouen
https://kyounoko.jp/station/nishi-nippori/kouen
https://kyounoko.jp/station/mikawashima/kouen
https://kyounoko.jp/station/minami-senju/kouen
https://kyounoko.jp/station/minowabashi/kouen
https://kyounoko.jp/station/machiya/kouen
https://kyounoko.jp/station/machiya-ekimae/kouen
https://kyounoko.jp/station/arakawa-kuyakushomae/kouen
https://kyounoko.jp/station/arakawa-nichome/kouen
https://kyounoko.jp/station/arakawa-shakomae/kouen
https://kyounoko.jp/station/arakawa-yuenchi-mae/kouen
https://kyounoko.jp/station/arakawa-itchumae/kouen
https://kyounoko.jp/station/higashi-ogu-sanchome/kouen
https://kyounoko.jp/station/kumano-mae/kouen
https://kyounoko.jp/station/akado-shogakko-mae/kouen
https://kyounoko.jp/station/odai/kouen
https://kyounoko.jp/station/itabashi/asobiba
https://kyounoko.jp/station/itabashi/kouen
https://kyounoko.jp/station/itabashi-kuyakushomae/asobiba
https://kyounoko.jp/station/itabashi-kuyakushomae/kouen
https://kyounoko.jp/station/itabashi-honcho/asobiba
https://kyounoko.jp/station/itabashi-honcho/kouen
https://kyounoko.jp/station/motohasunuma/asobiba
https://kyounoko.jp/station/motohasunuma/kouen
https://kyounoko.jp/station/shimura-sakaue/asobiba
https://kyounoko.jp/station/shimura-sakaue/kouen
https://kyounoko.jp/station/shimura-sanchome/asobiba
https://kyounoko.jp/station/shimura-sanchome/kouen
https://kyounoko.jp/station/hasune/asobiba
https://kyounoko.jp/station/hasune/kouen
https://kyounoko.jp/station/nishidai/asobiba
https://kyounoko.jp/station/nishidai/kouen
https://kyounoko.jp/station/takashimadaira/asobiba
https://kyounoko.jp/station/takashimadaira/kouen
https://kyounoko.jp/station/shin-takashimadaira/asobiba
https://kyounoko.jp/station/shin-takashimadaira/kouen
https://kyounoko.jp/station/nishi-takashimadaira/asobiba
https://kyounoko.jp/station/nishi-takashimadaira/kouen
https://kyounoko.jp/station/naka-itabashi/asobiba
https://kyounoko.jp/station/naka-itabashi/kouen
https://kyounoko.jp/station/tokiwadai/asobiba
https://kyounoko.jp/station/tokiwadai/kouen
https://kyounoko.jp/station/kami-itabashi/asobiba
https://kyounoko.jp/station/kami-itabashi/kouen
https://kyounoko.jp/station/tobu-nerima/asobiba
https://kyounoko.jp/station/tobu-nerima/kouen
https://kyounoko.jp/station/shimo-akatsuka/asobiba
https://kyounoko.jp/station/shimo-akatsuka/kouen
https://kyounoko.jp/station/narimasu/asobiba
https://kyounoko.jp/station/narimasu/kouen
https://kyounoko.jp/station/chikatetsu-narimasu/asobiba
https://kyounoko.jp/station/chikatetsu-narimasu/kouen
https://kyounoko.jp/station/chikatetsu-akatsuka/asobiba
https://kyounoko.jp/station/chikatetsu-akatsuka/kouen
https://kyounoko.jp/station/shin-itabashi/asobiba
https://kyounoko.jp/station/shin-itabashi/kouen
https://kyounoko.jp/station/nerima/kouen
https://kyounoko.jp/station/toshimaen/kouen
https://kyounoko.jp/station/nerima-kasugacho/kouen
https://kyounoko.jp/station/hikarigaoka/kouen
https://kyounoko.jp/station/shakujii-koen/kouen
https://kyounoko.jp/station/oizumi-gakuen/kouen
https://kyounoko.jp/station/sakuradai/kouen
https://kyounoko.jp/station/ekoda/kouen
https://kyounoko.jp/station/fujimidai/kouen
https://kyounoko.jp/station/nerima-takanodai/kouen
https://kyounoko.jp/station/kami-shakujii/kouen
https://kyounoko.jp/station/musashi-seki/kouen
https://kyounoko.jp/station/nakamurabashi/kouen
https://kyounoko.jp/station/kita-senju/asobiba
https://kyounoko.jp/station/kita-senju/kouen
https://kyounoko.jp/station/kita-senju/ame-asobiba
https://kyounoko.jp/station/ayase/asobiba
https://kyounoko.jp/station/ayase/kouen
https://kyounoko.jp/station/ayase/ame-asobiba
https://kyounoko.jp/station/kita-ayase/asobiba
https://kyounoko.jp/station/kita-ayase/kouen
https://kyounoko.jp/station/kita-ayase/ame-asobiba
https://kyounoko.jp/station/gotanno/asobiba
https://kyounoko.jp/station/gotanno/kouen
https://kyounoko.jp/station/gotanno/ame-asobiba
https://kyounoko.jp/station/umejima/asobiba
https://kyounoko.jp/station/umejima/kouen
https://kyounoko.jp/station/umejima/ame-asobiba
https://kyounoko.jp/station/nishiarai/asobiba
https://kyounoko.jp/station/nishiarai/kouen
https://kyounoko.jp/station/nishiarai/ame-asobiba
https://kyounoko.jp/station/daishimae/asobiba
https://kyounoko.jp/station/daishimae/kouen
https://kyounoko.jp/station/daishimae/ame-asobiba
https://kyounoko.jp/station/takenotsuka/asobiba
https://kyounoko.jp/station/takenotsuka/kouen
https://kyounoko.jp/station/takenotsuka/ame-asobiba
https://kyounoko.jp/station/kosuge/asobiba
https://kyounoko.jp/station/kosuge/kouen
https://kyounoko.jp/station/kosuge/ame-asobiba
https://kyounoko.jp/station/horikiri/asobiba
https://kyounoko.jp/station/horikiri/kouen
https://kyounoko.jp/station/horikiri/ame-asobiba
https://kyounoko.jp/station/toneri/asobiba
https://kyounoko.jp/station/toneri/kouen
https://kyounoko.jp/station/toneri/ame-asobiba
https://kyounoko.jp/station/toneri-koen/asobiba
https://kyounoko.jp/station/toneri-koen/kouen
https://kyounoko.jp/station/toneri-koen/ame-asobiba
https://kyounoko.jp/station/minumadai-shinsuikoen/asobiba
https://kyounoko.jp/station/minumadai-shinsuikoen/kouen
https://kyounoko.jp/station/minumadai-shinsuikoen/ame-asobiba
https://kyounoko.jp/station/yazaike/asobiba
https://kyounoko.jp/station/yazaike/kouen
https://kyounoko.jp/station/yazaike/ame-asobiba
https://kyounoko.jp/station/kohoku/asobiba
https://kyounoko.jp/station/kohoku/kouen
https://kyounoko.jp/station/kohoku/ame-asobiba
https://kyounoko.jp/station/nishiarai-daishi-nishi/asobiba
https://kyounoko.jp/station/nishiarai-daishi-nishi/kouen
https://kyounoko.jp/station/nishiarai-daishi-nishi/ame-asobiba
https://kyounoko.jp/station/adachi-odai/asobiba
https://kyounoko.jp/station/adachi-odai/kouen
https://kyounoko.jp/station/adachi-odai/ame-asobiba
https://kyounoko.jp/station/oji-shinden/asobiba
https://kyounoko.jp/station/oji-shinden/kouen
https://kyounoko.jp/station/oji-shinden/ame-asobiba
https://kyounoko.jp/station/ushida/asobiba
https://kyounoko.jp/station/ushida/kouen
https://kyounoko.jp/station/ushida/ame-asobiba
https://kyounoko.jp/station/keisei-sekiya/asobiba
https://kyounoko.jp/station/keisei-sekiya/kouen
https://kyounoko.jp/station/keisei-sekiya/ame-asobiba
https://kyounoko.jp/station/horikiri-keisei/kouen
https://kyounoko.jp/station/kameari/kouen
https://kyounoko.jp/station/kanamachi/kouen
https://kyounoko.jp/station/keisei-kanamachi/kouen
https://kyounoko.jp/station/shibamata/kouen
https://kyounoko.jp/station/keisei-takasago/kouen
https://kyounoko.jp/station/aoto/kouen
https://kyounoko.jp/station/keisei-tateishi/kouen
https://kyounoko.jp/station/yotsugi/kouen
https://kyounoko.jp/station/ohanajaya/kouen
https://kyounoko.jp/station/shin-koiwa/kouen
https://kyounoko.jp/station/koiwa/asobiba
https://kyounoko.jp/station/koiwa/kouen
https://kyounoko.jp/station/koiwa/ame-asobiba
https://kyounoko.jp/station/keisei-koiwa/asobiba
https://kyounoko.jp/station/keisei-koiwa/kouen
https://kyounoko.jp/station/keisei-koiwa/ame-asobiba
https://kyounoko.jp/station/edogawa/asobiba
https://kyounoko.jp/station/edogawa/kouen
https://kyounoko.jp/station/edogawa/ame-asobiba
https://kyounoko.jp/station/shinozaki/asobiba
https://kyounoko.jp/station/shinozaki/kouen
https://kyounoko.jp/station/shinozaki/ame-asobiba
https://kyounoko.jp/station/mizue/asobiba
https://kyounoko.jp/station/mizue/kouen
https://kyounoko.jp/station/mizue/ame-asobiba
https://kyounoko.jp/station/ichinoe/asobiba
https://kyounoko.jp/station/ichinoe/kouen
https://kyounoko.jp/station/ichinoe/ame-asobiba
https://kyounoko.jp/station/funabori/asobiba
https://kyounoko.jp/station/funabori/kouen
https://kyounoko.jp/station/funabori/ame-asobiba
https://kyounoko.jp/station/kasai/asobiba
https://kyounoko.jp/station/kasai/kouen
https://kyounoko.jp/station/kasai/ame-asobiba
https://kyounoko.jp/station/nishi-kasai/asobiba
https://kyounoko.jp/station/nishi-kasai/kouen
https://kyounoko.jp/station/nishi-kasai/ame-asobiba
https://kyounoko.jp/station/kasai-rinkai-koen/asobiba
https://kyounoko.jp/station/kasai-rinkai-koen/kouen
https://kyounoko.jp/station/kasai-rinkai-koen/ame-asobiba
https://kyounoko.jp/station/sugamo-shinden/asobiba
https://kyounoko.jp/station/sugamo-shinden/ame-asobiba
https://kyounoko.jp/station/otsuka-ekimae/asobiba
https://kyounoko.jp/station/otsuka-ekimae/ame-asobiba
https://kyounoko.jp/station/nishi-sugamo/asobiba
https://kyounoko.jp/station/nishi-sugamo/ame-asobiba
https://kyounoko.jp/station/kotake-mukaihara/kouen
https://kyounoko.jp/station/shin-sakuradai/kouen
https://kyounoko.jp/station/osaki-hirokoji/asobiba
https://kyounoko.jp/station/osaki-hirokoji/kouen
https://kyounoko.jp/station/osaki-hirokoji/ame-asobiba
https://kyounoko.jp/station/aoi/asobiba
https://kyounoko.jp/station/aoi/kouen
https://kyounoko.jp/station/aoi/ame-asobiba
https://kyounoko.jp/station/rokucho/asobiba
https://kyounoko.jp/station/rokucho/kouen
https://kyounoko.jp/station/rokucho/ame-asobiba
https://kyounoko.jp/station/senju-ohashi/asobiba
https://kyounoko.jp/station/senju-ohashi/kouen
https://kyounoko.jp/station/senju-ohashi/ame-asobiba
https://kyounoko.jp/station/shin-mikawashima/kouen
https://kyounoko.jp/station/daitabashi/asobiba
https://kyounoko.jp/station/daitabashi/kouen
https://kyounoko.jp/station/daitabashi/ame-asobiba
https://kyounoko.jp/station/shinsen-shinjuku/asobiba
https://kyounoko.jp/station/shinsen-shinjuku/kouen
https://kyounoko.jp/station/shinsen-shinjuku/ame-asobiba
https://kyounoko.jp/station/oyama/asobiba
https://kyounoko.jp/station/oyama/kouen
https://kyounoko.jp/station/hikawadai/kouen
https://kyounoko.jp/station/heiwadai/kouen
https://kyounoko.jp/station/sakuradamon/asobiba
https://kyounoko.jp/station/sakuradamon/kouen
https://kyounoko.jp/station/sakuradamon/ame-asobiba
https://kyounoko.jp/station/kita-senzoku/asobiba
https://kyounoko.jp/station/kita-senzoku/kouen
https://kyounoko.jp/station/kita-senzoku/ame-asobiba
https://kyounoko.jp/station/ikejiri-ohashi/asobiba
https://kyounoko.jp/station/ikejiri-ohashi/kouen
https://kyounoko.jp/station/ikejiri-ohashi/ame-asobiba
https://kyounoko.jp/station/nagahara/asobiba
https://kyounoko.jp/station/nagahara/kouen
https://kyounoko.jp/station/nagahara/ame-asobiba
https://kyounoko.jp/station/senzoku-ike/asobiba
https://kyounoko.jp/station/senzoku-ike/kouen
https://kyounoko.jp/station/senzoku-ike/ame-asobiba
https://kyounoko.jp/station/takaracho/asobiba
https://kyounoko.jp/station/takaracho/ame-asobiba
https://kyounoko.jp/station/uchi-saiwaicho/asobiba
https://kyounoko.jp/station/uchi-saiwaicho/kouen
https://kyounoko.jp/station/uchi-saiwaicho/ame-asobiba
https://kyounoko.jp/station/shiodome/asobiba
https://kyounoko.jp/station/shiodome/kouen
https://kyounoko.jp/station/shiodome/ame-asobiba
https://kyounoko.jp/station/takanosuke/asobiba
https://kyounoko.jp/station/takanosuke/kouen
https://kyounoko.jp/station/takanosuke/ame-asobiba
https://kyounoko.jp/station/arakawa-nanachome/kouen
https://kyounoko.jp/station/machiya-nichome/kouen
https://kyounoko.jp/station/miyanomae/kouen
https://kyounoko.jp/station/toden-zoshigaya/asobiba
https://kyounoko.jp/station/toden-zoshigaya/ame-asobiba
https://kyounoko.jp/station/shin-nihombashi/asobiba
https://kyounoko.jp/station/shin-nihombashi/ame-asobiba
https://kyounoko.jp/station/shin-shibamata/kouen
https://kyounoko.jp/station/osaka-umeda/asobiba
https://kyounoko.jp/station/osaka-umeda/ame-asobiba
https://kyounoko.jp/station/osaka-namba/asobiba
https://kyounoko.jp/station/osaka-namba/ame-asobiba
https://kyounoko.jp/station/osaka-tennoji/asobiba
https://kyounoko.jp/station/osaka-tennoji/ame-asobiba
https://kyounoko.jp/station/osaka-shinsaibashi/asobiba
https://kyounoko.jp/station/osaka-shinsaibashi/ame-asobiba
https://kyounoko.jp/station/osaka-honmachi/asobiba
https://kyounoko.jp/station/osaka-honmachi/ame-asobiba
https://kyounoko.jp/station/osaka-kyobashi/asobiba
https://kyounoko.jp/station/osaka-kyobashi/ame-asobiba
https://kyounoko.jp/station/osaka-fukushima/asobiba
https://kyounoko.jp/station/osaka-fukushima/ame-asobiba
https://kyounoko.jp/station/osaka-nakazakicho/asobiba
https://kyounoko.jp/station/osaka-nakazakicho/ame-asobiba
https://kyounoko.jp/station/kyoto-station/asobiba
https://kyounoko.jp/station/kyoto-station/kouen
https://kyounoko.jp/station/kyoto-station/ame-asobiba
https://kyounoko.jp/station/kyoto-kawaramachi/asobiba
https://kyounoko.jp/station/kyoto-kawaramachi/kouen
https://kyounoko.jp/station/kyoto-kawaramachi/ame-asobiba
https://kyounoko.jp/station/kyoto-shijo/asobiba
https://kyounoko.jp/station/kyoto-shijo/kouen
https://kyounoko.jp/station/kyoto-shijo/ame-asobiba
https://kyounoko.jp/station/kyoto-arashiyama/asobiba
https://kyounoko.jp/station/kyoto-arashiyama/kouen
https://kyounoko.jp/station/kyoto-arashiyama/ame-asobiba
https://kyounoko.jp/station/kyoto-kitaoji/asobiba
https://kyounoko.jp/station/kyoto-kitaoji/kouen
https://kyounoko.jp/station/kyoto-kitaoji/ame-asobiba
https://kyounoko.jp/station/kobe-sannomiya/asobiba
https://kyounoko.jp/station/kobe-sannomiya/ame-asobiba
https://kyounoko.jp/station/kobe-motomachi/asobiba
https://kyounoko.jp/station/kobe-motomachi/ame-asobiba
https://kyounoko.jp/station/kobe-harborland/asobiba
https://kyounoko.jp/station/kobe-harborland/ame-asobiba
https://kyounoko.jp/station/kobe-rokko/asobiba
https://kyounoko.jp/station/kobe-rokko/ame-asobiba
https://kyounoko.jp/station/kobe-okamoto/asobiba
https://kyounoko.jp/station/kobe-okamoto/ame-asobiba
https://kyounoko.jp/station/yokohama/asobiba
https://kyounoko.jp/station/yokohama/kouen
https://kyounoko.jp/station/yokohama/ame-asobiba
https://kyounoko.jp/station/minato-mirai/asobiba
https://kyounoko.jp/station/minato-mirai/kouen
https://kyounoko.jp/station/minato-mirai/ame-asobiba
https://kyounoko.jp/station/sakuragicho/asobiba
https://kyounoko.jp/station/sakuragicho/kouen
https://kyounoko.jp/station/sakuragicho/ame-asobiba
https://kyounoko.jp/station/kannai/asobiba
https://kyounoko.jp/station/kannai/kouen
https://kyounoko.jp/station/kannai/ame-asobiba
https://kyounoko.jp/station/motomachi-chukagai/asobiba
https://kyounoko.jp/station/motomachi-chukagai/kouen
https://kyounoko.jp/station/motomachi-chukagai/ame-asobiba
https://kyounoko.jp/station/shin-yokohama/asobiba
https://kyounoko.jp/station/shin-yokohama/kouen
https://kyounoko.jp/station/shin-yokohama/ame-asobiba
https://kyounoko.jp/station/hiyoshi/asobiba
https://kyounoko.jp/station/hiyoshi/kouen
https://kyounoko.jp/station/hiyoshi/ame-asobiba
https://kyounoko.jp/station/tsunashima/asobiba
https://kyounoko.jp/station/tsunashima/kouen
https://kyounoko.jp/station/tsunashima/ame-asobiba
https://kyounoko.jp/station/kikuna/asobiba
https://kyounoko.jp/station/kikuna/kouen
https://kyounoko.jp/station/kikuna/ame-asobiba
https://kyounoko.jp/station/center-kita/asobiba
https://kyounoko.jp/station/center-kita/kouen
https://kyounoko.jp/station/center-kita/ame-asobiba
https://kyounoko.jp/station/center-minami/asobiba
https://kyounoko.jp/station/center-minami/kouen
https://kyounoko.jp/station/center-minami/ame-asobiba
https://kyounoko.jp/station/azamino/asobiba
https://kyounoko.jp/station/azamino/kouen
https://kyounoko.jp/station/azamino/ame-asobiba
https://kyounoko.jp/station/tama-plaza/asobiba
https://kyounoko.jp/station/tama-plaza/kouen
https://kyounoko.jp/station/tama-plaza/ame-asobiba
https://kyounoko.jp/station/saginuma/asobiba
https://kyounoko.jp/station/saginuma/kouen
https://kyounoko.jp/station/saginuma/ame-asobiba
https://kyounoko.jp/station/mizonokuchi/asobiba
https://kyounoko.jp/station/mizonokuchi/kouen
https://kyounoko.jp/station/mizonokuchi/ame-asobiba
https://kyounoko.jp/station/futako-shinchi/asobiba
https://kyounoko.jp/station/futako-shinchi/kouen
https://kyounoko.jp/station/futako-shinchi/ame-asobiba
https://kyounoko.jp/station/kawasaki/asobiba
https://kyounoko.jp/station/kawasaki/kouen
https://kyounoko.jp/station/kawasaki/ame-asobiba
https://kyounoko.jp/station/musashi-kosugi/asobiba
https://kyounoko.jp/station/musashi-kosugi/kouen
https://kyounoko.jp/station/musashi-kosugi/ame-asobiba
https://kyounoko.jp/station/noborito/asobiba
https://kyounoko.jp/station/noborito/kouen
https://kyounoko.jp/station/noborito/ame-asobiba
https://kyounoko.jp/station/shin-yurigaoka/asobiba
https://kyounoko.jp/station/shin-yurigaoka/kouen
https://kyounoko.jp/station/shin-yurigaoka/ame-asobiba
https://kyounoko.jp/station/fujisawa/asobiba
https://kyounoko.jp/station/fujisawa/kouen
https://kyounoko.jp/station/fujisawa/ame-asobiba
https://kyounoko.jp/station/shonan-daira/asobiba
https://kyounoko.jp/station/shonan-daira/kouen
https://kyounoko.jp/station/shonan-daira/ame-asobiba
https://kyounoko.jp/station/odawara/asobiba
https://kyounoko.jp/station/odawara/kouen
https://kyounoko.jp/station/odawara/ame-asobiba
https://kyounoko.jp/station/omiya/asobiba
https://kyounoko.jp/station/omiya/kouen
https://kyounoko.jp/station/omiya/ame-asobiba
https://kyounoko.jp/station/urawa/asobiba
https://kyounoko.jp/station/urawa/kouen
https://kyounoko.jp/station/urawa/ame-asobiba
https://kyounoko.jp/station/kawaguchi/asobiba
https://kyounoko.jp/station/kawaguchi/kouen
https://kyounoko.jp/station/kawaguchi/ame-asobiba
https://kyounoko.jp/station/nishi-kawaguchi/asobiba
https://kyounoko.jp/station/nishi-kawaguchi/kouen
https://kyounoko.jp/station/nishi-kawaguchi/ame-asobiba
https://kyounoko.jp/station/soka/asobiba
https://kyounoko.jp/station/soka/kouen
https://kyounoko.jp/station/soka/ame-asobiba
https://kyounoko.jp/station/kawagoe/asobiba
https://kyounoko.jp/station/kawagoe/kouen
https://kyounoko.jp/station/kawagoe/ame-asobiba
https://kyounoko.jp/station/tokorozawa/asobiba
https://kyounoko.jp/station/tokorozawa/kouen
https://kyounoko.jp/station/tokorozawa/ame-asobiba
https://kyounoko.jp/station/kasukabe/asobiba
https://kyounoko.jp/station/kasukabe/kouen
https://kyounoko.jp/station/kasukabe/ame-asobiba
https://kyounoko.jp/station/koshigaya/asobiba
https://kyounoko.jp/station/koshigaya/kouen
https://kyounoko.jp/station/koshigaya/ame-asobiba
https://kyounoko.jp/station/koshigaya-laketown/asobiba
https://kyounoko.jp/station/koshigaya-laketown/kouen
https://kyounoko.jp/station/koshigaya-laketown/ame-asobiba
https://kyounoko.jp/station/musashi-urawa/asobiba
https://kyounoko.jp/station/musashi-urawa/kouen
https://kyounoko.jp/station/musashi-urawa/ame-asobiba
https://kyounoko.jp/station/kita-urawa/asobiba
https://kyounoko.jp/station/kita-urawa/kouen
https://kyounoko.jp/station/kita-urawa/ame-asobiba
https://kyounoko.jp/station/asaka/asobiba
https://kyounoko.jp/station/asaka/kouen
https://kyounoko.jp/station/asaka/ame-asobiba
https://kyounoko.jp/station/wako-shi/asobiba
https://kyounoko.jp/station/wako-shi/kouen
https://kyounoko.jp/station/wako-shi/ame-asobiba
https://kyounoko.jp/station/shiki/asobiba
https://kyounoko.jp/station/shiki/kouen
https://kyounoko.jp/station/shiki/ame-asobiba
https://kyounoko.jp/station/chiba/asobiba
https://kyounoko.jp/station/chiba/kouen
https://kyounoko.jp/station/chiba/ame-asobiba
https://kyounoko.jp/station/funabashi/asobiba
https://kyounoko.jp/station/funabashi/kouen
https://kyounoko.jp/station/funabashi/ame-asobiba
https://kyounoko.jp/station/kashiwa/asobiba
https://kyounoko.jp/station/kashiwa/kouen
https://kyounoko.jp/station/kashiwa/ame-asobiba
https://kyounoko.jp/station/matsudo/asobiba
https://kyounoko.jp/station/matsudo/kouen
https://kyounoko.jp/station/matsudo/ame-asobiba
https://kyounoko.jp/station/tsudanuma/asobiba
https://kyounoko.jp/station/tsudanuma/kouen
https://kyounoko.jp/station/tsudanuma/ame-asobiba
https://kyounoko.jp/station/ichikawa/asobiba
https://kyounoko.jp/station/ichikawa/kouen
https://kyounoko.jp/station/ichikawa/ame-asobiba
https://kyounoko.jp/station/urayasu/asobiba
https://kyounoko.jp/station/urayasu/kouen
https://kyounoko.jp/station/urayasu/ame-asobiba
https://kyounoko.jp/station/maihama/asobiba
https://kyounoko.jp/station/maihama/kouen
https://kyounoko.jp/station/maihama/ame-asobiba
https://kyounoko.jp/station/minami-funabashi/asobiba
https://kyounoko.jp/station/minami-funabashi/kouen
https://kyounoko.jp/station/minami-funabashi/ame-asobiba
https://kyounoko.jp/station/kaihimmakuhari/asobiba
https://kyounoko.jp/station/kaihimmakuhari/kouen
https://kyounoko.jp/station/kaihimmakuhari/ame-asobiba
https://kyounoko.jp/station/nishi-funabashi/asobiba
https://kyounoko.jp/station/nishi-funabashi/kouen
https://kyounoko.jp/station/nishi-funabashi/ame-asobiba
https://kyounoko.jp/station/nagareyama-otakanomori/asobiba
https://kyounoko.jp/station/nagareyama-otakanomori/kouen
https://kyounoko.jp/station/nagareyama-otakanomori/ame-asobiba
https://kyounoko.jp/station/kashiwa-no-ha-campus/asobiba
https://kyounoko.jp/station/kashiwa-no-ha-campus/kouen
https://kyounoko.jp/station/kashiwa-no-ha-campus/ame-asobiba
https://kyounoko.jp/station/inage/asobiba
https://kyounoko.jp/station/inage/kouen
https://kyounoko.jp/station/inage/ame-asobiba
https://kyounoko.jp/station/abiko/asobiba
https://kyounoko.jp/station/abiko/kouen
https://kyounoko.jp/station/abiko/ame-asobiba
# submitted at 2026-05-19T19:26:46.357Z (2321 URLs)
https://kyounoko.jp/station/tokyo/asobiba
https://kyounoko.jp/station/tokyo/kouen
https://kyounoko.jp/station/tokyo/ame-asobiba
https://kyounoko.jp/station/akihabara/asobiba
https://kyounoko.jp/station/akihabara/kouen
https://kyounoko.jp/station/akihabara/ame-asobiba
https://kyounoko.jp/station/kanda/asobiba
https://kyounoko.jp/station/kanda/kouen
https://kyounoko.jp/station/kanda/ame-asobiba
https://kyounoko.jp/station/yurakucho/asobiba
https://kyounoko.jp/station/yurakucho/kouen
https://kyounoko.jp/station/yurakucho/ame-asobiba
https://kyounoko.jp/station/iidabashi/asobiba
https://kyounoko.jp/station/iidabashi/kouen
https://kyounoko.jp/station/iidabashi/ame-asobiba
https://kyounoko.jp/station/ichigaya/asobiba
https://kyounoko.jp/station/ichigaya/kouen
https://kyounoko.jp/station/ichigaya/ame-asobiba
https://kyounoko.jp/station/yotsuya/asobiba
https://kyounoko.jp/station/yotsuya/kouen
https://kyounoko.jp/station/yotsuya/ame-asobiba
https://kyounoko.jp/station/ochanomizu/asobiba
https://kyounoko.jp/station/ochanomizu/kouen
https://kyounoko.jp/station/ochanomizu/ame-asobiba
https://kyounoko.jp/station/shin-ochanomizu/asobiba
https://kyounoko.jp/station/shin-ochanomizu/kouen
https://kyounoko.jp/station/shin-ochanomizu/ame-asobiba
https://kyounoko.jp/station/awajicho/asobiba
https://kyounoko.jp/station/awajicho/kouen
https://kyounoko.jp/station/awajicho/ame-asobiba
https://kyounoko.jp/station/ogawamachi/asobiba
https://kyounoko.jp/station/ogawamachi/kouen
https://kyounoko.jp/station/ogawamachi/ame-asobiba
https://kyounoko.jp/station/iwamotocho/asobiba
https://kyounoko.jp/station/iwamotocho/kouen
https://kyounoko.jp/station/iwamotocho/ame-asobiba
https://kyounoko.jp/station/otemachi/asobiba
https://kyounoko.jp/station/otemachi/kouen
https://kyounoko.jp/station/otemachi/ame-asobiba
https://kyounoko.jp/station/nijubashimae/asobiba
https://kyounoko.jp/station/nijubashimae/kouen
https://kyounoko.jp/station/nijubashimae/ame-asobiba
https://kyounoko.jp/station/hibiya/asobiba
https://kyounoko.jp/station/hibiya/kouen
https://kyounoko.jp/station/hibiya/ame-asobiba
https://kyounoko.jp/station/kasumigaseki/asobiba
https://kyounoko.jp/station/kasumigaseki/kouen
https://kyounoko.jp/station/kasumigaseki/ame-asobiba
https://kyounoko.jp/station/kokkai-gijidomae/asobiba
https://kyounoko.jp/station/kokkai-gijidomae/kouen
https://kyounoko.jp/station/kokkai-gijidomae/ame-asobiba
https://kyounoko.jp/station/nagatacho/asobiba
https://kyounoko.jp/station/nagatacho/kouen
https://kyounoko.jp/station/nagatacho/ame-asobiba
https://kyounoko.jp/station/akasaka-mitsuke/asobiba
https://kyounoko.jp/station/akasaka-mitsuke/kouen
https://kyounoko.jp/station/akasaka-mitsuke/ame-asobiba
https://kyounoko.jp/station/hanzomon/asobiba
https://kyounoko.jp/station/hanzomon/kouen
https://kyounoko.jp/station/hanzomon/ame-asobiba
https://kyounoko.jp/station/kojimachi/asobiba
https://kyounoko.jp/station/kojimachi/kouen
https://kyounoko.jp/station/kojimachi/ame-asobiba
https://kyounoko.jp/station/kudanshita/asobiba
https://kyounoko.jp/station/kudanshita/kouen
https://kyounoko.jp/station/kudanshita/ame-asobiba
https://kyounoko.jp/station/jimbocho/asobiba
https://kyounoko.jp/station/jimbocho/kouen
https://kyounoko.jp/station/jimbocho/ame-asobiba
https://kyounoko.jp/station/takebashi/asobiba
https://kyounoko.jp/station/takebashi/kouen
https://kyounoko.jp/station/takebashi/ame-asobiba
https://kyounoko.jp/station/suidobashi/asobiba
https://kyounoko.jp/station/suidobashi/kouen
https://kyounoko.jp/station/suidobashi/ame-asobiba
https://kyounoko.jp/station/ginza/asobiba
https://kyounoko.jp/station/ginza/ame-asobiba
https://kyounoko.jp/station/ginza-itchome/asobiba
https://kyounoko.jp/station/ginza-itchome/ame-asobiba
https://kyounoko.jp/station/higashi-ginza/asobiba
https://kyounoko.jp/station/higashi-ginza/ame-asobiba
https://kyounoko.jp/station/nihombashi/asobiba
https://kyounoko.jp/station/nihombashi/ame-asobiba
https://kyounoko.jp/station/mitsukoshimae/asobiba
https://kyounoko.jp/station/mitsukoshimae/ame-asobiba
https://kyounoko.jp/station/shintomicho/asobiba
https://kyounoko.jp/station/shintomicho/ame-asobiba
https://kyounoko.jp/station/tsukiji/asobiba
https://kyounoko.jp/station/tsukiji/ame-asobiba
https://kyounoko.jp/station/tsukijishijo/asobiba
https://kyounoko.jp/station/tsukijishijo/ame-asobiba
https://kyounoko.jp/station/tsukishima/asobiba
https://kyounoko.jp/station/tsukishima/ame-asobiba
https://kyounoko.jp/station/kachidoki/asobiba
https://kyounoko.jp/station/kachidoki/ame-asobiba
https://kyounoko.jp/station/kayabacho/asobiba
https://kyounoko.jp/station/kayabacho/ame-asobiba
https://kyounoko.jp/station/hatchobori/asobiba
https://kyounoko.jp/station/hatchobori/ame-asobiba
https://kyounoko.jp/station/suitengumae/asobiba
https://kyounoko.jp/station/suitengumae/ame-asobiba
https://kyounoko.jp/station/ningyocho/asobiba
https://kyounoko.jp/station/ningyocho/ame-asobiba
https://kyounoko.jp/station/kodemmacho/asobiba
https://kyounoko.jp/station/kodemmacho/ame-asobiba
https://kyounoko.jp/station/bakuroyokoyama/asobiba
https://kyounoko.jp/station/bakuroyokoyama/ame-asobiba
https://kyounoko.jp/station/bakurocho/asobiba
https://kyounoko.jp/station/bakurocho/ame-asobiba
https://kyounoko.jp/station/higashi-nihombashi/asobiba
https://kyounoko.jp/station/higashi-nihombashi/ame-asobiba
https://kyounoko.jp/station/hamacho/asobiba
https://kyounoko.jp/station/hamacho/ame-asobiba
https://kyounoko.jp/station/shinagawa/asobiba
https://kyounoko.jp/station/shinagawa/kouen
https://kyounoko.jp/station/shinagawa/ame-asobiba
https://kyounoko.jp/station/shimbashi/asobiba
https://kyounoko.jp/station/shimbashi/kouen
https://kyounoko.jp/station/shimbashi/ame-asobiba
https://kyounoko.jp/station/tamachi/asobiba
https://kyounoko.jp/station/tamachi/kouen
https://kyounoko.jp/station/tamachi/ame-asobiba
https://kyounoko.jp/station/mita/asobiba
https://kyounoko.jp/station/mita/kouen
https://kyounoko.jp/station/mita/ame-asobiba
https://kyounoko.jp/station/hamamatsucho/asobiba
https://kyounoko.jp/station/hamamatsucho/kouen
https://kyounoko.jp/station/hamamatsucho/ame-asobiba
https://kyounoko.jp/station/daimon/asobiba
https://kyounoko.jp/station/daimon/kouen
https://kyounoko.jp/station/daimon/ame-asobiba
https://kyounoko.jp/station/shibakoen/asobiba
https://kyounoko.jp/station/shibakoen/kouen
https://kyounoko.jp/station/shibakoen/ame-asobiba
https://kyounoko.jp/station/onarimon/asobiba
https://kyounoko.jp/station/onarimon/kouen
https://kyounoko.jp/station/onarimon/ame-asobiba
https://kyounoko.jp/station/akabanebashi/asobiba
https://kyounoko.jp/station/akabanebashi/kouen
https://kyounoko.jp/station/akabanebashi/ame-asobiba
https://kyounoko.jp/station/roppongi/asobiba
https://kyounoko.jp/station/roppongi/kouen
https://kyounoko.jp/station/roppongi/ame-asobiba
https://kyounoko.jp/station/roppongi-itchome/asobiba
https://kyounoko.jp/station/roppongi-itchome/kouen
https://kyounoko.jp/station/roppongi-itchome/ame-asobiba
https://kyounoko.jp/station/azabu-juban/asobiba
https://kyounoko.jp/station/azabu-juban/kouen
https://kyounoko.jp/station/azabu-juban/ame-asobiba
https://kyounoko.jp/station/hiroo/asobiba
https://kyounoko.jp/station/hiroo/kouen
https://kyounoko.jp/station/hiroo/ame-asobiba
https://kyounoko.jp/station/akasaka/asobiba
https://kyounoko.jp/station/akasaka/kouen
https://kyounoko.jp/station/akasaka/ame-asobiba
https://kyounoko.jp/station/aoyama-itchome/asobiba
https://kyounoko.jp/station/aoyama-itchome/kouen
https://kyounoko.jp/station/aoyama-itchome/ame-asobiba
https://kyounoko.jp/station/gaiemmae/asobiba
https://kyounoko.jp/station/gaiemmae/kouen
https://kyounoko.jp/station/gaiemmae/ame-asobiba
https://kyounoko.jp/station/omotesando/asobiba
https://kyounoko.jp/station/omotesando/kouen
https://kyounoko.jp/station/omotesando/ame-asobiba
https://kyounoko.jp/station/nogizaka/asobiba
https://kyounoko.jp/station/nogizaka/kouen
https://kyounoko.jp/station/nogizaka/ame-asobiba
https://kyounoko.jp/station/shirokanedai/asobiba
https://kyounoko.jp/station/shirokanedai/kouen
https://kyounoko.jp/station/shirokanedai/ame-asobiba
https://kyounoko.jp/station/shirokane-takanawa/asobiba
https://kyounoko.jp/station/shirokane-takanawa/kouen
https://kyounoko.jp/station/shirokane-takanawa/ame-asobiba
https://kyounoko.jp/station/takanawadai/asobiba
https://kyounoko.jp/station/takanawadai/kouen
https://kyounoko.jp/station/takanawadai/ame-asobiba
https://kyounoko.jp/station/takanawa-gateway/asobiba
https://kyounoko.jp/station/takanawa-gateway/kouen
https://kyounoko.jp/station/takanawa-gateway/ame-asobiba
https://kyounoko.jp/station/sengakuji/asobiba
https://kyounoko.jp/station/sengakuji/kouen
https://kyounoko.jp/station/sengakuji/ame-asobiba
https://kyounoko.jp/station/shibaura-futo/asobiba
https://kyounoko.jp/station/shibaura-futo/kouen
https://kyounoko.jp/station/shibaura-futo/ame-asobiba
https://kyounoko.jp/station/odaiba-kaihinkoen/asobiba
https://kyounoko.jp/station/odaiba-kaihinkoen/kouen
https://kyounoko.jp/station/odaiba-kaihinkoen/ame-asobiba
https://kyounoko.jp/station/daiba/asobiba
https://kyounoko.jp/station/daiba/kouen
https://kyounoko.jp/station/daiba/ame-asobiba
https://kyounoko.jp/station/tameike-sanno/asobiba
https://kyounoko.jp/station/tameike-sanno/kouen
https://kyounoko.jp/station/tameike-sanno/ame-asobiba
https://kyounoko.jp/station/toranomon/asobiba
https://kyounoko.jp/station/toranomon/kouen
https://kyounoko.jp/station/toranomon/ame-asobiba
https://kyounoko.jp/station/toranomon-hills/asobiba
https://kyounoko.jp/station/toranomon-hills/kouen
https://kyounoko.jp/station/toranomon-hills/ame-asobiba
https://kyounoko.jp/station/kamiyacho/asobiba
https://kyounoko.jp/station/kamiyacho/kouen
https://kyounoko.jp/station/kamiyacho/ame-asobiba
https://kyounoko.jp/station/hinode/asobiba
https://kyounoko.jp/station/hinode/kouen
https://kyounoko.jp/station/hinode/ame-asobiba
https://kyounoko.jp/station/takeshiba/asobiba
https://kyounoko.jp/station/takeshiba/kouen
https://kyounoko.jp/station/takeshiba/ame-asobiba
https://kyounoko.jp/station/shinjuku/asobiba
https://kyounoko.jp/station/shinjuku/kouen
https://kyounoko.jp/station/shinjuku/ame-asobiba
https://kyounoko.jp/station/shinjuku-sanchome/asobiba
https://kyounoko.jp/station/shinjuku-sanchome/kouen
https://kyounoko.jp/station/shinjuku-sanchome/ame-asobiba
https://kyounoko.jp/station/shinjuku-nishiguchi/asobiba
https://kyounoko.jp/station/shinjuku-nishiguchi/kouen
https://kyounoko.jp/station/shinjuku-nishiguchi/ame-asobiba
https://kyounoko.jp/station/nishi-shinjuku/asobiba
https://kyounoko.jp/station/nishi-shinjuku/kouen
https://kyounoko.jp/station/nishi-shinjuku/ame-asobiba
https://kyounoko.jp/station/nishi-shinjuku-gochome/asobiba
https://kyounoko.jp/station/nishi-shinjuku-gochome/kouen
https://kyounoko.jp/station/nishi-shinjuku-gochome/ame-asobiba
https://kyounoko.jp/station/tochomae/asobiba
https://kyounoko.jp/station/tochomae/kouen
https://kyounoko.jp/station/tochomae/ame-asobiba
https://kyounoko.jp/station/minami-shinjuku/asobiba
https://kyounoko.jp/station/minami-shinjuku/kouen
https://kyounoko.jp/station/minami-shinjuku/ame-asobiba
https://kyounoko.jp/station/shinjuku-gyoemmae/asobiba
https://kyounoko.jp/station/shinjuku-gyoemmae/kouen
https://kyounoko.jp/station/shinjuku-gyoemmae/ame-asobiba
https://kyounoko.jp/station/yotsuya-sanchome/asobiba
https://kyounoko.jp/station/yotsuya-sanchome/kouen
https://kyounoko.jp/station/yotsuya-sanchome/ame-asobiba
https://kyounoko.jp/station/akebonobashi/asobiba
https://kyounoko.jp/station/akebonobashi/kouen
https://kyounoko.jp/station/akebonobashi/ame-asobiba
https://kyounoko.jp/station/wakamatsu-kawada/asobiba
https://kyounoko.jp/station/wakamatsu-kawada/kouen
https://kyounoko.jp/station/wakamatsu-kawada/ame-asobiba
https://kyounoko.jp/station/ushigome-yanagicho/asobiba
https://kyounoko.jp/station/ushigome-yanagicho/kouen
https://kyounoko.jp/station/ushigome-yanagicho/ame-asobiba
https://kyounoko.jp/station/ushigome-kagurazaka/asobiba
https://kyounoko.jp/station/ushigome-kagurazaka/kouen
https://kyounoko.jp/station/ushigome-kagurazaka/ame-asobiba
https://kyounoko.jp/station/kagurazaka/asobiba
https://kyounoko.jp/station/kagurazaka/kouen
https://kyounoko.jp/station/kagurazaka/ame-asobiba
https://kyounoko.jp/station/higashi-shinjuku/asobiba
https://kyounoko.jp/station/higashi-shinjuku/kouen
https://kyounoko.jp/station/higashi-shinjuku/ame-asobiba
https://kyounoko.jp/station/shin-okubo/asobiba
https://kyounoko.jp/station/shin-okubo/kouen
https://kyounoko.jp/station/shin-okubo/ame-asobiba
https://kyounoko.jp/station/okubo/asobiba
https://kyounoko.jp/station/okubo/kouen
https://kyounoko.jp/station/okubo/ame-asobiba
https://kyounoko.jp/station/takadanobaba/asobiba
https://kyounoko.jp/station/takadanobaba/kouen
https://kyounoko.jp/station/takadanobaba/ame-asobiba
https://kyounoko.jp/station/shimo-ochiai/asobiba
https://kyounoko.jp/station/shimo-ochiai/kouen
https://kyounoko.jp/station/shimo-ochiai/ame-asobiba
https://kyounoko.jp/station/nakai/asobiba
https://kyounoko.jp/station/nakai/kouen
https://kyounoko.jp/station/nakai/ame-asobiba
https://kyounoko.jp/station/ochiai/asobiba
https://kyounoko.jp/station/ochiai/kouen
https://kyounoko.jp/station/ochiai/ame-asobiba
https://kyounoko.jp/station/ochiai-minami-nagasaki/asobiba
https://kyounoko.jp/station/ochiai-minami-nagasaki/kouen
https://kyounoko.jp/station/ochiai-minami-nagasaki/ame-asobiba
https://kyounoko.jp/station/waseda/asobiba
https://kyounoko.jp/station/waseda/kouen
https://kyounoko.jp/station/waseda/ame-asobiba
https://kyounoko.jp/station/nishi-waseda/asobiba
https://kyounoko.jp/station/nishi-waseda/kouen
https://kyounoko.jp/station/nishi-waseda/ame-asobiba
https://kyounoko.jp/station/shinanomachi/asobiba
https://kyounoko.jp/station/shinanomachi/kouen
https://kyounoko.jp/station/shinanomachi/ame-asobiba
https://kyounoko.jp/station/sendagaya/asobiba
https://kyounoko.jp/station/sendagaya/kouen
https://kyounoko.jp/station/sendagaya/ame-asobiba
https://kyounoko.jp/station/kokuritsu-kyogijo/asobiba
https://kyounoko.jp/station/kokuritsu-kyogijo/kouen
https://kyounoko.jp/station/kokuritsu-kyogijo/ame-asobiba
https://kyounoko.jp/station/seibi-shinjuku/asobiba
https://kyounoko.jp/station/seibi-shinjuku/kouen
https://kyounoko.jp/station/seibi-shinjuku/ame-asobiba
https://kyounoko.jp/station/kasuga/asobiba
https://kyounoko.jp/station/kasuga/kouen
https://kyounoko.jp/station/kasuga/ame-asobiba
https://kyounoko.jp/station/korakuen/asobiba
https://kyounoko.jp/station/korakuen/kouen
https://kyounoko.jp/station/korakuen/ame-asobiba
https://kyounoko.jp/station/hongo-sanchome/asobiba
https://kyounoko.jp/station/hongo-sanchome/kouen
https://kyounoko.jp/station/hongo-sanchome/ame-asobiba
https://kyounoko.jp/station/yushima/asobiba
https://kyounoko.jp/station/yushima/kouen
https://kyounoko.jp/station/yushima/ame-asobiba
https://kyounoko.jp/station/nezu/asobiba
https://kyounoko.jp/station/nezu/kouen
https://kyounoko.jp/station/nezu/ame-asobiba
https://kyounoko.jp/station/sendagi/asobiba
https://kyounoko.jp/station/sendagi/kouen
https://kyounoko.jp/station/sendagi/ame-asobiba
https://kyounoko.jp/station/hakusan/asobiba
https://kyounoko.jp/station/hakusan/kouen
https://kyounoko.jp/station/hakusan/ame-asobiba
https://kyounoko.jp/station/sengoku/asobiba
https://kyounoko.jp/station/sengoku/kouen
https://kyounoko.jp/station/sengoku/ame-asobiba
https://kyounoko.jp/station/myogadani/asobiba
https://kyounoko.jp/station/myogadani/kouen
https://kyounoko.jp/station/myogadani/ame-asobiba
https://kyounoko.jp/station/edogawabashi/asobiba
https://kyounoko.jp/station/edogawabashi/kouen
https://kyounoko.jp/station/edogawabashi/ame-asobiba
https://kyounoko.jp/station/gokokuji/asobiba
https://kyounoko.jp/station/gokokuji/kouen
https://kyounoko.jp/station/gokokuji/ame-asobiba
https://kyounoko.jp/station/shin-otsuka/asobiba
https://kyounoko.jp/station/shin-otsuka/kouen
https://kyounoko.jp/station/shin-otsuka/ame-asobiba
https://kyounoko.jp/station/todaimae/asobiba
https://kyounoko.jp/station/todaimae/kouen
https://kyounoko.jp/station/todaimae/ame-asobiba
https://kyounoko.jp/station/hon-komagome/asobiba
https://kyounoko.jp/station/hon-komagome/kouen
https://kyounoko.jp/station/hon-komagome/ame-asobiba
https://kyounoko.jp/station/ueno/asobiba
https://kyounoko.jp/station/ueno/kouen
https://kyounoko.jp/station/ueno/ame-asobiba
https://kyounoko.jp/station/okachimachi/asobiba
https://kyounoko.jp/station/okachimachi/kouen
https://kyounoko.jp/station/okachimachi/ame-asobiba
https://kyounoko.jp/station/ueno-hirokoji/asobiba
https://kyounoko.jp/station/ueno-hirokoji/kouen
https://kyounoko.jp/station/ueno-hirokoji/ame-asobiba
https://kyounoko.jp/station/naka-okachimachi/asobiba
https://kyounoko.jp/station/naka-okachimachi/kouen
https://kyounoko.jp/station/naka-okachimachi/ame-asobiba
https://kyounoko.jp/station/ueno-okachimachi/asobiba
https://kyounoko.jp/station/ueno-okachimachi/kouen
https://kyounoko.jp/station/ueno-okachimachi/ame-asobiba
https://kyounoko.jp/station/shin-okachimachi/asobiba
https://kyounoko.jp/station/shin-okachimachi/kouen
https://kyounoko.jp/station/shin-okachimachi/ame-asobiba
https://kyounoko.jp/station/inaricho/asobiba
https://kyounoko.jp/station/inaricho/kouen
https://kyounoko.jp/station/inaricho/ame-asobiba
https://kyounoko.jp/station/tawaramachi/asobiba
https://kyounoko.jp/station/tawaramachi/kouen
https://kyounoko.jp/station/tawaramachi/ame-asobiba
https://kyounoko.jp/station/asakusa/asobiba
https://kyounoko.jp/station/asakusa/kouen
https://kyounoko.jp/station/asakusa/ame-asobiba
https://kyounoko.jp/station/kuramae/asobiba
https://kyounoko.jp/station/kuramae/kouen
https://kyounoko.jp/station/kuramae/ame-asobiba
https://kyounoko.jp/station/asakusabashi/asobiba
https://kyounoko.jp/station/asakusabashi/kouen
https://kyounoko.jp/station/asakusabashi/ame-asobiba
https://kyounoko.jp/station/iriya/asobiba
https://kyounoko.jp/station/iriya/kouen
https://kyounoko.jp/station/iriya/ame-asobiba
https://kyounoko.jp/station/minowa/asobiba
https://kyounoko.jp/station/minowa/kouen
https://kyounoko.jp/station/minowa/ame-asobiba
https://kyounoko.jp/station/uguisudani/asobiba
https://kyounoko.jp/station/uguisudani/kouen
https://kyounoko.jp/station/uguisudani/ame-asobiba
https://kyounoko.jp/station/keisei-ueno/asobiba
https://kyounoko.jp/station/keisei-ueno/kouen
https://kyounoko.jp/station/keisei-ueno/ame-asobiba
https://kyounoko.jp/station/kinshicho/asobiba
https://kyounoko.jp/station/kinshicho/kouen
https://kyounoko.jp/station/kinshicho/ame-asobiba
https://kyounoko.jp/station/ryogoku/asobiba
https://kyounoko.jp/station/ryogoku/kouen
https://kyounoko.jp/station/ryogoku/ame-asobiba
https://kyounoko.jp/station/oshiage/asobiba
https://kyounoko.jp/station/oshiage/kouen
https://kyounoko.jp/station/oshiage/ame-asobiba
https://kyounoko.jp/station/tokyo-skytree/asobiba
https://kyounoko.jp/station/tokyo-skytree/kouen
https://kyounoko.jp/station/tokyo-skytree/ame-asobiba
https://kyounoko.jp/station/honjo-azumabashi/asobiba
https://kyounoko.jp/station/honjo-azumabashi/kouen
https://kyounoko.jp/station/honjo-azumabashi/ame-asobiba
https://kyounoko.jp/station/kikukawa/asobiba
https://kyounoko.jp/station/kikukawa/kouen
https://kyounoko.jp/station/kikukawa/ame-asobiba
https://kyounoko.jp/station/higashi-azuma/asobiba
https://kyounoko.jp/station/higashi-azuma/kouen
https://kyounoko.jp/station/higashi-azuma/ame-asobiba
https://kyounoko.jp/station/hikifune/asobiba
https://kyounoko.jp/station/hikifune/kouen
https://kyounoko.jp/station/hikifune/ame-asobiba
https://kyounoko.jp/station/keisei-hikifune/asobiba
https://kyounoko.jp/station/keisei-hikifune/kouen
https://kyounoko.jp/station/keisei-hikifune/ame-asobiba
https://kyounoko.jp/station/yahiro/asobiba
https://kyounoko.jp/station/yahiro/kouen
https://kyounoko.jp/station/yahiro/ame-asobiba
https://kyounoko.jp/station/higashi-mukojima/asobiba
https://kyounoko.jp/station/higashi-mukojima/kouen
https://kyounoko.jp/station/higashi-mukojima/ame-asobiba
https://kyounoko.jp/station/kanegafuchi/asobiba
https://kyounoko.jp/station/kanegafuchi/kouen
https://kyounoko.jp/station/kanegafuchi/ame-asobiba
https://kyounoko.jp/station/omurai/asobiba
https://kyounoko.jp/station/omurai/kouen
https://kyounoko.jp/station/omurai/ame-asobiba
https://kyounoko.jp/station/monzen-nakacho/asobiba
https://kyounoko.jp/station/monzen-nakacho/kouen
https://kyounoko.jp/station/monzen-nakacho/ame-asobiba
https://kyounoko.jp/station/kiba/asobiba
https://kyounoko.jp/station/kiba/kouen
https://kyounoko.jp/station/kiba/ame-asobiba
https://kyounoko.jp/station/toyocho/asobiba
https://kyounoko.jp/station/toyocho/kouen
https://kyounoko.jp/station/toyocho/ame-asobiba
https://kyounoko.jp/station/minami-sunamachi/asobiba
https://kyounoko.jp/station/minami-sunamachi/kouen
https://kyounoko.jp/station/minami-sunamachi/ame-asobiba
https://kyounoko.jp/station/kameido/asobiba
https://kyounoko.jp/station/kameido/kouen
https://kyounoko.jp/station/kameido/ame-asobiba
https://kyounoko.jp/station/kameido-suijin/asobiba
https://kyounoko.jp/station/kameido-suijin/kouen
https://kyounoko.jp/station/kameido-suijin/ame-asobiba
https://kyounoko.jp/station/morishita/asobiba
https://kyounoko.jp/station/morishita/kouen
https://kyounoko.jp/station/morishita/ame-asobiba
https://kyounoko.jp/station/kiyosumi-shirakawa/asobiba
https://kyounoko.jp/station/kiyosumi-shirakawa/kouen
https://kyounoko.jp/station/kiyosumi-shirakawa/ame-asobiba
https://kyounoko.jp/station/shinonome/asobiba
https://kyounoko.jp/station/shinonome/kouen
https://kyounoko.jp/station/shinonome/ame-asobiba
https://kyounoko.jp/station/sumiyoshi/asobiba
https://kyounoko.jp/station/sumiyoshi/kouen
https://kyounoko.jp/station/sumiyoshi/ame-asobiba
https://kyounoko.jp/station/nishi-ojima/asobiba
https://kyounoko.jp/station/nishi-ojima/kouen
https://kyounoko.jp/station/nishi-ojima/ame-asobiba
https://kyounoko.jp/station/ojima/asobiba
https://kyounoko.jp/station/ojima/kouen
https://kyounoko.jp/station/ojima/ame-asobiba
https://kyounoko.jp/station/higashi-ojima/asobiba
https://kyounoko.jp/station/higashi-ojima/kouen
https://kyounoko.jp/station/higashi-ojima/ame-asobiba
https://kyounoko.jp/station/shiomi/asobiba
https://kyounoko.jp/station/shiomi/kouen
https://kyounoko.jp/station/shiomi/ame-asobiba
https://kyounoko.jp/station/shin-kiba/asobiba
https://kyounoko.jp/station/shin-kiba/kouen
https://kyounoko.jp/station/shin-kiba/ame-asobiba
https://kyounoko.jp/station/toyosu/asobiba
https://kyounoko.jp/station/toyosu/kouen
https://kyounoko.jp/station/toyosu/ame-asobiba
https://kyounoko.jp/station/tatsumi/asobiba
https://kyounoko.jp/station/tatsumi/kouen
https://kyounoko.jp/station/tatsumi/ame-asobiba
https://kyounoko.jp/station/shijomae/asobiba
https://kyounoko.jp/station/shijomae/kouen
https://kyounoko.jp/station/shijomae/ame-asobiba
https://kyounoko.jp/station/shin-toyosu/asobiba
https://kyounoko.jp/station/shin-toyosu/kouen
https://kyounoko.jp/station/shin-toyosu/ame-asobiba
https://kyounoko.jp/station/ariake/asobiba
https://kyounoko.jp/station/ariake/kouen
https://kyounoko.jp/station/ariake/ame-asobiba
https://kyounoko.jp/station/ariake-tennis-no-mori/asobiba
https://kyounoko.jp/station/ariake-tennis-no-mori/kouen
https://kyounoko.jp/station/ariake-tennis-no-mori/ame-asobiba
https://kyounoko.jp/station/kokusai-tenjijo/asobiba
https://kyounoko.jp/station/kokusai-tenjijo/kouen
https://kyounoko.jp/station/kokusai-tenjijo/ame-asobiba
https://kyounoko.jp/station/tokyo-big-sight/asobiba
https://kyounoko.jp/station/tokyo-big-sight/kouen
https://kyounoko.jp/station/tokyo-big-sight/ame-asobiba
https://kyounoko.jp/station/aomi/asobiba
https://kyounoko.jp/station/aomi/kouen
https://kyounoko.jp/station/aomi/ame-asobiba
https://kyounoko.jp/station/telecom-center/asobiba
https://kyounoko.jp/station/telecom-center/kouen
https://kyounoko.jp/station/telecom-center/ame-asobiba
https://kyounoko.jp/station/tokyo-teleport/asobiba
https://kyounoko.jp/station/tokyo-teleport/kouen
https://kyounoko.jp/station/tokyo-teleport/ame-asobiba
https://kyounoko.jp/station/fune-no-kagakukan/asobiba
https://kyounoko.jp/station/fune-no-kagakukan/kouen
https://kyounoko.jp/station/fune-no-kagakukan/ame-asobiba
https://kyounoko.jp/station/tokyo-international-cruise/asobiba
https://kyounoko.jp/station/tokyo-international-cruise/kouen
https://kyounoko.jp/station/tokyo-international-cruise/ame-asobiba
https://kyounoko.jp/station/etchujima/asobiba
https://kyounoko.jp/station/etchujima/kouen
https://kyounoko.jp/station/etchujima/ame-asobiba
https://kyounoko.jp/station/osaki/asobiba
https://kyounoko.jp/station/osaki/kouen
https://kyounoko.jp/station/osaki/ame-asobiba
https://kyounoko.jp/station/gotanda/asobiba
https://kyounoko.jp/station/gotanda/kouen
https://kyounoko.jp/station/gotanda/ame-asobiba
https://kyounoko.jp/station/meguro/asobiba
https://kyounoko.jp/station/meguro/kouen
https://kyounoko.jp/station/meguro/ame-asobiba
https://kyounoko.jp/station/shinagawa-seaside/asobiba
https://kyounoko.jp/station/shinagawa-seaside/kouen
https://kyounoko.jp/station/shinagawa-seaside/ame-asobiba
https://kyounoko.jp/station/tennozu-isle/asobiba
https://kyounoko.jp/station/tennozu-isle/kouen
https://kyounoko.jp/station/tennozu-isle/ame-asobiba
https://kyounoko.jp/station/oimachi/asobiba
https://kyounoko.jp/station/oimachi/kouen
https://kyounoko.jp/station/oimachi/ame-asobiba
https://kyounoko.jp/station/shimo-shimmei/asobiba
https://kyounoko.jp/station/shimo-shimmei/kouen
https://kyounoko.jp/station/shimo-shimmei/ame-asobiba
https://kyounoko.jp/station/togoshi-koen/asobiba
https://kyounoko.jp/station/togoshi-koen/kouen
https://kyounoko.jp/station/togoshi-koen/ame-asobiba
https://kyounoko.jp/station/togoshi/asobiba
https://kyounoko.jp/station/togoshi/kouen
https://kyounoko.jp/station/togoshi/ame-asobiba
https://kyounoko.jp/station/togoshi-ginza/asobiba
https://kyounoko.jp/station/togoshi-ginza/kouen
https://kyounoko.jp/station/togoshi-ginza/ame-asobiba
https://kyounoko.jp/station/nakanobu/asobiba
https://kyounoko.jp/station/nakanobu/kouen
https://kyounoko.jp/station/nakanobu/ame-asobiba
https://kyounoko.jp/station/ebara-machi/asobiba
https://kyounoko.jp/station/ebara-machi/kouen
https://kyounoko.jp/station/ebara-machi/ame-asobiba
https://kyounoko.jp/station/hatanodai/asobiba
https://kyounoko.jp/station/hatanodai/kouen
https://kyounoko.jp/station/hatanodai/ame-asobiba
https://kyounoko.jp/station/kita-shinagawa/asobiba
https://kyounoko.jp/station/kita-shinagawa/kouen
https://kyounoko.jp/station/kita-shinagawa/ame-asobiba
https://kyounoko.jp/station/shimbamba/asobiba
https://kyounoko.jp/station/shimbamba/kouen
https://kyounoko.jp/station/shimbamba/ame-asobiba
https://kyounoko.jp/station/aomono-yokocho/asobiba
https://kyounoko.jp/station/aomono-yokocho/kouen
https://kyounoko.jp/station/aomono-yokocho/ame-asobiba
https://kyounoko.jp/station/samezu/asobiba
https://kyounoko.jp/station/samezu/kouen
https://kyounoko.jp/station/samezu/ame-asobiba
https://kyounoko.jp/station/tachiaigawa/asobiba
https://kyounoko.jp/station/tachiaigawa/kouen
https://kyounoko.jp/station/tachiaigawa/ame-asobiba
https://kyounoko.jp/station/omori-kaigan/asobiba
https://kyounoko.jp/station/omori-kaigan/kouen
https://kyounoko.jp/station/omori-kaigan/ame-asobiba
https://kyounoko.jp/station/ebara-nakanobu/asobiba
https://kyounoko.jp/station/ebara-nakanobu/kouen
https://kyounoko.jp/station/ebara-nakanobu/ame-asobiba
https://kyounoko.jp/station/fudomae/asobiba
https://kyounoko.jp/station/fudomae/kouen
https://kyounoko.jp/station/fudomae/ame-asobiba
https://kyounoko.jp/station/musashi-koyama/asobiba
https://kyounoko.jp/station/musashi-koyama/kouen
https://kyounoko.jp/station/musashi-koyama/ame-asobiba
https://kyounoko.jp/station/oi-keibajo-mae/asobiba
https://kyounoko.jp/station/oi-keibajo-mae/kouen
https://kyounoko.jp/station/oi-keibajo-mae/ame-asobiba
https://kyounoko.jp/station/naka-meguro/kouen
https://kyounoko.jp/station/yutenji/kouen
https://kyounoko.jp/station/gakugei-daigaku/kouen
https://kyounoko.jp/station/toritsu-daigaku/kouen
https://kyounoko.jp/station/jiyugaoka/kouen
https://kyounoko.jp/station/midorigaoka/kouen
https://kyounoko.jp/station/ookayama/kouen
https://kyounoko.jp/station/senzoku/kouen
https://kyounoko.jp/station/nishi-koyama/kouen
https://kyounoko.jp/station/komaba-todaimae/kouen
https://kyounoko.jp/station/omori/asobiba
https://kyounoko.jp/station/omori/kouen
https://kyounoko.jp/station/omori/ame-asobiba
https://kyounoko.jp/station/kamata/asobiba
https://kyounoko.jp/station/kamata/kouen
https://kyounoko.jp/station/kamata/ame-asobiba
https://kyounoko.jp/station/keikyu-kamata/asobiba
https://kyounoko.jp/station/keikyu-kamata/kouen
https://kyounoko.jp/station/keikyu-kamata/ame-asobiba
https://kyounoko.jp/station/umeyashiki/asobiba
https://kyounoko.jp/station/umeyashiki/kouen
https://kyounoko.jp/station/umeyashiki/ame-asobiba
https://kyounoko.jp/station/omori-machi/asobiba
https://kyounoko.jp/station/omori-machi/kouen
https://kyounoko.jp/station/omori-machi/ame-asobiba
https://kyounoko.jp/station/heiwajima/asobiba
https://kyounoko.jp/station/heiwajima/kouen
https://kyounoko.jp/station/heiwajima/ame-asobiba
https://kyounoko.jp/station/rokugo-dote/asobiba
https://kyounoko.jp/station/rokugo-dote/kouen
https://kyounoko.jp/station/rokugo-dote/ame-asobiba
https://kyounoko.jp/station/zoshiki/asobiba
https://kyounoko.jp/station/zoshiki/kouen
https://kyounoko.jp/station/zoshiki/ame-asobiba
https://kyounoko.jp/station/kojiya/asobiba
https://kyounoko.jp/station/kojiya/kouen
https://kyounoko.jp/station/kojiya/ame-asobiba
https://kyounoko.jp/station/otorii/asobiba
https://kyounoko.jp/station/otorii/kouen
https://kyounoko.jp/station/otorii/ame-asobiba
https://kyounoko.jp/station/anamori-inari/asobiba
https://kyounoko.jp/station/anamori-inari/kouen
https://kyounoko.jp/station/anamori-inari/ame-asobiba
https://kyounoko.jp/station/tenkubashi/asobiba
https://kyounoko.jp/station/tenkubashi/kouen
https://kyounoko.jp/station/tenkubashi/ame-asobiba
https://kyounoko.jp/station/haneda-airport-t1/asobiba
https://kyounoko.jp/station/haneda-airport-t1/kouen
https://kyounoko.jp/station/haneda-airport-t1/ame-asobiba
https://kyounoko.jp/station/haneda-airport-t2/asobiba
https://kyounoko.jp/station/haneda-airport-t2/kouen
https://kyounoko.jp/station/haneda-airport-t2/ame-asobiba
https://kyounoko.jp/station/haneda-airport-t3/asobiba
https://kyounoko.jp/station/haneda-airport-t3/kouen
https://kyounoko.jp/station/haneda-airport-t3/ame-asobiba
https://kyounoko.jp/station/shin-seibijo/asobiba
https://kyounoko.jp/station/shin-seibijo/kouen
https://kyounoko.jp/station/shin-seibijo/ame-asobiba
https://kyounoko.jp/station/seibijo/asobiba
https://kyounoko.jp/station/seibijo/kouen
https://kyounoko.jp/station/seibijo/ame-asobiba
https://kyounoko.jp/station/showajima/asobiba
https://kyounoko.jp/station/showajima/kouen
https://kyounoko.jp/station/showajima/ame-asobiba
https://kyounoko.jp/station/ryutsu-center/asobiba
https://kyounoko.jp/station/ryutsu-center/kouen
https://kyounoko.jp/station/ryutsu-center/ame-asobiba
https://kyounoko.jp/station/ikegami/asobiba
https://kyounoko.jp/station/ikegami/kouen
https://kyounoko.jp/station/ikegami/ame-asobiba
https://kyounoko.jp/station/hasunuma/asobiba
https://kyounoko.jp/station/hasunuma/kouen
https://kyounoko.jp/station/hasunuma/ame-asobiba
https://kyounoko.jp/station/chidoricho/asobiba
https://kyounoko.jp/station/chidoricho/kouen
https://kyounoko.jp/station/chidoricho/ame-asobiba
https://kyounoko.jp/station/ontakesan/asobiba
https://kyounoko.jp/station/ontakesan/kouen
https://kyounoko.jp/station/ontakesan/ame-asobiba
https://kyounoko.jp/station/kugahara/asobiba
https://kyounoko.jp/station/kugahara/kouen
https://kyounoko.jp/station/kugahara/ame-asobiba
https://kyounoko.jp/station/ishikawadai/asobiba
https://kyounoko.jp/station/ishikawadai/kouen
https://kyounoko.jp/station/ishikawadai/ame-asobiba
https://kyounoko.jp/station/yukigaya-otsuka/asobiba
https://kyounoko.jp/station/yukigaya-otsuka/kouen
https://kyounoko.jp/station/yukigaya-otsuka/ame-asobiba
https://kyounoko.jp/station/denenchofu/asobiba
https://kyounoko.jp/station/denenchofu/kouen
https://kyounoko.jp/station/denenchofu/ame-asobiba
https://kyounoko.jp/station/tamagawa/asobiba
https://kyounoko.jp/station/tamagawa/kouen
https://kyounoko.jp/station/tamagawa/ame-asobiba
https://kyounoko.jp/station/numabe/asobiba
https://kyounoko.jp/station/numabe/kouen
https://kyounoko.jp/station/numabe/ame-asobiba
https://kyounoko.jp/station/unoki/asobiba
https://kyounoko.jp/station/unoki/kouen
https://kyounoko.jp/station/unoki/ame-asobiba
https://kyounoko.jp/station/shimo-maruko/asobiba
https://kyounoko.jp/station/shimo-maruko/kouen
https://kyounoko.jp/station/shimo-maruko/ame-asobiba
https://kyounoko.jp/station/musashi-nitta/asobiba
https://kyounoko.jp/station/musashi-nitta/kouen
https://kyounoko.jp/station/musashi-nitta/ame-asobiba
https://kyounoko.jp/station/yaguchi-no-watashi/asobiba
https://kyounoko.jp/station/yaguchi-no-watashi/kouen
https://kyounoko.jp/station/yaguchi-no-watashi/ame-asobiba
https://kyounoko.jp/station/nishi-magome/asobiba
https://kyounoko.jp/station/nishi-magome/kouen
https://kyounoko.jp/station/nishi-magome/ame-asobiba
https://kyounoko.jp/station/magome/asobiba
https://kyounoko.jp/station/magome/kouen
https://kyounoko.jp/station/magome/ame-asobiba
https://kyounoko.jp/station/oimachi-line-okusawa/asobiba
https://kyounoko.jp/station/oimachi-line-okusawa/kouen
https://kyounoko.jp/station/oimachi-line-okusawa/ame-asobiba
https://kyounoko.jp/station/shimokitazawa/asobiba
https://kyounoko.jp/station/shimokitazawa/kouen
https://kyounoko.jp/station/shimokitazawa/ame-asobiba
https://kyounoko.jp/station/higashi-kitazawa/asobiba
https://kyounoko.jp/station/higashi-kitazawa/kouen
https://kyounoko.jp/station/higashi-kitazawa/ame-asobiba
https://kyounoko.jp/station/setagaya-daita/asobiba
https://kyounoko.jp/station/setagaya-daita/kouen
https://kyounoko.jp/station/setagaya-daita/ame-asobiba
https://kyounoko.jp/station/umegaoka/asobiba
https://kyounoko.jp/station/umegaoka/kouen
https://kyounoko.jp/station/umegaoka/ame-asobiba
https://kyounoko.jp/station/gotokuji/asobiba
https://kyounoko.jp/station/gotokuji/kouen
https://kyounoko.jp/station/gotokuji/ame-asobiba
https://kyounoko.jp/station/kyodo/asobiba
https://kyounoko.jp/station/kyodo/kouen
https://kyounoko.jp/station/kyodo/ame-asobiba
https://kyounoko.jp/station/chitose-funabashi/asobiba
https://kyounoko.jp/station/chitose-funabashi/kouen
https://kyounoko.jp/station/chitose-funabashi/ame-asobiba
https://kyounoko.jp/station/soshigaya-okura/asobiba
https://kyounoko.jp/station/soshigaya-okura/kouen
https://kyounoko.jp/station/soshigaya-okura/ame-asobiba
https://kyounoko.jp/station/seijogakuen-mae/asobiba
https://kyounoko.jp/station/seijogakuen-mae/kouen
https://kyounoko.jp/station/seijogakuen-mae/ame-asobiba
https://kyounoko.jp/station/kitami/asobiba
https://kyounoko.jp/station/kitami/kouen
https://kyounoko.jp/station/kitami/ame-asobiba
https://kyounoko.jp/station/sangenjaya/asobiba
https://kyounoko.jp/station/sangenjaya/kouen
https://kyounoko.jp/station/sangenjaya/ame-asobiba
https://kyounoko.jp/station/komazawa-daigaku/asobiba
https://kyounoko.jp/station/komazawa-daigaku/kouen
https://kyounoko.jp/station/komazawa-daigaku/ame-asobiba
https://kyounoko.jp/station/sakura-shimmachi/asobiba
https://kyounoko.jp/station/sakura-shimmachi/kouen
https://kyounoko.jp/station/sakura-shimmachi/ame-asobiba
https://kyounoko.jp/station/yoga/asobiba
https://kyounoko.jp/station/yoga/kouen
https://kyounoko.jp/station/yoga/ame-asobiba
https://kyounoko.jp/station/futako-tamagawa/asobiba
https://kyounoko.jp/station/futako-tamagawa/kouen
https://kyounoko.jp/station/futako-tamagawa/ame-asobiba
https://kyounoko.jp/station/kaminoge/asobiba
https://kyounoko.jp/station/kaminoge/kouen
https://kyounoko.jp/station/kaminoge/ame-asobiba
https://kyounoko.jp/station/todoroki/asobiba
https://kyounoko.jp/station/todoroki/kouen
https://kyounoko.jp/station/todoroki/ame-asobiba
https://kyounoko.jp/station/oyamadai/asobiba
https://kyounoko.jp/station/oyamadai/kouen
https://kyounoko.jp/station/oyamadai/ame-asobiba
https://kyounoko.jp/station/kuhonbutsu/asobiba
https://kyounoko.jp/station/kuhonbutsu/kouen
https://kyounoko.jp/station/kuhonbutsu/ame-asobiba
https://kyounoko.jp/station/nishi-taishido/asobiba
https://kyounoko.jp/station/nishi-taishido/kouen
https://kyounoko.jp/station/nishi-taishido/ame-asobiba
https://kyounoko.jp/station/wakabayashi/asobiba
https://kyounoko.jp/station/wakabayashi/kouen
https://kyounoko.jp/station/wakabayashi/ame-asobiba
https://kyounoko.jp/station/shoin-jinjamae/asobiba
https://kyounoko.jp/station/shoin-jinjamae/kouen
https://kyounoko.jp/station/shoin-jinjamae/ame-asobiba
https://kyounoko.jp/station/setagaya/asobiba
https://kyounoko.jp/station/setagaya/kouen
https://kyounoko.jp/station/setagaya/ame-asobiba
https://kyounoko.jp/station/kamimachi/asobiba
https://kyounoko.jp/station/kamimachi/kouen
https://kyounoko.jp/station/kamimachi/ame-asobiba
https://kyounoko.jp/station/miyanosaka/asobiba
https://kyounoko.jp/station/miyanosaka/kouen
https://kyounoko.jp/station/miyanosaka/ame-asobiba
https://kyounoko.jp/station/yamashita/asobiba
https://kyounoko.jp/station/yamashita/kouen
https://kyounoko.jp/station/yamashita/ame-asobiba
https://kyounoko.jp/station/matsubara/asobiba
https://kyounoko.jp/station/matsubara/kouen
https://kyounoko.jp/station/matsubara/ame-asobiba
https://kyounoko.jp/station/shimo-takaido/asobiba
https://kyounoko.jp/station/shimo-takaido/kouen
https://kyounoko.jp/station/shimo-takaido/ame-asobiba
https://kyounoko.jp/station/sakurajosui/asobiba
https://kyounoko.jp/station/sakurajosui/kouen
https://kyounoko.jp/station/sakurajosui/ame-asobiba
https://kyounoko.jp/station/kami-kitazawa/asobiba
https://kyounoko.jp/station/kami-kitazawa/kouen
https://kyounoko.jp/station/kami-kitazawa/ame-asobiba
https://kyounoko.jp/station/hachimanyama/asobiba
https://kyounoko.jp/station/hachimanyama/kouen
https://kyounoko.jp/station/hachimanyama/ame-asobiba
https://kyounoko.jp/station/roka-koen/asobiba
https://kyounoko.jp/station/roka-koen/kouen
https://kyounoko.jp/station/roka-koen/ame-asobiba
https://kyounoko.jp/station/chitose-karasuyama/asobiba
https://kyounoko.jp/station/chitose-karasuyama/kouen
https://kyounoko.jp/station/chitose-karasuyama/ame-asobiba
https://kyounoko.jp/station/shindaita/asobiba
https://kyounoko.jp/station/shindaita/kouen
https://kyounoko.jp/station/shindaita/ame-asobiba
https://kyounoko.jp/station/higashi-matsubara/asobiba
https://kyounoko.jp/station/higashi-matsubara/kouen
https://kyounoko.jp/station/higashi-matsubara/ame-asobiba
https://kyounoko.jp/station/meidaimae/asobiba
https://kyounoko.jp/station/meidaimae/kouen
https://kyounoko.jp/station/meidaimae/ame-asobiba
https://kyounoko.jp/station/ikenoue/asobiba
https://kyounoko.jp/station/ikenoue/kouen
https://kyounoko.jp/station/ikenoue/ame-asobiba
https://kyounoko.jp/station/shibuya/asobiba
https://kyounoko.jp/station/shibuya/kouen
https://kyounoko.jp/station/shibuya/ame-asobiba
https://kyounoko.jp/station/harajuku/asobiba
https://kyounoko.jp/station/harajuku/kouen
https://kyounoko.jp/station/harajuku/ame-asobiba
https://kyounoko.jp/station/meiji-jingumae/asobiba
https://kyounoko.jp/station/meiji-jingumae/kouen
https://kyounoko.jp/station/meiji-jingumae/ame-asobiba
https://kyounoko.jp/station/yoyogi/asobiba
https://kyounoko.jp/station/yoyogi/kouen
https://kyounoko.jp/station/yoyogi/ame-asobiba
https://kyounoko.jp/station/yoyogi-koen/asobiba
https://kyounoko.jp/station/yoyogi-koen/kouen
https://kyounoko.jp/station/yoyogi-koen/ame-asobiba
https://kyounoko.jp/station/yoyogi-uehara/asobiba
https://kyounoko.jp/station/yoyogi-uehara/kouen
https://kyounoko.jp/station/yoyogi-uehara/ame-asobiba
https://kyounoko.jp/station/yoyogi-hachiman/asobiba
https://kyounoko.jp/station/yoyogi-hachiman/kouen
https://kyounoko.jp/station/yoyogi-hachiman/ame-asobiba
https://kyounoko.jp/station/sangubashi/asobiba
https://kyounoko.jp/station/sangubashi/kouen
https://kyounoko.jp/station/sangubashi/ame-asobiba
https://kyounoko.jp/station/hatsudai/asobiba
https://kyounoko.jp/station/hatsudai/kouen
https://kyounoko.jp/station/hatsudai/ame-asobiba
https://kyounoko.jp/station/hatagaya/asobiba
https://kyounoko.jp/station/hatagaya/kouen
https://kyounoko.jp/station/hatagaya/ame-asobiba
https://kyounoko.jp/station/sasazuka/asobiba
https://kyounoko.jp/station/sasazuka/kouen
https://kyounoko.jp/station/sasazuka/ame-asobiba
https://kyounoko.jp/station/shinsen/asobiba
https://kyounoko.jp/station/shinsen/kouen
https://kyounoko.jp/station/shinsen/ame-asobiba
https://kyounoko.jp/station/ebisu/asobiba
https://kyounoko.jp/station/ebisu/kouen
https://kyounoko.jp/station/ebisu/ame-asobiba
https://kyounoko.jp/station/daikanyama/asobiba
https://kyounoko.jp/station/daikanyama/kouen
https://kyounoko.jp/station/daikanyama/ame-asobiba
https://kyounoko.jp/station/kita-sando/asobiba
https://kyounoko.jp/station/kita-sando/kouen
https://kyounoko.jp/station/kita-sando/ame-asobiba
https://kyounoko.jp/station/honancho/asobiba
https://kyounoko.jp/station/honancho/kouen
https://kyounoko.jp/station/honancho/ame-asobiba
https://kyounoko.jp/station/koenji/asobiba
https://kyounoko.jp/station/koenji/kouen
https://kyounoko.jp/station/koenji/ame-asobiba
https://kyounoko.jp/station/asagaya/asobiba
https://kyounoko.jp/station/asagaya/kouen
https://kyounoko.jp/station/asagaya/ame-asobiba
https://kyounoko.jp/station/ogikubo/asobiba
https://kyounoko.jp/station/ogikubo/kouen
https://kyounoko.jp/station/ogikubo/ame-asobiba
https://kyounoko.jp/station/nishi-ogikubo/asobiba
https://kyounoko.jp/station/nishi-ogikubo/kouen
https://kyounoko.jp/station/nishi-ogikubo/ame-asobiba
https://kyounoko.jp/station/minami-asagaya/asobiba
https://kyounoko.jp/station/minami-asagaya/kouen
https://kyounoko.jp/station/minami-asagaya/ame-asobiba
https://kyounoko.jp/station/shin-koenji/asobiba
https://kyounoko.jp/station/shin-koenji/kouen
https://kyounoko.jp/station/shin-koenji/ame-asobiba
https://kyounoko.jp/station/higashi-koenji/asobiba
https://kyounoko.jp/station/higashi-koenji/kouen
https://kyounoko.jp/station/higashi-koenji/ame-asobiba
https://kyounoko.jp/station/iogi/asobiba
https://kyounoko.jp/station/iogi/kouen
https://kyounoko.jp/station/iogi/ame-asobiba
https://kyounoko.jp/station/kami-igusa/asobiba
https://kyounoko.jp/station/kami-igusa/kouen
https://kyounoko.jp/station/kami-igusa/ame-asobiba
https://kyounoko.jp/station/shimo-igusa/asobiba
https://kyounoko.jp/station/shimo-igusa/kouen
https://kyounoko.jp/station/shimo-igusa/ame-asobiba
https://kyounoko.jp/station/eifukucho/asobiba
https://kyounoko.jp/station/eifukucho/kouen
https://kyounoko.jp/station/eifukucho/ame-asobiba
https://kyounoko.jp/station/nishi-eifuku/asobiba
https://kyounoko.jp/station/nishi-eifuku/kouen
https://kyounoko.jp/station/nishi-eifuku/ame-asobiba
https://kyounoko.jp/station/hamadayama/asobiba
https://kyounoko.jp/station/hamadayama/kouen
https://kyounoko.jp/station/hamadayama/ame-asobiba
https://kyounoko.jp/station/takaido/asobiba
https://kyounoko.jp/station/takaido/kouen
https://kyounoko.jp/station/takaido/ame-asobiba
https://kyounoko.jp/station/fujimigaoka/asobiba
https://kyounoko.jp/station/fujimigaoka/kouen
https://kyounoko.jp/station/fujimigaoka/ame-asobiba
https://kyounoko.jp/station/kugayama/asobiba
https://kyounoko.jp/station/kugayama/kouen
https://kyounoko.jp/station/kugayama/ame-asobiba
https://kyounoko.jp/station/ikebukuro/asobiba
https://kyounoko.jp/station/ikebukuro/ame-asobiba
https://kyounoko.jp/station/mejiro/asobiba
https://kyounoko.jp/station/mejiro/ame-asobiba
https://kyounoko.jp/station/otsuka/asobiba
https://kyounoko.jp/station/otsuka/ame-asobiba
https://kyounoko.jp/station/sugamo/asobiba
https://kyounoko.jp/station/sugamo/ame-asobiba
https://kyounoko.jp/station/komagome/asobiba
https://kyounoko.jp/station/komagome/ame-asobiba
https://kyounoko.jp/station/higashi-ikebukuro/asobiba
https://kyounoko.jp/station/higashi-ikebukuro/ame-asobiba
https://kyounoko.jp/station/kanamecho/asobiba
https://kyounoko.jp/station/kanamecho/ame-asobiba
https://kyounoko.jp/station/senkawa/asobiba
https://kyounoko.jp/station/senkawa/ame-asobiba
https://kyounoko.jp/station/kita-ikebukuro/asobiba
https://kyounoko.jp/station/kita-ikebukuro/ame-asobiba
https://kyounoko.jp/station/shimo-itabashi/asobiba
https://kyounoko.jp/station/shimo-itabashi/ame-asobiba
https://kyounoko.jp/station/shiinamachi/asobiba
https://kyounoko.jp/station/shiinamachi/ame-asobiba
https://kyounoko.jp/station/higashi-nagasaki/asobiba
https://kyounoko.jp/station/higashi-nagasaki/ame-asobiba
https://kyounoko.jp/station/zoshigaya/asobiba
https://kyounoko.jp/station/zoshigaya/ame-asobiba
https://kyounoko.jp/station/mukohara/asobiba
https://kyounoko.jp/station/mukohara/ame-asobiba
https://kyounoko.jp/station/kishibojinmae/asobiba
https://kyounoko.jp/station/kishibojinmae/ame-asobiba
https://kyounoko.jp/station/gakushuin-shita/asobiba
https://kyounoko.jp/station/gakushuin-shita/ame-asobiba
https://kyounoko.jp/station/omokagebashi/asobiba
https://kyounoko.jp/station/omokagebashi/kouen
https://kyounoko.jp/station/omokagebashi/ame-asobiba
https://kyounoko.jp/station/waseda-toden/asobiba
https://kyounoko.jp/station/waseda-toden/kouen
https://kyounoko.jp/station/waseda-toden/ame-asobiba
https://kyounoko.jp/station/higashi-ikebukuro-yonchome/asobiba
https://kyounoko.jp/station/higashi-ikebukuro-yonchome/ame-asobiba
https://kyounoko.jp/station/koshinzuka/asobiba
https://kyounoko.jp/station/koshinzuka/ame-asobiba
https://kyounoko.jp/station/shin-koshinzuka/asobiba
https://kyounoko.jp/station/shin-koshinzuka/ame-asobiba
https://kyounoko.jp/station/nippori/kouen
https://kyounoko.jp/station/nishi-nippori/kouen
https://kyounoko.jp/station/mikawashima/kouen
https://kyounoko.jp/station/minami-senju/kouen
https://kyounoko.jp/station/minowabashi/kouen
https://kyounoko.jp/station/machiya/kouen
https://kyounoko.jp/station/machiya-ekimae/kouen
https://kyounoko.jp/station/arakawa-kuyakushomae/kouen
https://kyounoko.jp/station/arakawa-nichome/kouen
https://kyounoko.jp/station/arakawa-shakomae/kouen
https://kyounoko.jp/station/arakawa-yuenchi-mae/kouen
https://kyounoko.jp/station/arakawa-itchumae/kouen
https://kyounoko.jp/station/higashi-ogu-sanchome/kouen
https://kyounoko.jp/station/kumano-mae/kouen
https://kyounoko.jp/station/akado-shogakko-mae/kouen
https://kyounoko.jp/station/odai/kouen
https://kyounoko.jp/station/itabashi/asobiba
https://kyounoko.jp/station/itabashi/kouen
https://kyounoko.jp/station/itabashi-kuyakushomae/asobiba
https://kyounoko.jp/station/itabashi-kuyakushomae/kouen
https://kyounoko.jp/station/itabashi-honcho/asobiba
https://kyounoko.jp/station/itabashi-honcho/kouen
https://kyounoko.jp/station/motohasunuma/asobiba
https://kyounoko.jp/station/motohasunuma/kouen
https://kyounoko.jp/station/shimura-sakaue/asobiba
https://kyounoko.jp/station/shimura-sakaue/kouen
https://kyounoko.jp/station/shimura-sanchome/asobiba
https://kyounoko.jp/station/shimura-sanchome/kouen
https://kyounoko.jp/station/hasune/asobiba
https://kyounoko.jp/station/hasune/kouen
https://kyounoko.jp/station/nishidai/asobiba
https://kyounoko.jp/station/nishidai/kouen
https://kyounoko.jp/station/takashimadaira/asobiba
https://kyounoko.jp/station/takashimadaira/kouen
https://kyounoko.jp/station/shin-takashimadaira/asobiba
https://kyounoko.jp/station/shin-takashimadaira/kouen
https://kyounoko.jp/station/nishi-takashimadaira/asobiba
https://kyounoko.jp/station/nishi-takashimadaira/kouen
https://kyounoko.jp/station/naka-itabashi/asobiba
https://kyounoko.jp/station/naka-itabashi/kouen
https://kyounoko.jp/station/tokiwadai/asobiba
https://kyounoko.jp/station/tokiwadai/kouen
https://kyounoko.jp/station/kami-itabashi/asobiba
https://kyounoko.jp/station/kami-itabashi/kouen
https://kyounoko.jp/station/tobu-nerima/asobiba
https://kyounoko.jp/station/tobu-nerima/kouen
https://kyounoko.jp/station/shimo-akatsuka/asobiba
https://kyounoko.jp/station/shimo-akatsuka/kouen
https://kyounoko.jp/station/narimasu/asobiba
https://kyounoko.jp/station/narimasu/kouen
https://kyounoko.jp/station/chikatetsu-narimasu/asobiba
https://kyounoko.jp/station/chikatetsu-narimasu/kouen
https://kyounoko.jp/station/chikatetsu-akatsuka/asobiba
https://kyounoko.jp/station/chikatetsu-akatsuka/kouen
https://kyounoko.jp/station/shin-itabashi/asobiba
https://kyounoko.jp/station/shin-itabashi/kouen
https://kyounoko.jp/station/nerima/kouen
https://kyounoko.jp/station/toshimaen/kouen
https://kyounoko.jp/station/nerima-kasugacho/kouen
https://kyounoko.jp/station/hikarigaoka/kouen
https://kyounoko.jp/station/shakujii-koen/kouen
https://kyounoko.jp/station/oizumi-gakuen/kouen
https://kyounoko.jp/station/sakuradai/kouen
https://kyounoko.jp/station/ekoda/kouen
https://kyounoko.jp/station/fujimidai/kouen
https://kyounoko.jp/station/nerima-takanodai/kouen
https://kyounoko.jp/station/kami-shakujii/kouen
https://kyounoko.jp/station/musashi-seki/kouen
https://kyounoko.jp/station/nakamurabashi/kouen
https://kyounoko.jp/station/kita-senju/asobiba
https://kyounoko.jp/station/kita-senju/kouen
https://kyounoko.jp/station/kita-senju/ame-asobiba
https://kyounoko.jp/station/ayase/asobiba
https://kyounoko.jp/station/ayase/kouen
https://kyounoko.jp/station/ayase/ame-asobiba
https://kyounoko.jp/station/kita-ayase/asobiba
https://kyounoko.jp/station/kita-ayase/kouen
https://kyounoko.jp/station/kita-ayase/ame-asobiba
https://kyounoko.jp/station/gotanno/asobiba
https://kyounoko.jp/station/gotanno/kouen
https://kyounoko.jp/station/gotanno/ame-asobiba
https://kyounoko.jp/station/umejima/asobiba
https://kyounoko.jp/station/umejima/kouen
https://kyounoko.jp/station/umejima/ame-asobiba
https://kyounoko.jp/station/nishiarai/asobiba
https://kyounoko.jp/station/nishiarai/kouen
https://kyounoko.jp/station/nishiarai/ame-asobiba
https://kyounoko.jp/station/daishimae/asobiba
https://kyounoko.jp/station/daishimae/kouen
https://kyounoko.jp/station/daishimae/ame-asobiba
https://kyounoko.jp/station/takenotsuka/asobiba
https://kyounoko.jp/station/takenotsuka/kouen
https://kyounoko.jp/station/takenotsuka/ame-asobiba
https://kyounoko.jp/station/kosuge/asobiba
https://kyounoko.jp/station/kosuge/kouen
https://kyounoko.jp/station/kosuge/ame-asobiba
https://kyounoko.jp/station/horikiri/asobiba
https://kyounoko.jp/station/horikiri/kouen
https://kyounoko.jp/station/horikiri/ame-asobiba
https://kyounoko.jp/station/toneri/asobiba
https://kyounoko.jp/station/toneri/kouen
https://kyounoko.jp/station/toneri/ame-asobiba
https://kyounoko.jp/station/toneri-koen/asobiba
https://kyounoko.jp/station/toneri-koen/kouen
https://kyounoko.jp/station/toneri-koen/ame-asobiba
https://kyounoko.jp/station/minumadai-shinsuikoen/asobiba
https://kyounoko.jp/station/minumadai-shinsuikoen/kouen
https://kyounoko.jp/station/minumadai-shinsuikoen/ame-asobiba
https://kyounoko.jp/station/yazaike/asobiba
https://kyounoko.jp/station/yazaike/kouen
https://kyounoko.jp/station/yazaike/ame-asobiba
https://kyounoko.jp/station/kohoku/asobiba
https://kyounoko.jp/station/kohoku/kouen
https://kyounoko.jp/station/kohoku/ame-asobiba
https://kyounoko.jp/station/nishiarai-daishi-nishi/asobiba
https://kyounoko.jp/station/nishiarai-daishi-nishi/kouen
https://kyounoko.jp/station/nishiarai-daishi-nishi/ame-asobiba
https://kyounoko.jp/station/adachi-odai/asobiba
https://kyounoko.jp/station/adachi-odai/kouen
https://kyounoko.jp/station/adachi-odai/ame-asobiba
https://kyounoko.jp/station/oji-shinden/asobiba
https://kyounoko.jp/station/oji-shinden/kouen
https://kyounoko.jp/station/oji-shinden/ame-asobiba
https://kyounoko.jp/station/ushida/asobiba
https://kyounoko.jp/station/ushida/kouen
https://kyounoko.jp/station/ushida/ame-asobiba
https://kyounoko.jp/station/keisei-sekiya/asobiba
https://kyounoko.jp/station/keisei-sekiya/kouen
https://kyounoko.jp/station/keisei-sekiya/ame-asobiba
https://kyounoko.jp/station/horikiri-keisei/kouen
https://kyounoko.jp/station/kameari/kouen
https://kyounoko.jp/station/kanamachi/kouen
https://kyounoko.jp/station/keisei-kanamachi/kouen
https://kyounoko.jp/station/shibamata/kouen
https://kyounoko.jp/station/keisei-takasago/kouen
https://kyounoko.jp/station/aoto/kouen
https://kyounoko.jp/station/keisei-tateishi/kouen
https://kyounoko.jp/station/yotsugi/kouen
https://kyounoko.jp/station/ohanajaya/kouen
https://kyounoko.jp/station/shin-koiwa/kouen
https://kyounoko.jp/station/koiwa/asobiba
https://kyounoko.jp/station/koiwa/kouen
https://kyounoko.jp/station/koiwa/ame-asobiba
https://kyounoko.jp/station/keisei-koiwa/asobiba
https://kyounoko.jp/station/keisei-koiwa/kouen
https://kyounoko.jp/station/keisei-koiwa/ame-asobiba
https://kyounoko.jp/station/edogawa/asobiba
https://kyounoko.jp/station/edogawa/kouen
https://kyounoko.jp/station/edogawa/ame-asobiba
https://kyounoko.jp/station/shinozaki/asobiba
https://kyounoko.jp/station/shinozaki/kouen
https://kyounoko.jp/station/shinozaki/ame-asobiba
https://kyounoko.jp/station/mizue/asobiba
https://kyounoko.jp/station/mizue/kouen
https://kyounoko.jp/station/mizue/ame-asobiba
https://kyounoko.jp/station/ichinoe/asobiba
https://kyounoko.jp/station/ichinoe/kouen
https://kyounoko.jp/station/ichinoe/ame-asobiba
https://kyounoko.jp/station/funabori/asobiba
https://kyounoko.jp/station/funabori/kouen
https://kyounoko.jp/station/funabori/ame-asobiba
https://kyounoko.jp/station/kasai/asobiba
https://kyounoko.jp/station/kasai/kouen
https://kyounoko.jp/station/kasai/ame-asobiba
https://kyounoko.jp/station/nishi-kasai/asobiba
https://kyounoko.jp/station/nishi-kasai/kouen
https://kyounoko.jp/station/nishi-kasai/ame-asobiba
https://kyounoko.jp/station/kasai-rinkai-koen/asobiba
https://kyounoko.jp/station/kasai-rinkai-koen/kouen
https://kyounoko.jp/station/kasai-rinkai-koen/ame-asobiba
https://kyounoko.jp/station/sugamo-shinden/asobiba
https://kyounoko.jp/station/sugamo-shinden/ame-asobiba
https://kyounoko.jp/station/otsuka-ekimae/asobiba
https://kyounoko.jp/station/otsuka-ekimae/ame-asobiba
https://kyounoko.jp/station/nishi-sugamo/asobiba
https://kyounoko.jp/station/nishi-sugamo/ame-asobiba
https://kyounoko.jp/station/kotake-mukaihara/kouen
https://kyounoko.jp/station/shin-sakuradai/kouen
https://kyounoko.jp/station/osaki-hirokoji/asobiba
https://kyounoko.jp/station/osaki-hirokoji/kouen
https://kyounoko.jp/station/osaki-hirokoji/ame-asobiba
https://kyounoko.jp/station/aoi/asobiba
https://kyounoko.jp/station/aoi/kouen
https://kyounoko.jp/station/aoi/ame-asobiba
https://kyounoko.jp/station/rokucho/asobiba
https://kyounoko.jp/station/rokucho/kouen
https://kyounoko.jp/station/rokucho/ame-asobiba
https://kyounoko.jp/station/senju-ohashi/asobiba
https://kyounoko.jp/station/senju-ohashi/kouen
https://kyounoko.jp/station/senju-ohashi/ame-asobiba
https://kyounoko.jp/station/shin-mikawashima/kouen
https://kyounoko.jp/station/daitabashi/asobiba
https://kyounoko.jp/station/daitabashi/kouen
https://kyounoko.jp/station/daitabashi/ame-asobiba
https://kyounoko.jp/station/shinsen-shinjuku/asobiba
https://kyounoko.jp/station/shinsen-shinjuku/kouen
https://kyounoko.jp/station/shinsen-shinjuku/ame-asobiba
https://kyounoko.jp/station/oyama/asobiba
https://kyounoko.jp/station/oyama/kouen
https://kyounoko.jp/station/hikawadai/kouen
https://kyounoko.jp/station/heiwadai/kouen
https://kyounoko.jp/station/sakuradamon/asobiba
https://kyounoko.jp/station/sakuradamon/kouen
https://kyounoko.jp/station/sakuradamon/ame-asobiba
https://kyounoko.jp/station/kita-senzoku/asobiba
https://kyounoko.jp/station/kita-senzoku/kouen
https://kyounoko.jp/station/kita-senzoku/ame-asobiba
https://kyounoko.jp/station/ikejiri-ohashi/asobiba
https://kyounoko.jp/station/ikejiri-ohashi/kouen
https://kyounoko.jp/station/ikejiri-ohashi/ame-asobiba
https://kyounoko.jp/station/nagahara/asobiba
https://kyounoko.jp/station/nagahara/kouen
https://kyounoko.jp/station/nagahara/ame-asobiba
https://kyounoko.jp/station/senzoku-ike/asobiba
https://kyounoko.jp/station/senzoku-ike/kouen
https://kyounoko.jp/station/senzoku-ike/ame-asobiba
https://kyounoko.jp/station/takaracho/asobiba
https://kyounoko.jp/station/takaracho/ame-asobiba
https://kyounoko.jp/station/uchi-saiwaicho/asobiba
https://kyounoko.jp/station/uchi-saiwaicho/kouen
https://kyounoko.jp/station/uchi-saiwaicho/ame-asobiba
https://kyounoko.jp/station/shiodome/asobiba
https://kyounoko.jp/station/shiodome/kouen
https://kyounoko.jp/station/shiodome/ame-asobiba
https://kyounoko.jp/station/takanosuke/asobiba
https://kyounoko.jp/station/takanosuke/kouen
https://kyounoko.jp/station/takanosuke/ame-asobiba
https://kyounoko.jp/station/arakawa-nanachome/kouen
https://kyounoko.jp/station/machiya-nichome/kouen
https://kyounoko.jp/station/miyanomae/kouen
https://kyounoko.jp/station/toden-zoshigaya/asobiba
https://kyounoko.jp/station/toden-zoshigaya/ame-asobiba
https://kyounoko.jp/station/shin-nihombashi/asobiba
https://kyounoko.jp/station/shin-nihombashi/ame-asobiba
https://kyounoko.jp/station/shin-shibamata/kouen
https://kyounoko.jp/station/osaka-umeda/asobiba
https://kyounoko.jp/station/osaka-umeda/ame-asobiba
https://kyounoko.jp/station/osaka-namba/asobiba
https://kyounoko.jp/station/osaka-namba/ame-asobiba
https://kyounoko.jp/station/osaka-tennoji/asobiba
https://kyounoko.jp/station/osaka-tennoji/ame-asobiba
https://kyounoko.jp/station/osaka-shinsaibashi/asobiba
https://kyounoko.jp/station/osaka-shinsaibashi/ame-asobiba
https://kyounoko.jp/station/osaka-honmachi/asobiba
https://kyounoko.jp/station/osaka-honmachi/ame-asobiba
https://kyounoko.jp/station/osaka-kyobashi/asobiba
https://kyounoko.jp/station/osaka-kyobashi/ame-asobiba
https://kyounoko.jp/station/osaka-fukushima/asobiba
https://kyounoko.jp/station/osaka-fukushima/ame-asobiba
https://kyounoko.jp/station/osaka-nakazakicho/asobiba
https://kyounoko.jp/station/osaka-nakazakicho/ame-asobiba
https://kyounoko.jp/station/kyoto-station/asobiba
https://kyounoko.jp/station/kyoto-station/kouen
https://kyounoko.jp/station/kyoto-station/ame-asobiba
https://kyounoko.jp/station/kyoto-kawaramachi/asobiba
https://kyounoko.jp/station/kyoto-kawaramachi/kouen
https://kyounoko.jp/station/kyoto-kawaramachi/ame-asobiba
https://kyounoko.jp/station/kyoto-shijo/asobiba
https://kyounoko.jp/station/kyoto-shijo/kouen
https://kyounoko.jp/station/kyoto-shijo/ame-asobiba
https://kyounoko.jp/station/kyoto-arashiyama/asobiba
https://kyounoko.jp/station/kyoto-arashiyama/kouen
https://kyounoko.jp/station/kyoto-arashiyama/ame-asobiba
https://kyounoko.jp/station/kyoto-kitaoji/asobiba
https://kyounoko.jp/station/kyoto-kitaoji/kouen
https://kyounoko.jp/station/kyoto-kitaoji/ame-asobiba
https://kyounoko.jp/station/kobe-sannomiya/asobiba
https://kyounoko.jp/station/kobe-sannomiya/ame-asobiba
https://kyounoko.jp/station/kobe-motomachi/asobiba
https://kyounoko.jp/station/kobe-motomachi/ame-asobiba
https://kyounoko.jp/station/kobe-harborland/asobiba
https://kyounoko.jp/station/kobe-harborland/ame-asobiba
https://kyounoko.jp/station/kobe-rokko/asobiba
https://kyounoko.jp/station/kobe-rokko/ame-asobiba
https://kyounoko.jp/station/kobe-okamoto/asobiba
https://kyounoko.jp/station/kobe-okamoto/ame-asobiba
https://kyounoko.jp/station/yokohama/asobiba
https://kyounoko.jp/station/yokohama/kouen
https://kyounoko.jp/station/yokohama/ame-asobiba
https://kyounoko.jp/station/minato-mirai/asobiba
https://kyounoko.jp/station/minato-mirai/kouen
https://kyounoko.jp/station/minato-mirai/ame-asobiba
https://kyounoko.jp/station/sakuragicho/asobiba
https://kyounoko.jp/station/sakuragicho/kouen
https://kyounoko.jp/station/sakuragicho/ame-asobiba
https://kyounoko.jp/station/kannai/asobiba
https://kyounoko.jp/station/kannai/kouen
https://kyounoko.jp/station/kannai/ame-asobiba
https://kyounoko.jp/station/motomachi-chukagai/asobiba
https://kyounoko.jp/station/motomachi-chukagai/kouen
https://kyounoko.jp/station/motomachi-chukagai/ame-asobiba
https://kyounoko.jp/station/shin-yokohama/asobiba
https://kyounoko.jp/station/shin-yokohama/kouen
https://kyounoko.jp/station/shin-yokohama/ame-asobiba
https://kyounoko.jp/station/hiyoshi/asobiba
https://kyounoko.jp/station/hiyoshi/kouen
https://kyounoko.jp/station/hiyoshi/ame-asobiba
https://kyounoko.jp/station/tsunashima/asobiba
https://kyounoko.jp/station/tsunashima/kouen
https://kyounoko.jp/station/tsunashima/ame-asobiba
https://kyounoko.jp/station/kikuna/asobiba
https://kyounoko.jp/station/kikuna/kouen
https://kyounoko.jp/station/kikuna/ame-asobiba
https://kyounoko.jp/station/center-kita/asobiba
https://kyounoko.jp/station/center-kita/kouen
https://kyounoko.jp/station/center-kita/ame-asobiba
https://kyounoko.jp/station/center-minami/asobiba
https://kyounoko.jp/station/center-minami/kouen
https://kyounoko.jp/station/center-minami/ame-asobiba
https://kyounoko.jp/station/azamino/asobiba
https://kyounoko.jp/station/azamino/kouen
https://kyounoko.jp/station/azamino/ame-asobiba
https://kyounoko.jp/station/tama-plaza/asobiba
https://kyounoko.jp/station/tama-plaza/kouen
https://kyounoko.jp/station/tama-plaza/ame-asobiba
https://kyounoko.jp/station/saginuma/asobiba
https://kyounoko.jp/station/saginuma/kouen
https://kyounoko.jp/station/saginuma/ame-asobiba
https://kyounoko.jp/station/mizonokuchi/asobiba
https://kyounoko.jp/station/mizonokuchi/kouen
https://kyounoko.jp/station/mizonokuchi/ame-asobiba
https://kyounoko.jp/station/futako-shinchi/asobiba
https://kyounoko.jp/station/futako-shinchi/kouen
https://kyounoko.jp/station/futako-shinchi/ame-asobiba
https://kyounoko.jp/station/kawasaki/asobiba
https://kyounoko.jp/station/kawasaki/kouen
https://kyounoko.jp/station/kawasaki/ame-asobiba
https://kyounoko.jp/station/musashi-kosugi/asobiba
https://kyounoko.jp/station/musashi-kosugi/kouen
https://kyounoko.jp/station/musashi-kosugi/ame-asobiba
https://kyounoko.jp/station/noborito/asobiba
https://kyounoko.jp/station/noborito/kouen
https://kyounoko.jp/station/noborito/ame-asobiba
https://kyounoko.jp/station/shin-yurigaoka/asobiba
https://kyounoko.jp/station/shin-yurigaoka/kouen
https://kyounoko.jp/station/shin-yurigaoka/ame-asobiba
https://kyounoko.jp/station/fujisawa/asobiba
https://kyounoko.jp/station/fujisawa/kouen
https://kyounoko.jp/station/fujisawa/ame-asobiba
https://kyounoko.jp/station/shonan-daira/asobiba
https://kyounoko.jp/station/shonan-daira/kouen
https://kyounoko.jp/station/shonan-daira/ame-asobiba
https://kyounoko.jp/station/odawara/asobiba
https://kyounoko.jp/station/odawara/kouen
https://kyounoko.jp/station/odawara/ame-asobiba
https://kyounoko.jp/station/omiya/asobiba
https://kyounoko.jp/station/omiya/kouen
https://kyounoko.jp/station/omiya/ame-asobiba
https://kyounoko.jp/station/urawa/asobiba
https://kyounoko.jp/station/urawa/kouen
https://kyounoko.jp/station/urawa/ame-asobiba
https://kyounoko.jp/station/kawaguchi/asobiba
https://kyounoko.jp/station/kawaguchi/kouen
https://kyounoko.jp/station/kawaguchi/ame-asobiba
https://kyounoko.jp/station/nishi-kawaguchi/asobiba
https://kyounoko.jp/station/nishi-kawaguchi/kouen
https://kyounoko.jp/station/nishi-kawaguchi/ame-asobiba
https://kyounoko.jp/station/soka/asobiba
https://kyounoko.jp/station/soka/kouen
https://kyounoko.jp/station/soka/ame-asobiba
https://kyounoko.jp/station/kawagoe/asobiba
https://kyounoko.jp/station/kawagoe/kouen
https://kyounoko.jp/station/kawagoe/ame-asobiba
https://kyounoko.jp/station/tokorozawa/asobiba
https://kyounoko.jp/station/tokorozawa/kouen
https://kyounoko.jp/station/tokorozawa/ame-asobiba
https://kyounoko.jp/station/kasukabe/asobiba
https://kyounoko.jp/station/kasukabe/kouen
https://kyounoko.jp/station/kasukabe/ame-asobiba
https://kyounoko.jp/station/koshigaya/asobiba
https://kyounoko.jp/station/koshigaya/kouen
https://kyounoko.jp/station/koshigaya/ame-asobiba
https://kyounoko.jp/station/koshigaya-laketown/asobiba
https://kyounoko.jp/station/koshigaya-laketown/kouen
https://kyounoko.jp/station/koshigaya-laketown/ame-asobiba
https://kyounoko.jp/station/musashi-urawa/asobiba
https://kyounoko.jp/station/musashi-urawa/kouen
https://kyounoko.jp/station/musashi-urawa/ame-asobiba
https://kyounoko.jp/station/kita-urawa/asobiba
https://kyounoko.jp/station/kita-urawa/kouen
https://kyounoko.jp/station/kita-urawa/ame-asobiba
https://kyounoko.jp/station/asaka/asobiba
https://kyounoko.jp/station/asaka/kouen
https://kyounoko.jp/station/asaka/ame-asobiba
https://kyounoko.jp/station/wako-shi/asobiba
https://kyounoko.jp/station/wako-shi/kouen
https://kyounoko.jp/station/wako-shi/ame-asobiba
https://kyounoko.jp/station/shiki/asobiba
https://kyounoko.jp/station/shiki/kouen
https://kyounoko.jp/station/shiki/ame-asobiba
https://kyounoko.jp/station/chiba/asobiba
https://kyounoko.jp/station/chiba/kouen
https://kyounoko.jp/station/chiba/ame-asobiba
https://kyounoko.jp/station/funabashi/asobiba
https://kyounoko.jp/station/funabashi/kouen
https://kyounoko.jp/station/funabashi/ame-asobiba
https://kyounoko.jp/station/kashiwa/asobiba
https://kyounoko.jp/station/kashiwa/kouen
https://kyounoko.jp/station/kashiwa/ame-asobiba
https://kyounoko.jp/station/matsudo/asobiba
https://kyounoko.jp/station/matsudo/kouen
https://kyounoko.jp/station/matsudo/ame-asobiba
https://kyounoko.jp/station/tsudanuma/asobiba
https://kyounoko.jp/station/tsudanuma/kouen
https://kyounoko.jp/station/tsudanuma/ame-asobiba
https://kyounoko.jp/station/ichikawa/asobiba
https://kyounoko.jp/station/ichikawa/kouen
https://kyounoko.jp/station/ichikawa/ame-asobiba
https://kyounoko.jp/station/urayasu/asobiba
https://kyounoko.jp/station/urayasu/kouen
https://kyounoko.jp/station/urayasu/ame-asobiba
https://kyounoko.jp/station/maihama/asobiba
https://kyounoko.jp/station/maihama/kouen
https://kyounoko.jp/station/maihama/ame-asobiba
https://kyounoko.jp/station/minami-funabashi/asobiba
https://kyounoko.jp/station/minami-funabashi/kouen
https://kyounoko.jp/station/minami-funabashi/ame-asobiba
https://kyounoko.jp/station/kaihimmakuhari/asobiba
https://kyounoko.jp/station/kaihimmakuhari/kouen
https://kyounoko.jp/station/kaihimmakuhari/ame-asobiba
https://kyounoko.jp/station/nishi-funabashi/asobiba
https://kyounoko.jp/station/nishi-funabashi/kouen
https://kyounoko.jp/station/nishi-funabashi/ame-asobiba
https://kyounoko.jp/station/nagareyama-otakanomori/asobiba
https://kyounoko.jp/station/nagareyama-otakanomori/kouen
https://kyounoko.jp/station/nagareyama-otakanomori/ame-asobiba
https://kyounoko.jp/station/kashiwa-no-ha-campus/asobiba
https://kyounoko.jp/station/kashiwa-no-ha-campus/kouen
https://kyounoko.jp/station/kashiwa-no-ha-campus/ame-asobiba
https://kyounoko.jp/station/inage/asobiba
https://kyounoko.jp/station/inage/kouen
https://kyounoko.jp/station/inage/ame-asobiba
https://kyounoko.jp/station/abiko/asobiba
https://kyounoko.jp/station/abiko/kouen
https://kyounoko.jp/station/abiko/ame-asobiba
https://kyounoko.jp/article/0-1sai-ie-asobi-10pun
https://kyounoko.jp/article/1-2sai-oshaberi-sukunai-asobi
https://kyounoko.jp/article/19ji-shoutou-routine
https://kyounoko.jp/article/1sai-oshaberi-shinai-itsumade
https://kyounoko.jp/article/1sai-pool-debut-motimono
https://kyounoko.jp/article/2sai-jump-dekinai-shinpai
https://kyounoko.jp/article/2sai-kanshaku-koekake-top10
https://kyounoko.jp/article/3sai-hiragana-yomenai-ouchi-gakushuu
https://kyounoko.jp/article/3sai-shoushoku-taisaku
https://kyounoko.jp/article/9gatsu-yobosesshu-4sai-made-checklist
https://kyounoko.jp/article/aitei-ashi-shinpai-hayai-osoi
https://kyounoko.jp/article/akachan-15pun-asobi
https://kyounoko.jp/article/akachan-asemo-taisaku-2026
https://kyounoko.jp/article/akachan-hiyakedome-itsukara-erabikata
https://kyounoko.jp/article/akachan-odekake-3months-1year
https://kyounoko.jp/article/akachan-yodare-kabure-care-matome
https://kyounoko.jp/article/aki-iro-asobi-kodomo
https://kyounoko.jp/article/aki-matsuri-kodzure-koryaku
https://kyounoko.jp/article/amenohi-ie-asobi-2-3sai
https://kyounoko.jp/article/amenohi-ie-asobi-4-6sai
https://kyounoko.jp/article/amenohi-indoor-spots-tokyo-15
https://kyounoko.jp/article/amenohi-stroller-spots-tokyo
https://kyounoko.jp/article/asa-30pun-routine
https://kyounoko.jp/article/asagohan-5pun-pattern-10
https://kyounoko.jp/article/asagohan-5pun-reshipi-20
https://kyounoko.jp/article/asagohan-hoikuen-15pun
https://kyounoko.jp/article/asagohan-obento-douji-15pun
https://kyounoko.jp/article/baby-chair-ranking
https://kyounoko.jp/article/baby-senzai-ranking
https://kyounoko.jp/article/babycar-a-b-buggy-3type-7koumoku
https://kyounoko.jp/article/babycar-erabikata
https://kyounoko.jp/article/babycar-good-station-top30-tokyo-2026
https://kyounoko.jp/article/babycar-itsukara-tsukau
https://kyounoko.jp/article/babycar-ranking-2026
https://kyounoko.jp/article/babycar-vs-dakkohimo-tsukaiwake-data
https://kyounoko.jp/article/babycar-yarakashi-50-keikenshudan
https://kyounoko.jp/article/babygate-kaidan-ranking-7-2026
https://kyounoko.jp/article/bamiyan-china-toribunke-real
https://kyounoko.jp/article/bamiyan-kodzure-koryaku
https://kyounoko.jp/article/bebycar-ok-cafe-15
https://kyounoko.jp/article/bedlight-3type-kodomo
https://kyounoko.jp/article/booster-3type-2-7sai
https://kyounoko.jp/article/bousai-no-hi-katei-bichiku-mininaosu
https://kyounoko.jp/article/bronco-billy-kodzure-koryaku
https://kyounoko.jp/article/cafe-3chain-kodzure-hikaku
https://kyounoko.jp/article/chichi-no-hi-purezento-2-6sai-tedukuri-15sen
https://kyounoko.jp/article/chichinohi-3sai-dekiru-tedukuri-10
https://kyounoko.jp/article/chichinohi-purezento-kodomo-tedukuri
https://kyounoko.jp/article/chicken-kodomo-10pattern
https://kyounoko.jp/article/chiiku-asobi-ie-de-10
https://kyounoko.jp/article/chiiku-subsc-3sha-2026-comparison
https://kyounoko.jp/article/chiiku-subsc-hikaku-4sha
https://kyounoko.jp/article/chiiku-toys-2-3sai-5sen
https://kyounoko.jp/article/chiiku-toys-3brand-2-4sai
https://kyounoko.jp/article/chiiku-toys-rakuten-1-3sai-ranking
https://kyounoko.jp/article/chiku-naraigoto-kumon-shichida-monte
https://kyounoko.jp/article/child-seat-0-7sai-5brand
https://kyounoko.jp/article/christmas-cake-kodzure-erabikata
https://kyounoko.jp/article/christmas-present-kodomo-nenrei-betsu
https://kyounoko.jp/article/cocos-birthday-real
https://kyounoko.jp/article/cocos-kodzure-koryaku
https://kyounoko.jp/article/dakkohimo-3brand-7koumoku-2026
https://kyounoko.jp/article/dakkohimo-itsukara-shinseiji
https://kyounoko.jp/article/dakkohimo-ranking-2026
https://kyounoko.jp/article/denny-s-kodzure-koryaku
https://kyounoko.jp/article/dennys-arerugen-real
https://kyounoko.jp/article/denshi-mosquito-4brand-anzen
https://kyounoko.jp/article/dessert-kodomo-tezukuri-5
https://kyounoko.jp/article/ehon-yomikikase-kotsu
https://kyounoko.jp/article/eigo-asobi-ie-de-4-6sai
https://kyounoko.jp/article/eigo-kyouzai-3brand-2-6sai
https://kyounoko.jp/article/eigo-naraigoto-nansai-kara
https://kyounoko.jp/article/eiyou-bento-hoikuen-1week
https://kyounoko.jp/article/enpitsu-nigirenai-3sai-tesaki
https://kyounoko.jp/article/famires-7chain-8koumoku-2026
https://kyounoko.jp/article/famires-kodzure-ranking-2026-10sen
https://kyounoko.jp/article/fathers-day-tezukuri-kodomo-2026
https://kyounoko.jp/article/gaisyoku-ko-ga-taberu
https://kyounoko.jp/article/gotsugo-hattaku-muchi-kodomo
https://kyounoko.jp/article/gusto-kodzure-koryaku
https://kyounoko.jp/article/gusto-rinyu-warm-real
https://kyounoko.jp/article/gusto-vs-jonathan-kodzure-douchi
https://kyounoko.jp/article/guzu-guzu-tomaranai-yochien
https://kyounoko.jp/article/gyudon-4chain-kodzure-hayami
https://kyounoko.jp/article/gyukaku-kodzure-koryaku
https://kyounoko.jp/article/gyuuniku-ryouri-kodomo-okiniiri
https://kyounoko.jp/article/hahanohi-purezento-kodomo-tedukuri
https://kyounoko.jp/article/hai-hai-shinai-tsuri-bai-kara
https://kyounoko.jp/article/halloween-isho-tedukuri-kazari-kodomo
https://kyounoko.jp/article/halloween-kasou-junbi
https://kyounoko.jp/article/halloween-kodzure-events-2026
https://kyounoko.jp/article/hama-sushi-kodzure-koryaku
https://kyounoko.jp/article/hasami-tsukaenai-itsukara-renshu
https://kyounoko.jp/article/hatattsu-mileage-0-6sai-checklist
https://kyounoko.jp/article/hatsumoude-kodzure-kanto-15
https://kyounoko.jp/article/hatsuzekku-sugoshikata
https://kyounoko.jp/article/heijitsu-yoru-30pun-routine
https://kyounoko.jp/article/highchair-4brand-toritsuke-syohi
https://kyounoko.jp/article/hinamatsuri-gohan-kodomo
https://kyounoko.jp/article/hitori-de-neru-nansai-kara
https://kyounoko.jp/article/hitori-hamigaki-nansai-kara
https://kyounoko.jp/article/hoikuen-kaeri-15min
https://kyounoko.jp/article/hoikuen-sougei-jitan
https://kyounoko.jp/article/hoikuen-yochien-erabikata-criteria
https://kyounoko.jp/article/ikea-restaurant-kodzure-koryaku
https://kyounoko.jp/article/iyaiya-ki-taisho-2sai-7kufuu
https://kyounoko.jp/article/iyaiya-osaete-tsukeru-shitsuke
https://kyounoko.jp/article/iyaiya-shuuchu-asobi
https://kyounoko.jp/article/jabujabuike-mizuasobi-tokyo-30
https://kyounoko.jp/article/jitanhaden-ranking-7sen
https://kyounoko.jp/article/jitensha-hojorin-hazushi-nansai
https://kyounoko.jp/article/jiyukenkyu-1nichi-kodomo-30
https://kyounoko.jp/article/jonathan-kodzure-koryaku
https://kyounoko.jp/article/jonathan-morning-real
https://kyounoko.jp/article/junior-seat-2-3sai-hikaku-15
https://kyounoko.jp/article/kaisuiyoku-1sai-debut-mochimono
https://kyounoko.jp/article/kaiten-sushi-4chain-comparison
https://kyounoko.jp/article/kakigori-kodomo-tezukuri-recipe
https://kyounoko.jp/article/kankaku-kabin-kodomo-taisaku
https://kyounoko.jp/article/kanto-ajisai-kodzure-spot-10
https://kyounoko.jp/article/kanto-doubutsuen-1sai-kara-ranking
https://kyounoko.jp/article/keirou-no-hi-4sai-photo-message-card
https://kyounoko.jp/article/kenka-kyoudai-chuusai-houhou
https://kyounoko.jp/article/kids-menu-chain-15-hikaku
https://kyounoko.jp/article/kids-menu-nansai-kara-hayami
https://kyounoko.jp/article/kids-space-lunch-10
https://kyounoko.jp/article/ko-ga-nenai-5kufuu
https://kyounoko.jp/article/kodomo-asa-udon-tamagotoji-rinyuushoku-go
https://kyounoko.jp/article/kodomo-banana-kinako-yogurt-1sai-asagohan
https://kyounoko.jp/article/kodomo-buta-kimchi-kara-nashi-fp1
https://kyounoko.jp/article/kodomo-butter-rice-onigiri-sake-flake
https://kyounoko.jp/article/kodomo-byoki-meneki-real-data-2026
https://kyounoko.jp/article/kodomo-cabbage-shabushabu-houchou-fuyou
https://kyounoko.jp/article/kodomo-camp-debut-0-2sai-souviru
https://kyounoko.jp/article/kodomo-cereal-tounyu-pudding-mae-shikomi
https://kyounoko.jp/article/kodomo-chara-tamagoyaki-rinji-5min
https://kyounoko.jp/article/kodomo-cheese-omelette-1pun-asa
https://kyounoko.jp/article/kodomo-fruit-yogurt-bowl-asa
https://kyounoko.jp/article/kodomo-frypan-doria-1pan-10min
https://kyounoko.jp/article/kodomo-gerizamu-moudiarrhea-taiou
https://kyounoko.jp/article/kodomo-ham-cheese-roll-sandwich-houchou-fuyou
https://kyounoko.jp/article/kodomo-hatsunetsu-byouin-iku-me
https://kyounoko.jp/article/kodomo-hitori-asobi-anzen-kankyou
https://kyounoko.jp/article/kodomo-hitori-de-taberareru-5
https://kyounoko.jp/article/kodomo-hotcake-mix-donut-oyatsu
https://kyounoko.jp/article/kodomo-koushuu-genin-keacare
https://kyounoko.jp/article/kodomo-marshmallow-chocolate-bar-5min
https://kyounoko.jp/article/kodomo-me-mimi-ishi-sagashikata
https://kyounoko.jp/article/kodomo-mini-hamburger-tofu-5min-bento
https://kyounoko.jp/article/kodomo-mushiyoke-3shurui-hikaku-real
https://kyounoko.jp/article/kodomo-mushiyoke-erabikata-2026
https://kyounoko.jp/article/kodomo-natsu-photo-toshi-kata-5
https://kyounoko.jp/article/kodomo-natsukaze-byouin-iku-5moyasu
https://kyounoko.jp/article/kodomo-netsuchusho-3sain-real-2026
https://kyounoko.jp/article/kodomo-no-hi-kyaraben
https://kyounoko.jp/article/kodomo-no-kaze-hatsunetsu-taiou
https://kyounoko.jp/article/kodomo-obento-reitou-stock-5sen
https://kyounoko.jp/article/kodomo-okashi-tezukuri-natsu-5
https://kyounoko.jp/article/kodomo-okiniiri-spot-mama-50-shounin
https://kyounoko.jp/article/kodomo-peperoncino-udon-kodomo-muke
https://kyounoko.jp/article/kodomo-pick-omoshiro-obento-kazarigiri-fuyou
https://kyounoko.jp/article/kodomo-pool-keiken-debut
https://kyounoko.jp/article/kodomo-reitou-banana-ice-1zairyou
https://kyounoko.jp/article/kodomo-renji-cup-nimono-ninjin-kabocha
https://kyounoko.jp/article/kodomo-renji-curry-roux-nashi-tomato-base
https://kyounoko.jp/article/kodomo-renji-mushipan-3pattern-oyatsu
https://kyounoko.jp/article/kodomo-renji-mushipan-5min-asa
https://kyounoko.jp/article/kodomo-sake-hoiruyaki-oven-fuyou
https://kyounoko.jp/article/kodomo-shampoo-hikaku
https://kyounoko.jp/article/kodomo-shigaisen-taisaku-2026
https://kyounoko.jp/article/kodomo-shindansho-arerugi-taisaku
https://kyounoko.jp/article/kodomo-smartphone-ruleset-age-betsu
https://kyounoko.jp/article/kodomo-sokuseki-fruit-jelly-oyatsu
https://kyounoko.jp/article/kodomo-suitou-natsu-hikaku-7
https://kyounoko.jp/article/kodomo-suki-suki-oya-jiko-kouka
https://kyounoko.jp/article/kodomo-summer-camp-erabikata
https://kyounoko.jp/article/kodomo-tamagomayo-toast-3sai-5min
https://kyounoko.jp/article/kodomo-tamagoyaki-4pattern-bento
https://kyounoko.jp/article/kodomo-tofu-hamburger-rinyuushoku-otona
https://kyounoko.jp/article/kodomo-tori-momo-teriyaki-don-5min-tare
https://kyounoko.jp/article/kodomo-toriniku-yamitsuki-yangnyom-mild
https://kyounoko.jp/article/kodomo-tsuyu-shokuyoku-fushin-recipe
https://kyounoko.jp/article/kodomo-udon-suki-hakusai-butabara-tamago
https://kyounoko.jp/article/kodomo-yukata-debut-saizu
https://kyounoko.jp/article/kodomo-yukata-kitsuke-jitan
https://kyounoko.jp/article/kodzure-bbq-mochimono-0-4sai
https://kyounoko.jp/article/kodzure-deli-takeout-10
https://kyounoko.jp/article/kodzure-famires-15sen
https://kyounoko.jp/article/kodzure-fukuro-mall-restaurants
https://kyounoko.jp/article/kodzure-morning-cafe-10
https://kyounoko.jp/article/kodzure-restaurant-erabikata-kanzen-guide
https://kyounoko.jp/article/kodzure-saize-koryaku
https://kyounoko.jp/article/kodzure-washoku-chain-10
https://kyounoko.jp/article/kodzure-yakiniku-shabu-7
https://kyounoko.jp/article/kodzure-yakiniku-stroller-tokyo-20
https://kyounoko.jp/article/komeda-kodzure-koryaku
https://kyounoko.jp/article/koromogae-kodomofuku-shuunou-shobun
https://kyounoko.jp/article/koshitsu-kodzure-lunch
https://kyounoko.jp/article/kosodate-amenohi-nagoya
https://kyounoko.jp/article/kosodate-amenohi-yokohama
https://kyounoko.jp/article/kosodate-kanto-shizen-10
https://kyounoko.jp/article/kosodate-muryou-spots-osaka
https://kyounoko.jp/article/kosodate-muryou-spots-tokyo
https://kyounoko.jp/article/kosodate-spots-fukuoka-kids
https://kyounoko.jp/article/kosodate-spots-hokkaido-natsu
https://kyounoko.jp/article/kosodate-subsc-3sha-hikaku
https://kyounoko.jp/article/kosodate-tsukareta-jikan-no-tsukaikata-50
https://kyounoko.jp/article/kosodate-yamanashi-shizen
https://kyounoko.jp/article/kotoba-okureru-taiou-2sai
https://kyounoko.jp/article/kouen-debyu-nankagetsu
https://kyounoko.jp/article/kouen-tomodachi-chikadukenai
https://kyounoko.jp/article/kousaku-4-6sai-10pattern
https://kyounoko.jp/article/kouyou-spots-kanto-koduzure
https://kyounoko.jp/article/koyou-kanto-kodzure-20
https://kyounoko.jp/article/kumon-vs-gakken-hikaku
https://kyounoko.jp/article/kumon-vs-shichida-vs-monte-comparison
https://kyounoko.jp/article/kura-sushi-bikkurapon-real
https://kyounoko.jp/article/kura-sushi-kodzure-koryaku
https://kyounoko.jp/article/kurasi-taisaku-kodomo-jidou-jiko
https://kyounoko.jp/article/kuura-bonyu-shokujimae-jiki
https://kyounoko.jp/article/kyoudai-asobi-nenrei-sa
https://kyounoko.jp/article/kyoudai-jiyukenkyu-4sai-2sai-coop
https://kyounoko.jp/article/kyoudai-kenka-naka-naoshi-natsuyasumi
https://kyounoko.jp/article/kyushoku-tabekirenai-katei-taisaku
https://kyounoko.jp/article/mama-tomo-ikanai-taiou
https://kyounoko.jp/article/marugame-kodzure-koryaku
https://kyounoko.jp/article/matsuya-kodzure-koryaku
https://kyounoko.jp/article/mcdonalds-kodzure-koryaku
https://kyounoko.jp/article/monte-asobi-nenrei-betsu
https://kyounoko.jp/article/mothers-day-tezukuri-kodomo-2026
https://kyounoko.jp/article/moushobi-suzushii-spots
https://kyounoko.jp/article/mugi-aleergi-meal-kodomo
https://kyounoko.jp/article/musashinomori-coffee-kodzure-koryaku
https://kyounoko.jp/article/mushikago-kodomo-kankatsu
https://kyounoko.jp/article/nakau-kodzure-koryaku
https://kyounoko.jp/article/naraigoto-hajimedoki-kiketsu
https://kyounoko.jp/article/naraigoto-itsukara-0-6sai
https://kyounoko.jp/article/naraigoto-yametai-taiou
https://kyounoko.jp/article/natsu-bento-itamanai-recipe-7
https://kyounoko.jp/article/natsu-kodomo-shokuyoku-nai-recipe-10
https://kyounoko.jp/article/natsu-yasumi-kodomo-asobi-ie-de
https://kyounoko.jp/article/natsu-yobi-kosodate-grandparent
https://kyounoko.jp/article/natsumatsuri-kodzure-koryaku-2026
https://kyounoko.jp/article/natsumatsuri-kodzure-koryaku
https://kyounoko.jp/article/natsuyasumi-1nichi-plan-30
https://kyounoko.jp/article/natsuyasumi-ake-hoikuen-guzu-taiou
https://kyounoko.jp/article/natsuyasumi-hirugohan-mainichi-idea-20
https://kyounoko.jp/article/natsuyasumi-jiyu-kenkyu-1nichi-10
https://kyounoko.jp/article/natsuyasumi-kakeibo-kodzure-shukatsu
https://kyounoko.jp/article/natsuyasumi-keikaku-2026-kodzure
https://kyounoko.jp/article/natsuyasumi-yotei-table-2026
https://kyounoko.jp/article/negaeri-shinai-itsumade-matsu
https://kyounoko.jp/article/nettyusho-yobou-0-6sai
https://kyounoko.jp/article/nyuuen-namaetsuke-jitan-tech-10
https://kyounoko.jp/article/obake-yashiki-kodzure-tokyo
https://kyounoko.jp/article/obentou-jitan-8patterns
https://kyounoko.jp/article/obon-kisei-shintetsu-baby
https://kyounoko.jp/article/oboniito-asobi-kodomo-3sai
https://kyounoko.jp/article/ohanami-keikaku-junbi
https://kyounoko.jp/article/ohirune-nansai-made
https://kyounoko.jp/article/ohsho-kodzure-koryaku
https://kyounoko.jp/article/okashi-tezukuri-oyatsu-kodomo
https://kyounoko.jp/article/omatsuri-0-2sai-hajimete-yukata
https://kyounoko.jp/article/omocha-year-by-age
https://kyounoko.jp/article/online-school-eigo-3brand-2026
https://kyounoko.jp/article/ootoya-kodzure-koryaku
https://kyounoko.jp/article/orusu-ban-nansai-kara
https://kyounoko.jp/article/osechi-kodomo-kantan-menu
https://kyounoko.jp/article/oshiri-kodomo-shitsuke-alternatives
https://kyounoko.jp/article/oshogatsu-asobi-kodomo-2026
https://kyounoko.jp/article/oshougatsu-kodomo-sugoshikata
https://kyounoko.jp/article/otetsudai-itsukara-2sai
https://kyounoko.jp/article/otoshidama-souba-pochibukuro-tedukuri
https://kyounoko.jp/article/oyasumi-ato-oya-jikan
https://kyounoko.jp/article/parkku-pikku-nikku-hitsuyou-mono-list
https://kyounoko.jp/article/piano-narai-before-5things
https://kyounoko.jp/article/piano-rhythm-2-5sai-3brand
https://kyounoko.jp/article/picnic-takeout-chain-20
https://kyounoko.jp/article/pool-asobi-4sai-manaberu-10
https://kyounoko.jp/article/programming-kodomo-5-7sai
https://kyounoko.jp/article/puuru-mizuasobi-debut
https://kyounoko.jp/article/rakuten-marathon-kosodate-10sen
https://kyounoko.jp/article/reibou-tsukeppanashi-kodomo-taion
https://kyounoko.jp/article/reitou-shokuhin-ranking
https://kyounoko.jp/article/reitougyoza-plus-alpha-3pattern
https://kyounoko.jp/article/rinyuu-youji-shoku-grid-rakuten
https://kyounoko.jp/article/rinyuushoku-dekinai-kao-awanai-baby
https://kyounoko.jp/article/rinyuushoku-frozen-gekkabetsu
https://kyounoko.jp/article/rinyuushoku-mochikomi-chain-15
https://kyounoko.jp/article/rinyuushoku-mochikomi-ok-tokyo-15
https://kyounoko.jp/article/rinyuushoku-shokuzai-takuhai-hikaku-2026
https://kyounoko.jp/article/royal-host-kinenbi-real
https://kyounoko.jp/article/royal-host-kodzure-koryaku
https://kyounoko.jp/article/saizeriya-baby-real-voices
https://kyounoko.jp/article/sakana-kodomo-tabete-kureru
https://kyounoko.jp/article/sakura-ohanami-kodzure-spots
https://kyounoko.jp/article/seal-book-ranking
https://kyounoko.jp/article/shabushabu-yakiniku-buffet-3chain
https://kyounoko.jp/article/shabuyou-3sai-free-real
https://kyounoko.jp/article/shabuyou-kodzure-koryaku
https://kyounoko.jp/article/shichigosan-fukusou-shashin-kanzen
https://kyounoko.jp/article/shichigosan-nenrei-junbi
https://kyounoko.jp/article/shitsunai-asobiba-4brand-tokyo
https://kyounoko.jp/article/shizen-spot-tokyo-youji
https://kyounoko.jp/article/shokutaku-iyaiya-kodomo-taisaku
https://kyounoko.jp/article/shudan-koudou-nigate-3sai
https://kyounoko.jp/article/shumatsu-1nichi-mawashikata
https://kyounoko.jp/article/shumatsu-gohan-tsukurioki-nashi
https://kyounoko.jp/article/shumatsu-ranchi-kodzure
https://kyounoko.jp/article/shussan-junbi-rakuten-0sai
https://kyounoko.jp/article/soccer-yakyu-3-6sai
https://kyounoko.jp/article/sozai-kodomo-daibutsu-yobou
https://kyounoko.jp/article/starbucks-kodzure-koryaku
https://kyounoko.jp/article/steak-gusto-kodzure-koryaku
https://kyounoko.jp/article/storo-nomu-itsukara
https://kyounoko.jp/article/sukikirai-yasai-taisaku
https://kyounoko.jp/article/sukiya-kodzure-koryaku
https://kyounoko.jp/article/sushiro-kodzure-koryaku
https://kyounoko.jp/article/swim-school-3brand-3-6sai
https://kyounoko.jp/article/swimming-nansai-kara
https://kyounoko.jp/article/taisou-kyoushitsu-2-5sai
https://kyounoko.jp/article/takushoku-service-hikaku-3sha
https://kyounoko.jp/article/tanabata-kazari-sakusei
https://kyounoko.jp/article/tanabata-kazari-tedukuri-0-6sai-7shurui
https://kyounoko.jp/article/tanabata-kazari-tedukuri-kodomo-2026
https://kyounoko.jp/article/tanabata-kazari-tedukuri-kodomo
https://kyounoko.jp/article/tetsubun-onigiri-2026
https://kyounoko.jp/article/toire-training-2-3sai
https://kyounoko.jp/article/tokyo-23ku-data-comparison-jiyugaoka-futako
https://kyounoko.jp/article/tokyo-23ku-family-friendly-area-rankings-3
https://kyounoko.jp/article/tokyo-23ku-family-score-ranking-2026
https://kyounoko.jp/article/tokyo-bunkyo-baby-cafe
https://kyounoko.jp/article/tokyo-cheap-lunch-800-station-top
https://kyounoko.jp/article/tokyo-fuwafuwa-park-20
https://kyounoko.jp/article/tokyo-ginza-kodzure-lunch
https://kyounoko.jp/article/tokyo-hanabi-kodzure-20
https://kyounoko.jp/article/tokyo-hanabi-taikai-kodzure-2026
https://kyounoko.jp/article/tokyo-ikebukuro-kodzure-lunch
https://kyounoko.jp/article/tokyo-kakigori-kodzure-20
https://kyounoko.jp/article/tokyo-kawaasobi-spots-10
https://kyounoko.jp/article/tokyo-kichijoji-kodzure-lunch
https://kyounoko.jp/article/tokyo-kodomo-mushiyoke-spot
https://kyounoko.jp/article/tokyo-koto-toyosu-kodzure
https://kyounoko.jp/article/tokyo-line-family-friendly-ranking
https://kyounoko.jp/article/tokyo-long-slide-park-20
https://kyounoko.jp/article/tokyo-meguro-weekday-hidden
https://kyounoko.jp/article/tokyo-minato-roppongi-lunch
https://kyounoko.jp/article/tokyo-nakano-amenohi-kodzure
https://kyounoko.jp/article/tokyo-natsu-matsuri-kodzure-20
https://kyounoko.jp/article/tokyo-nerima-free-park-muryou
https://kyounoko.jp/article/tokyo-ogata-yugu-koen-30
https://kyounoko.jp/article/tokyo-okunai-pool-kodzure-10
https://kyounoko.jp/article/tokyo-omotesando-kodzure-lunch
https://kyounoko.jp/article/tokyo-park-ranking-mom50-vote
https://kyounoko.jp/article/tokyo-rainy-strong-station-data
https://kyounoko.jp/article/tokyo-roppongi-kodzure-lunch
https://kyounoko.jp/article/tokyo-setagaya-weekend-family
https://kyounoko.jp/article/tokyo-shibuya-kodzure-lunch
https://kyounoko.jp/article/tokyo-shimokita-koenji-asagaya-comparison
https://kyounoko.jp/article/tokyo-shinagawa-kodzure-lunch
https://kyounoko.jp/article/tokyo-shinagawa-ooimachi-weekend
https://kyounoko.jp/article/tokyo-shineibun-kodomo-museum
https://kyounoko.jp/article/tokyo-shinjuku-kodzure-lunch
https://kyounoko.jp/article/tokyo-station-kodzure-lunch
https://kyounoko.jp/article/tokyo-station-kodzure-shop-density-top20-2026
https://kyounoko.jp/article/tokyo-station-private-room-ranking
https://kyounoko.jp/article/tokyo-suginami-stroller-lunch
https://kyounoko.jp/article/tokyo-terminal-vs-residence-kodzure
https://kyounoko.jp/article/tokyo-toshima-ikebukuro-rain
https://kyounoko.jp/article/tokyo-ueno-kodzure-lunch
https://kyounoko.jp/article/torikizoku-kodzure-koryaku
https://kyounoko.jp/article/tsukurioki-5pun-recipes-10
https://kyounoko.jp/article/tsuushin-kyouzai-hikaku
https://kyounoko.jp/article/tsuyu-0-1sai-sugoshikata
https://kyounoko.jp/article/tsuyu-1-2sai-ie-asobi-30
https://kyounoko.jp/article/tsuyu-4-6sai-shitsunai-asobi-10
https://kyounoko.jp/article/tsuyu-ie-asobi-0-6sai-15pattern
https://kyounoko.jp/article/tsuyu-obento-itamanai-kufuu-7
https://kyounoko.jp/article/udon-chain-kodzure-4sha-hikaku
https://kyounoko.jp/article/udon-soba-3chain-kodzure
https://kyounoko.jp/article/undokai-bentou-mochimono-kamigata
https://kyounoko.jp/article/undoukai-9gatsu-oya-junbi-list
https://kyounoko.jp/article/undoukai-jitan-bento-3sai
https://kyounoko.jp/article/undoukai-motimono-list
https://kyounoko.jp/article/undoukai-obento-jitan-recipe
https://kyounoko.jp/article/uotami-kodzure-koryaku
https://kyounoko.jp/article/vegetarian-meal-kodomo-introduction
https://kyounoko.jp/article/veloce-kodzure-koryaku
https://kyounoko.jp/article/veranda-pool-4sai-asobi-kata
https://kyounoko.jp/article/wanope-yoru-kirinukekata
https://kyounoko.jp/article/xmas-market-kodzure
https://kyounoko.jp/article/xmas-present-nenrei-0-6
https://kyounoko.jp/article/yakiniku-5chain-kodomo-2026
https://kyounoko.jp/article/yasai-tabenai-3sai-taisaku
https://kyounoko.jp/article/yayoiken-kodzure-koryaku
https://kyounoko.jp/article/yayoiken-toribunke-real
https://kyounoko.jp/article/yayoiken-vs-saize-kodzure-douchi
https://kyounoko.jp/article/yobou-sesshu-schedule-0-6sai
https://kyounoko.jp/article/yojishoku-reitou-tsukurioki
https://kyounoko.jp/article/yonaki-taisaku-0-1sai
https://kyounoko.jp/article/yoshinoya-kodzure-koryaku
https://kyounoko.jp/article/youchien-hoikuen-junbi-rakuten
https://kyounoko.jp/article/youchien-nyuuen-junbi-list
https://kyounoko.jp/article/youji-naraigoto-nansai-kara
https://kyounoko.jp/article/youjishoku-kanryouki-1week-rota
https://kyounoko.jp/article/youtube-kawari-ie-asobi
https://kyounoko.jp/article/yubi-syabu-yameru-timing-houhou
https://kyounoko.jp/article/yuki-asobi-debut-2sai
https://kyounoko.jp/article/yumean-kodzure-koryaku
https://kyounoko.jp/article/yuuhan-dinner-15pun-10recipes
https://kyounoko.jp/article/zansho-bate-shokuyokunai-recipe-5
https://kyounoko.jp/plan/_stale_test
https://kyounoko.jp/plan/m-asa-0-1-15m-free-01
https://kyounoko.jp/plan/m-asa-1-2-10m-free-01
https://kyounoko.jp/plan/m-asa-1-2-10m-free-02
https://kyounoko.jp/plan/m-asa-1-2-10m-free-03
https://kyounoko.jp/plan/m-asa-1-2-5m-free-01
https://kyounoko.jp/plan/m-asa-1-2-5m-free-02
https://kyounoko.jp/plan/m-asa-2-3-10m-free-01
https://kyounoko.jp/plan/m-asa-2-3-10m-free-02
https://kyounoko.jp/plan/m-asa-2-3-10m-free-03
https://kyounoko.jp/plan/m-asa-2-3-10m-free-04
https://kyounoko.jp/plan/m-asa-2-3-15m-low-01
https://kyounoko.jp/plan/m-asa-2-3-15m-low-02
https://kyounoko.jp/plan/m-asa-2-3-15m-low-03
https://kyounoko.jp/plan/m-asa-2-3-5m-free-01
https://kyounoko.jp/plan/m-asa-4-6-10m-free-01
https://kyounoko.jp/plan/m-asa-4-6-10m-free-02
https://kyounoko.jp/plan/m-asa-4-6-10m-free-03
https://kyounoko.jp/plan/m-asa-4-6-15m-low-01
https://kyounoko.jp/plan/m-asa-4-6-15m-low-02
https://kyounoko.jp/plan/m-asa-4-6-15m-low-03
https://kyounoko.jp/plan/m-hiru-1-2-15m-free-01
https://kyounoko.jp/plan/m-hiru-1-2-15m-free-02
https://kyounoko.jp/plan/m-hiru-2-3-10m-free-01
https://kyounoko.jp/plan/m-hiru-2-3-15m-low-01
https://kyounoko.jp/plan/m-hiru-2-3-20m-low-01
https://kyounoko.jp/plan/m-hiru-2-3-20m-low-02
https://kyounoko.jp/plan/m-hiru-4-6-15m-low-01
https://kyounoko.jp/plan/m-hiru-4-6-15m-low-02
https://kyounoko.jp/plan/m-hiru-4-6-15m-low-03
https://kyounoko.jp/plan/m-hiru-4-6-20m-low-01
https://kyounoko.jp/plan/m-yatsu-1-2-10m-free-01
https://kyounoko.jp/plan/m-yatsu-2-3-10m-free-01
https://kyounoko.jp/plan/m-yatsu-2-3-15m-low-01
https://kyounoko.jp/plan/m-yatsu-4-6-10m-free-01
https://kyounoko.jp/plan/m-yatsu-4-6-15m-low-01
https://kyounoko.jp/plan/m-yoru-1-2-15m-low-01
https://kyounoko.jp/plan/m-yoru-1-2-15m-low-02
https://kyounoko.jp/plan/m-yoru-1-2-20m-low-01
https://kyounoko.jp/plan/m-yoru-2-3-15m-low-01
https://kyounoko.jp/plan/m-yoru-2-3-15m-low-02
https://kyounoko.jp/plan/m-yoru-2-3-15m-low-03
https://kyounoko.jp/plan/m-yoru-2-3-15m-low-04
https://kyounoko.jp/plan/m-yoru-2-3-20m-low-03
https://kyounoko.jp/plan/m-yoru-2-3-20m-mid-01
https://kyounoko.jp/plan/m-yoru-4-6-15m-low-02
https://kyounoko.jp/plan/m-yoru-4-6-15m-low-03
https://kyounoko.jp/plan/m-yoru-4-6-20m-low-01
https://kyounoko.jp/plan/m-yoru-4-6-20m-low-02
https://kyounoko.jp/plan/m-yoru-4-6-20m-mid-01
https://kyounoko.jp/plan/m-yoru-4-6-30m-mid-01
https://kyounoko.jp/plan/p-event-birthday-4-6-120m-mid-20
https://kyounoko.jp/plan/p-event-halloween-2-3-120m-low-09
https://kyounoko.jp/plan/p-event-halloween-4-6-60m-low-10
https://kyounoko.jp/plan/p-event-hanabi-2-3-120m-low-08
https://kyounoko.jp/plan/p-event-hinamatsuri-2-3-60m-low-18
https://kyounoko.jp/plan/p-event-kodomonohi-2-3-60m-low-03
https://kyounoko.jp/plan/p-event-kodomonohi-4-6-240m-low-04
https://kyounoko.jp/plan/p-event-natsumatsuri-0-1-60m-low-06
https://kyounoko.jp/plan/p-event-natsumatsuri-4-6-240m-mid-07
https://kyounoko.jp/plan/p-event-ohanami-0-1-120m-low-01
https://kyounoko.jp/plan/p-event-ohanami-4-6-240m-low-02
https://kyounoko.jp/plan/p-event-omiyamairi-0-1-60m-mid-19
https://kyounoko.jp/plan/p-event-oshougatsu-2-3-60m-free-16
https://kyounoko.jp/plan/p-event-oshougatsu-4-6-240m-low-15
https://kyounoko.jp/plan/p-event-setsubun-2-3-60m-low-17
https://kyounoko.jp/plan/p-event-shichigosan-4-6-120m-mid-12
https://kyounoko.jp/plan/p-event-tanabata-2-3-60m-free-05
https://kyounoko.jp/plan/p-event-undoukai-4-6-240m-low-11
https://kyounoko.jp/plan/p-event-xmas-0-1-60m-low-14
https://kyounoko.jp/plan/p-event-xmas-4-6-120m-mid-13
https://kyounoko.jp/plan/p-holiday-0-1-240m-free-full-12
https://kyounoko.jp/plan/p-holiday-0-1-240m-low-full-08
https://kyounoko.jp/plan/p-holiday-0-1-240m-low-full-13
https://kyounoko.jp/plan/p-holiday-0-1-240m-low-full-20
https://kyounoko.jp/plan/p-holiday-2-3-240m-free-full-04
https://kyounoko.jp/plan/p-holiday-2-3-240m-free-full-16
https://kyounoko.jp/plan/p-holiday-2-3-240m-mid-full-02
https://kyounoko.jp/plan/p-holiday-2-3-240m-mid-full-06
https://kyounoko.jp/plan/p-holiday-2-3-240m-mid-full-17
https://kyounoko.jp/plan/p-holiday-4-6-240m-low-full-01
https://kyounoko.jp/plan/p-holiday-4-6-240m-low-full-03
https://kyounoko.jp/plan/p-holiday-4-6-240m-low-full-05
https://kyounoko.jp/plan/p-holiday-4-6-240m-low-full-09
https://kyounoko.jp/plan/p-holiday-4-6-240m-low-full-18
https://kyounoko.jp/plan/p-holiday-4-6-240m-mid-full-07
https://kyounoko.jp/plan/p-holiday-4-6-240m-mid-full-10
https://kyounoko.jp/plan/p-holiday-4-6-240m-mid-full-11
https://kyounoko.jp/plan/p-holiday-4-6-240m-mid-full-14
https://kyounoko.jp/plan/p-holiday-4-6-240m-mid-full-15
https://kyounoko.jp/plan/p-holiday-4-6-240m-mid-full-19
https://kyounoko.jp/plan/p-home-any-0-1-120m-free-01
https://kyounoko.jp/plan/p-home-any-0-1-120m-free-02
https://kyounoko.jp/plan/p-home-any-0-1-120m-free-03
https://kyounoko.jp/plan/p-home-any-0-1-15m-free-01
https://kyounoko.jp/plan/p-home-any-0-1-15m-free-02
https://kyounoko.jp/plan/p-home-any-0-1-15m-free-03
https://kyounoko.jp/plan/p-home-any-0-1-15m-free-04
https://kyounoko.jp/plan/p-home-any-0-1-15m-free-05
https://kyounoko.jp/plan/p-home-any-0-1-240m-free-stayhome-01
https://kyounoko.jp/plan/p-home-any-0-1-60m-free-01
https://kyounoko.jp/plan/p-home-any-0-1-60m-free-02
https://kyounoko.jp/plan/p-home-any-0-1-60m-free-03
https://kyounoko.jp/plan/p-home-any-0-1-60m-free-04
https://kyounoko.jp/plan/p-home-any-0-1-60m-free-05
https://kyounoko.jp/plan/p-home-any-0-1-60m-low-01
https://kyounoko.jp/plan/p-home-any-0-1-60m-low-02
https://kyounoko.jp/plan/p-home-any-0-1-60m-low-03
https://kyounoko.jp/plan/p-home-any-2-3-120m-mid-01
https://kyounoko.jp/plan/p-home-any-2-3-15m-free-01
https://kyounoko.jp/plan/p-home-any-2-3-15m-free-02
https://kyounoko.jp/plan/p-home-any-2-3-240m-free-stayhome-01
https://kyounoko.jp/plan/p-home-any-2-3-30m-free-01
https://kyounoko.jp/plan/p-home-any-2-3-30m-free-02
https://kyounoko.jp/plan/p-home-any-2-3-30m-free-03
https://kyounoko.jp/plan/p-home-any-2-3-30m-low-01
https://kyounoko.jp/plan/p-home-any-2-3-60m-free-01
https://kyounoko.jp/plan/p-home-any-2-3-60m-free-02
https://kyounoko.jp/plan/p-home-any-2-3-60m-low-01
https://kyounoko.jp/plan/p-home-any-4-6-120m-free-01
https://kyounoko.jp/plan/p-home-any-4-6-240m-low-stayhome-01
https://kyounoko.jp/plan/p-home-any-4-6-30m-free-01
https://kyounoko.jp/plan/p-home-any-4-6-30m-free-02
https://kyounoko.jp/plan/p-home-any-4-6-30m-free-03
https://kyounoko.jp/plan/p-home-any-4-6-30m-free-04
https://kyounoko.jp/plan/p-home-any-4-6-30m-free-05
https://kyounoko.jp/plan/p-home-any-4-6-30m-free-06
https://kyounoko.jp/plan/p-home-any-4-6-30m-free-07
https://kyounoko.jp/plan/p-home-any-4-6-30m-free-08
https://kyounoko.jp/plan/p-home-any-4-6-60m-free-01
https://kyounoko.jp/plan/p-home-any-4-6-60m-free-02
https://kyounoko.jp/plan/p-home-any-4-6-60m-free-03
https://kyounoko.jp/plan/p-home-any-4-6-60m-low-01
https://kyounoko.jp/plan/p-home-any-4-6-60m-low-02
https://kyounoko.jp/plan/p-home-any-4-6-60m-low-03
https://kyounoko.jp/plan/p-home-cold-0-1-120m-free-01
https://kyounoko.jp/plan/p-home-cold-0-1-120m-free-02
https://kyounoko.jp/plan/p-home-cold-0-1-15m-free-01
https://kyounoko.jp/plan/p-home-cold-0-1-240m-free-stayhome-01
https://kyounoko.jp/plan/p-home-cold-0-1-60m-free-01
https://kyounoko.jp/plan/p-home-cold-0-1-60m-free-02
https://kyounoko.jp/plan/p-home-cold-2-3-120m-mid-01
https://kyounoko.jp/plan/p-home-cold-2-3-15m-free-01
https://kyounoko.jp/plan/p-home-cold-2-3-15m-free-02
https://kyounoko.jp/plan/p-home-cold-2-3-240m-low-stayhome-01
https://kyounoko.jp/plan/p-home-cold-2-3-30m-free-01
https://kyounoko.jp/plan/p-home-cold-2-3-60m-free-01
https://kyounoko.jp/plan/p-home-cold-2-3-60m-low-01
https://kyounoko.jp/plan/p-home-cold-4-6-120m-low-01
https://kyounoko.jp/plan/p-home-cold-4-6-120m-mid-01
https://kyounoko.jp/plan/p-home-cold-4-6-240m-low-stayhome-01
https://kyounoko.jp/plan/p-home-cold-4-6-60m-free-01
https://kyounoko.jp/plan/p-home-cold-4-6-60m-mid-01
https://kyounoko.jp/plan/p-home-heat-0-1-120m-mid-01
https://kyounoko.jp/plan/p-home-heat-0-1-15m-free-01
https://kyounoko.jp/plan/p-home-heat-0-1-240m-low-stayhome-01
https://kyounoko.jp/plan/p-home-heat-0-1-60m-free-01
https://kyounoko.jp/plan/p-home-heat-0-1-60m-free-02
https://kyounoko.jp/plan/p-home-heat-2-3-15m-free-01
https://kyounoko.jp/plan/p-home-heat-2-3-15m-free-02
https://kyounoko.jp/plan/p-home-heat-2-3-240m-free-stayhome-01
https://kyounoko.jp/plan/p-home-heat-2-3-30m-low-01
https://kyounoko.jp/plan/p-home-heat-2-3-60m-free-01
https://kyounoko.jp/plan/p-home-heat-2-3-60m-low-01
https://kyounoko.jp/plan/p-home-heat-4-6-120m-low-01
https://kyounoko.jp/plan/p-home-heat-4-6-120m-low-02
https://kyounoko.jp/plan/p-home-heat-4-6-240m-free-stayhome-01
https://kyounoko.jp/plan/p-home-rain-0-1-120m-free-01
https://kyounoko.jp/plan/p-home-rain-0-1-120m-low-01
https://kyounoko.jp/plan/p-home-rain-0-1-15m-free-01
https://kyounoko.jp/plan/p-home-rain-0-1-15m-free-02
https://kyounoko.jp/plan/p-home-rain-0-1-15m-free-03
https://kyounoko.jp/plan/p-home-rain-0-1-240m-free-stayhome-01
https://kyounoko.jp/plan/p-home-rain-0-1-60m-free-01
https://kyounoko.jp/plan/p-home-rain-0-1-60m-free-02
https://kyounoko.jp/plan/p-home-rain-0-1-60m-low-01
https://kyounoko.jp/plan/p-home-rain-2-3-15m-free-01
https://kyounoko.jp/plan/p-home-rain-2-3-15m-free-02
https://kyounoko.jp/plan/p-home-rain-2-3-15m-free-03
https://kyounoko.jp/plan/p-home-rain-2-3-15m-free-04
https://kyounoko.jp/plan/p-home-rain-2-3-15m-free-05
https://kyounoko.jp/plan/p-home-rain-2-3-15m-free-06
https://kyounoko.jp/plan/p-home-rain-2-3-15m-free-07
https://kyounoko.jp/plan/p-home-rain-2-3-15m-free-08
https://kyounoko.jp/plan/p-home-rain-2-3-15m-free-09
https://kyounoko.jp/plan/p-home-rain-2-3-240m-low-stayhome-01
https://kyounoko.jp/plan/p-home-rain-2-3-30m-low-01
https://kyounoko.jp/plan/p-home-rain-2-3-60m-low-01
https://kyounoko.jp/plan/p-home-rain-4-6-120m-free-01
https://kyounoko.jp/plan/p-home-rain-4-6-120m-free-02
https://kyounoko.jp/plan/p-home-rain-4-6-120m-low-01
https://kyounoko.jp/plan/p-home-rain-4-6-240m-mid-stayhome-01
https://kyounoko.jp/plan/p-home-rain-4-6-30m-free-01
https://kyounoko.jp/plan/p-home-rain-4-6-30m-free-02
https://kyounoko.jp/plan/p-home-rain-4-6-30m-low-01
https://kyounoko.jp/plan/p-home-rain-4-6-60m-free-01
https://kyounoko.jp/plan/p-home-rain-4-6-60m-free-02
https://kyounoko.jp/plan/p-home-rain-4-6-60m-free-03
https://kyounoko.jp/plan/p-home-rain-4-6-60m-free-04
https://kyounoko.jp/plan/p-home-rain-4-6-60m-free-05
https://kyounoko.jp/plan/p-home-rain-4-6-60m-low-01
https://kyounoko.jp/plan/p-home-sunny-0-1-120m-free-01
https://kyounoko.jp/plan/p-home-sunny-0-1-120m-free-02
https://kyounoko.jp/plan/p-home-sunny-0-1-60m-free-01
https://kyounoko.jp/plan/p-home-sunny-0-1-60m-free-02
https://kyounoko.jp/plan/p-home-sunny-2-3-15m-free-01
https://kyounoko.jp/plan/p-home-sunny-2-3-30m-low-01
https://kyounoko.jp/plan/p-home-sunny-2-3-60m-free-01
https://kyounoko.jp/plan/p-home-sunny-2-3-60m-free-02
https://kyounoko.jp/plan/p-home-sunny-4-6-120m-low-01
https://kyounoko.jp/plan/p-home-sunny-4-6-60m-mid-01
https://kyounoko.jp/plan/p-out-any-0-1-120m-free-01
https://kyounoko.jp/plan/p-out-any-0-1-120m-low-hokkaido-01
https://kyounoko.jp/plan/p-out-any-0-1-240m-mid-01
https://kyounoko.jp/plan/p-out-any-0-1-60m-free-hyogo-01
https://kyounoko.jp/plan/p-out-any-0-1-60m-low-01
https://kyounoko.jp/plan/p-out-any-2-3-120m-free-hokkaido-01
https://kyounoko.jp/plan/p-out-any-2-3-120m-low-01
https://kyounoko.jp/plan/p-out-any-2-3-120m-low-aichi-05
https://kyounoko.jp/plan/p-out-any-2-3-120m-low-kanagawa-01
https://kyounoko.jp/plan/p-out-any-2-3-240m-low-01
https://kyounoko.jp/plan/p-out-any-2-3-240m-mid-01
https://kyounoko.jp/plan/p-out-any-2-3-240m-mid-osaka-08
https://kyounoko.jp/plan/p-out-any-2-3-60m-free-01
https://kyounoko.jp/plan/p-out-any-2-3-60m-mid-01
https://kyounoko.jp/plan/p-out-any-4-6-120m-free-30
https://kyounoko.jp/plan/p-out-any-4-6-120m-low-31
https://kyounoko.jp/plan/p-out-any-4-6-120m-low-32
https://kyounoko.jp/plan/p-out-any-4-6-120m-mid-29
https://kyounoko.jp/plan/p-out-any-4-6-120m-mid-33
https://kyounoko.jp/plan/p-out-any-4-6-120m-mid-fukuoka-08
https://kyounoko.jp/plan/p-out-any-4-6-240m-low-39
https://kyounoko.jp/plan/p-out-any-4-6-240m-low-40
https://kyounoko.jp/plan/p-out-any-4-6-240m-low-kyoto-01
https://kyounoko.jp/plan/p-out-any-4-6-240m-mid-34
https://kyounoko.jp/plan/p-out-any-4-6-240m-mid-38
https://kyounoko.jp/plan/p-out-any-4-6-60m-free-26
https://kyounoko.jp/plan/p-out-any-4-6-60m-low-27
https://kyounoko.jp/plan/p-out-any-4-6-60m-low-28
https://kyounoko.jp/plan/p-out-cold-0-1-120m-free-01
https://kyounoko.jp/plan/p-out-cold-0-1-120m-free-aichi-02
https://kyounoko.jp/plan/p-out-cold-0-1-120m-low-01
https://kyounoko.jp/plan/p-out-cold-0-1-240m-mid-01
https://kyounoko.jp/plan/p-out-cold-0-1-60m-free-01
https://kyounoko.jp/plan/p-out-cold-0-1-60m-free-hokkaido-01
https://kyounoko.jp/plan/p-out-cold-0-1-60m-low-01
https://kyounoko.jp/plan/p-out-cold-2-3-120m-free-01
https://kyounoko.jp/plan/p-out-cold-2-3-120m-free-kyoto-01
https://kyounoko.jp/plan/p-out-cold-2-3-120m-low-01
https://kyounoko.jp/plan/p-out-cold-2-3-120m-low-hokkaido-01
https://kyounoko.jp/plan/p-out-cold-2-3-120m-low-niigata-01
https://kyounoko.jp/plan/p-out-cold-2-3-240m-free-01
https://kyounoko.jp/plan/p-out-cold-2-3-240m-low-01
https://kyounoko.jp/plan/p-out-cold-2-3-240m-mid-01
https://kyounoko.jp/plan/p-out-cold-2-3-60m-free-fukuoka-05
https://kyounoko.jp/plan/p-out-cold-4-6-120m-free-23
https://kyounoko.jp/plan/p-out-cold-4-6-120m-low-22
https://kyounoko.jp/plan/p-out-cold-4-6-120m-low-aomori-01
https://kyounoko.jp/plan/p-out-cold-4-6-120m-low-ishikawa-03
https://kyounoko.jp/plan/p-out-cold-4-6-120m-low-toyama-03
https://kyounoko.jp/plan/p-out-cold-4-6-120m-low-yamanashi-03
https://kyounoko.jp/plan/p-out-cold-4-6-240m-low-hyogo-01
https://kyounoko.jp/plan/p-out-cold-4-6-240m-low-kanagawa-01
https://kyounoko.jp/plan/p-out-cold-4-6-240m-low-tochigi-02
https://kyounoko.jp/plan/p-out-cold-4-6-240m-mid-24
https://kyounoko.jp/plan/p-out-cold-4-6-240m-mid-akita-01
https://kyounoko.jp/plan/p-out-cold-4-6-240m-mid-hokkaido-01
https://kyounoko.jp/plan/p-out-cold-4-6-240m-mid-nagano-03
https://kyounoko.jp/plan/p-out-cold-4-6-240m-mid-yamagata-01
https://kyounoko.jp/plan/p-out-cold-4-6-60m-free-25
https://kyounoko.jp/plan/p-out-heat-0-1-120m-low-01
https://kyounoko.jp/plan/p-out-heat-0-1-120m-mid-01
https://kyounoko.jp/plan/p-out-heat-0-1-120m-mid-02
https://kyounoko.jp/plan/p-out-heat-0-1-240m-low-01
https://kyounoko.jp/plan/p-out-heat-0-1-60m-free-01
https://kyounoko.jp/plan/p-out-heat-2-3-120m-free-01
https://kyounoko.jp/plan/p-out-heat-2-3-120m-free-02
https://kyounoko.jp/plan/p-out-heat-2-3-120m-free-hyogo-01
https://kyounoko.jp/plan/p-out-heat-2-3-120m-low-01
https://kyounoko.jp/plan/p-out-heat-2-3-120m-low-osaka-06
https://kyounoko.jp/plan/p-out-heat-2-3-240m-low-01
https://kyounoko.jp/plan/p-out-heat-2-3-240m-mid-01
https://kyounoko.jp/plan/p-out-heat-4-6-120m-free-20
https://kyounoko.jp/plan/p-out-heat-4-6-120m-free-kanagawa-01
https://kyounoko.jp/plan/p-out-heat-4-6-120m-low-21
https://kyounoko.jp/plan/p-out-heat-4-6-120m-low-hokkaido-01
https://kyounoko.jp/plan/p-out-heat-4-6-240m-low-19
https://kyounoko.jp/plan/p-out-heat-4-6-240m-low-aichi-08
https://kyounoko.jp/plan/p-out-heat-4-6-240m-mid-18
https://kyounoko.jp/plan/p-out-heat-4-6-240m-mid-fukuoka-07
https://kyounoko.jp/plan/p-out-heat-4-6-240m-mid-kyoto-01
https://kyounoko.jp/plan/p-out-heat-4-6-240m-mid-osaka-10
https://kyounoko.jp/plan/p-out-rain-0-1-120m-free-01
https://kyounoko.jp/plan/p-out-rain-0-1-120m-free-02
https://kyounoko.jp/plan/p-out-rain-0-1-120m-low-01
https://kyounoko.jp/plan/p-out-rain-0-1-120m-low-fukuoka-02
https://kyounoko.jp/plan/p-out-rain-0-1-60m-free-01
https://kyounoko.jp/plan/p-out-rain-0-1-60m-free-02
https://kyounoko.jp/plan/p-out-rain-0-1-60m-free-osaka-03
https://kyounoko.jp/plan/p-out-rain-0-1-60m-low-kanagawa-01
https://kyounoko.jp/plan/p-out-rain-0-1-60m-low-kyoto-01
https://kyounoko.jp/plan/p-out-rain-2-3-120m-free-01
https://kyounoko.jp/plan/p-out-rain-2-3-120m-free-02
https://kyounoko.jp/plan/p-out-rain-2-3-120m-low-01
https://kyounoko.jp/plan/p-out-rain-2-3-120m-low-aichi-04
https://kyounoko.jp/plan/p-out-rain-2-3-120m-low-hiroshima-01
https://kyounoko.jp/plan/p-out-rain-2-3-120m-low-kyoto-01
https://kyounoko.jp/plan/p-out-rain-2-3-120m-mid-fukuoka-04
https://kyounoko.jp/plan/p-out-rain-2-3-120m-mid-hyogo-01
https://kyounoko.jp/plan/p-out-rain-2-3-120m-mid-kanagawa-01
https://kyounoko.jp/plan/p-out-rain-2-3-120m-mid-osaka-05
https://kyounoko.jp/plan/p-out-rain-2-3-240m-free-01
https://kyounoko.jp/plan/p-out-rain-2-3-240m-low-01
https://kyounoko.jp/plan/p-out-rain-4-6-120m-low-17
https://kyounoko.jp/plan/p-out-rain-4-6-120m-low-fukui-03
https://kyounoko.jp/plan/p-out-rain-4-6-120m-low-gifu-03
https://kyounoko.jp/plan/p-out-rain-4-6-120m-low-iwate-01
https://kyounoko.jp/plan/p-out-rain-4-6-120m-mid-16
https://kyounoko.jp/plan/p-out-rain-4-6-240m-low-15
https://kyounoko.jp/plan/p-out-rain-4-6-240m-low-chiba-02
https://kyounoko.jp/plan/p-out-rain-4-6-240m-low-gunma-02
https://kyounoko.jp/plan/p-out-rain-4-6-240m-low-ibaraki-02
https://kyounoko.jp/plan/p-out-rain-4-6-240m-low-saitama-02
https://kyounoko.jp/plan/p-out-rain-4-6-240m-mid-14
https://kyounoko.jp/plan/p-out-rain-4-6-240m-mid-aichi-07
https://kyounoko.jp/plan/p-out-rain-4-6-240m-mid-fukushima-01
https://kyounoko.jp/plan/p-out-rain-4-6-240m-mid-hyogo-01
https://kyounoko.jp/plan/p-out-rain-4-6-240m-mid-kagoshima-02
https://kyounoko.jp/plan/p-out-rain-4-6-240m-mid-miyagi-01
https://kyounoko.jp/plan/p-out-rain-4-6-240m-mid-oita-03
https://kyounoko.jp/plan/p-out-rain-4-6-240m-mid-saga-02
https://kyounoko.jp/plan/p-out-sunny-0-1-120m-free-01
https://kyounoko.jp/plan/p-out-sunny-0-1-120m-free-02
https://kyounoko.jp/plan/p-out-sunny-0-1-120m-free-03
https://kyounoko.jp/plan/p-out-sunny-0-1-120m-free-04
https://kyounoko.jp/plan/p-out-sunny-0-1-120m-free-fukuoka-01
https://kyounoko.jp/plan/p-out-sunny-0-1-120m-free-hiroshima-01
https://kyounoko.jp/plan/p-out-sunny-0-1-120m-free-kanagawa-01
https://kyounoko.jp/plan/p-out-sunny-0-1-120m-free-kyoto-01
https://kyounoko.jp/plan/p-out-sunny-0-1-120m-free-miyagi-01
https://kyounoko.jp/plan/p-out-sunny-0-1-120m-free-niigata-01
https://kyounoko.jp/plan/p-out-sunny-0-1-120m-free-shizuoka-01
https://kyounoko.jp/plan/p-out-sunny-0-1-120m-low-01
https://kyounoko.jp/plan/p-out-sunny-0-1-120m-low-02
https://kyounoko.jp/plan/p-out-sunny-0-1-120m-low-hyogo-01
https://kyounoko.jp/plan/p-out-sunny-0-1-120m-low-osaka-02
https://kyounoko.jp/plan/p-out-sunny-0-1-240m-low-01
https://kyounoko.jp/plan/p-out-sunny-0-1-240m-mid-01
https://kyounoko.jp/plan/p-out-sunny-0-1-60m-free-01
https://kyounoko.jp/plan/p-out-sunny-0-1-60m-free-02
https://kyounoko.jp/plan/p-out-sunny-0-1-60m-free-03
https://kyounoko.jp/plan/p-out-sunny-0-1-60m-free-aichi-01
https://kyounoko.jp/plan/p-out-sunny-0-1-60m-free-osaka-01
https://kyounoko.jp/plan/p-out-sunny-0-1-60m-low-01
https://kyounoko.jp/plan/p-out-sunny-2-3-120m-free-01
https://kyounoko.jp/plan/p-out-sunny-2-3-120m-free-02
https://kyounoko.jp/plan/p-out-sunny-2-3-120m-free-03
https://kyounoko.jp/plan/p-out-sunny-2-3-120m-free-07
https://kyounoko.jp/plan/p-out-sunny-2-3-120m-free-chiba-01
https://kyounoko.jp/plan/p-out-sunny-2-3-120m-free-fukui-01
https://kyounoko.jp/plan/p-out-sunny-2-3-120m-free-gifu-01
https://kyounoko.jp/plan/p-out-sunny-2-3-120m-free-gunma-01
https://kyounoko.jp/plan/p-out-sunny-2-3-120m-free-ibaraki-01
https://kyounoko.jp/plan/p-out-sunny-2-3-120m-free-nara-01
https://kyounoko.jp/plan/p-out-sunny-2-3-120m-free-saitama-01
https://kyounoko.jp/plan/p-out-sunny-2-3-120m-free-tochigi-01
https://kyounoko.jp/plan/p-out-sunny-2-3-120m-free-yamanashi-01
https://kyounoko.jp/plan/p-out-sunny-2-3-120m-low-01
https://kyounoko.jp/plan/p-out-sunny-2-3-120m-low-02
https://kyounoko.jp/plan/p-out-sunny-2-3-120m-low-04
https://kyounoko.jp/plan/p-out-sunny-2-3-120m-low-05
https://kyounoko.jp/plan/p-out-sunny-2-3-120m-low-aichi-03
https://kyounoko.jp/plan/p-out-sunny-2-3-120m-low-akita-01
https://kyounoko.jp/plan/p-out-sunny-2-3-120m-low-aomori-01
https://kyounoko.jp/plan/p-out-sunny-2-3-120m-low-ehime-01
https://kyounoko.jp/plan/p-out-sunny-2-3-120m-low-fukushima-01
https://kyounoko.jp/plan/p-out-sunny-2-3-120m-low-hiroshima-01
https://kyounoko.jp/plan/p-out-sunny-2-3-120m-low-hyogo-01
https://kyounoko.jp/plan/p-out-sunny-2-3-120m-low-ishikawa-01
https://kyounoko.jp/plan/p-out-sunny-2-3-120m-low-iwate-01
https://kyounoko.jp/plan/p-out-sunny-2-3-120m-low-kagawa-01
https://kyounoko.jp/plan/p-out-sunny-2-3-120m-low-kagoshima-01
https://kyounoko.jp/plan/p-out-sunny-2-3-120m-low-kochi-01
https://kyounoko.jp/plan/p-out-sunny-2-3-120m-low-kumamoto-01
https://kyounoko.jp/plan/p-out-sunny-2-3-120m-low-kyoto-01
https://kyounoko.jp/plan/p-out-sunny-2-3-120m-low-mie-01
https://kyounoko.jp/plan/p-out-sunny-2-3-120m-low-miyagi-01
https://kyounoko.jp/plan/p-out-sunny-2-3-120m-low-miyagi-02
https://kyounoko.jp/plan/p-out-sunny-2-3-120m-low-miyazaki-01
https://kyounoko.jp/plan/p-out-sunny-2-3-120m-low-nagano-01
https://kyounoko.jp/plan/p-out-sunny-2-3-120m-low-nagasaki-01
https://kyounoko.jp/plan/p-out-sunny-2-3-120m-low-niigata-01
https://kyounoko.jp/plan/p-out-sunny-2-3-120m-low-oita-01
https://kyounoko.jp/plan/p-out-sunny-2-3-120m-low-okayama-01
https://kyounoko.jp/plan/p-out-sunny-2-3-120m-low-okinawa-01
https://kyounoko.jp/plan/p-out-sunny-2-3-120m-low-osaka-04
https://kyounoko.jp/plan/p-out-sunny-2-3-120m-low-saga-01
https://kyounoko.jp/plan/p-out-sunny-2-3-120m-low-shiga-01
https://kyounoko.jp/plan/p-out-sunny-2-3-120m-low-shimane-01
https://kyounoko.jp/plan/p-out-sunny-2-3-120m-low-shizuoka-01
https://kyounoko.jp/plan/p-out-sunny-2-3-120m-low-shizuoka-02
https://kyounoko.jp/plan/p-out-sunny-2-3-120m-low-tokushima-01
https://kyounoko.jp/plan/p-out-sunny-2-3-120m-low-tottori-01
https://kyounoko.jp/plan/p-out-sunny-2-3-120m-low-toyama-01
https://kyounoko.jp/plan/p-out-sunny-2-3-120m-low-wakayama-01
https://kyounoko.jp/plan/p-out-sunny-2-3-120m-low-yamagata-01
https://kyounoko.jp/plan/p-out-sunny-2-3-120m-low-yamaguchi-01
https://kyounoko.jp/plan/p-out-sunny-2-3-120m-mid-01
https://kyounoko.jp/plan/p-out-sunny-2-3-240m-low-fukuoka-03
https://kyounoko.jp/plan/p-out-sunny-2-3-240m-low-kanagawa-01
https://kyounoko.jp/plan/p-out-sunny-2-3-240m-mid-hokkaido-01
https://kyounoko.jp/plan/p-out-sunny-2-3-60m-free-01
https://kyounoko.jp/plan/p-out-sunny-2-3-60m-free-02
https://kyounoko.jp/plan/p-out-sunny-2-3-60m-free-03
https://kyounoko.jp/plan/p-out-sunny-2-3-60m-free-osaka-07
https://kyounoko.jp/plan/p-out-sunny-2-3-60m-low-01
https://kyounoko.jp/plan/p-out-sunny-2-3-60m-low-02
https://kyounoko.jp/plan/p-out-sunny-2-3-60m-low-03
https://kyounoko.jp/plan/p-out-sunny-4-6-120m-free-09
https://kyounoko.jp/plan/p-out-sunny-4-6-120m-free-10
https://kyounoko.jp/plan/p-out-sunny-4-6-120m-free-13
https://kyounoko.jp/plan/p-out-sunny-4-6-120m-free-42
https://kyounoko.jp/plan/p-out-sunny-4-6-120m-free-kumamoto-03
https://kyounoko.jp/plan/p-out-sunny-4-6-120m-low-11
https://kyounoko.jp/plan/p-out-sunny-4-6-120m-low-12
https://kyounoko.jp/plan/p-out-sunny-4-6-120m-low-37
https://kyounoko.jp/plan/p-out-sunny-4-6-120m-low-ehime-02
https://kyounoko.jp/plan/p-out-sunny-4-6-120m-low-kagawa-02
https://kyounoko.jp/plan/p-out-sunny-4-6-120m-low-nagasaki-03
https://kyounoko.jp/plan/p-out-sunny-4-6-120m-low-okayama-02
https://kyounoko.jp/plan/p-out-sunny-4-6-120m-low-okinawa-03
https://kyounoko.jp/plan/p-out-sunny-4-6-120m-low-saga-03
https://kyounoko.jp/plan/p-out-sunny-4-6-120m-low-shimane-02
https://kyounoko.jp/plan/p-out-sunny-4-6-120m-low-tokushima-02
https://kyounoko.jp/plan/p-out-sunny-4-6-120m-low-tottori-02
https://kyounoko.jp/plan/p-out-sunny-4-6-240m-free-03
https://kyounoko.jp/plan/p-out-sunny-4-6-240m-free-06
https://kyounoko.jp/plan/p-out-sunny-4-6-240m-free-07
https://kyounoko.jp/plan/p-out-sunny-4-6-240m-free-35
https://kyounoko.jp/plan/p-out-sunny-4-6-240m-free-osaka-09
https://kyounoko.jp/plan/p-out-sunny-4-6-240m-low-01
https://kyounoko.jp/plan/p-out-sunny-4-6-240m-low-02
https://kyounoko.jp/plan/p-out-sunny-4-6-240m-low-08
https://kyounoko.jp/plan/p-out-sunny-4-6-240m-low-41
https://kyounoko.jp/plan/p-out-sunny-4-6-240m-low-fukuoka-06
https://kyounoko.jp/plan/p-out-sunny-4-6-240m-low-gifu-02
https://kyounoko.jp/plan/p-out-sunny-4-6-240m-low-hokkaido-01
https://kyounoko.jp/plan/p-out-sunny-4-6-240m-low-hyogo-01
https://kyounoko.jp/plan/p-out-sunny-4-6-240m-low-miyazaki-02
https://kyounoko.jp/plan/p-out-sunny-4-6-240m-low-nara-02
https://kyounoko.jp/plan/p-out-sunny-4-6-240m-low-shiga-03
https://kyounoko.jp/plan/p-out-sunny-4-6-240m-low-wakayama-03
https://kyounoko.jp/plan/p-out-sunny-4-6-240m-mid-04
https://kyounoko.jp/plan/p-out-sunny-4-6-240m-mid-05
https://kyounoko.jp/plan/p-out-sunny-4-6-240m-mid-36
https://kyounoko.jp/plan/p-out-sunny-4-6-240m-mid-aichi-06
https://kyounoko.jp/plan/p-out-sunny-4-6-240m-mid-akita-01
https://kyounoko.jp/plan/p-out-sunny-4-6-240m-mid-aomori-01
https://kyounoko.jp/plan/p-out-sunny-4-6-240m-mid-chiba-03
https://kyounoko.jp/plan/p-out-sunny-4-6-240m-mid-ehime-01
https://kyounoko.jp/plan/p-out-sunny-4-6-240m-mid-fukui-02
https://kyounoko.jp/plan/p-out-sunny-4-6-240m-mid-fukushima-01
https://kyounoko.jp/plan/p-out-sunny-4-6-240m-mid-gunma-03
https://kyounoko.jp/plan/p-out-sunny-4-6-240m-mid-hiroshima-01
https://kyounoko.jp/plan/p-out-sunny-4-6-240m-mid-hiroshima-02
https://kyounoko.jp/plan/p-out-sunny-4-6-240m-mid-ibaraki-03
https://kyounoko.jp/plan/p-out-sunny-4-6-240m-mid-ishikawa-02
https://kyounoko.jp/plan/p-out-sunny-4-6-240m-mid-iwate-01
https://kyounoko.jp/plan/p-out-sunny-4-6-240m-mid-kagawa-01
https://kyounoko.jp/plan/p-out-sunny-4-6-240m-mid-kagoshima-03
https://kyounoko.jp/plan/p-out-sunny-4-6-240m-mid-kanagawa-01
https://kyounoko.jp/plan/p-out-sunny-4-6-240m-mid-kochi-01
https://kyounoko.jp/plan/p-out-sunny-4-6-240m-mid-kochi-02
https://kyounoko.jp/plan/p-out-sunny-4-6-240m-mid-kumamoto-02
https://kyounoko.jp/plan/p-out-sunny-4-6-240m-mid-kyoto-01
https://kyounoko.jp/plan/p-out-sunny-4-6-240m-mid-mie-02
https://kyounoko.jp/plan/p-out-sunny-4-6-240m-mid-mie-03
https://kyounoko.jp/plan/p-out-sunny-4-6-240m-mid-miyagi-01
https://kyounoko.jp/plan/p-out-sunny-4-6-240m-mid-miyazaki-03
https://kyounoko.jp/plan/p-out-sunny-4-6-240m-mid-nagano-02
https://kyounoko.jp/plan/p-out-sunny-4-6-240m-mid-nagasaki-02
https://kyounoko.jp/plan/p-out-sunny-4-6-240m-mid-nara-03
https://kyounoko.jp/plan/p-out-sunny-4-6-240m-mid-niigata-01
https://kyounoko.jp/plan/p-out-sunny-4-6-240m-mid-niigata-02
https://kyounoko.jp/plan/p-out-sunny-4-6-240m-mid-oita-02
https://kyounoko.jp/plan/p-out-sunny-4-6-240m-mid-okayama-01
https://kyounoko.jp/plan/p-out-sunny-4-6-240m-mid-okinawa-02
https://kyounoko.jp/plan/p-out-sunny-4-6-240m-mid-saitama-03
https://kyounoko.jp/plan/p-out-sunny-4-6-240m-mid-shiga-02
https://kyounoko.jp/plan/p-out-sunny-4-6-240m-mid-shimane-01
https://kyounoko.jp/plan/p-out-sunny-4-6-240m-mid-shizuoka-01
https://kyounoko.jp/plan/p-out-sunny-4-6-240m-mid-shizuoka-02
https://kyounoko.jp/plan/p-out-sunny-4-6-240m-mid-tochigi-03
https://kyounoko.jp/plan/p-out-sunny-4-6-240m-mid-tokushima-01
https://kyounoko.jp/plan/p-out-sunny-4-6-240m-mid-tottori-01
https://kyounoko.jp/plan/p-out-sunny-4-6-240m-mid-toyama-02
https://kyounoko.jp/plan/p-out-sunny-4-6-240m-mid-wakayama-02
https://kyounoko.jp/plan/p-out-sunny-4-6-240m-mid-yamagata-01
https://kyounoko.jp/plan/p-out-sunny-4-6-240m-mid-yamaguchi-01
https://kyounoko.jp/plan/p-out-sunny-4-6-240m-mid-yamaguchi-02
https://kyounoko.jp/plan/p-out-sunny-4-6-240m-mid-yamanashi-02
https://kyounoko.jp/plan/p-weekday-0-1-15m-free-01
https://kyounoko.jp/plan/p-weekday-0-1-15m-free-02
https://kyounoko.jp/plan/p-weekday-0-1-15m-free-03
https://kyounoko.jp/plan/p-weekday-0-1-30m-free-01
https://kyounoko.jp/plan/p-weekday-0-1-30m-free-02
https://kyounoko.jp/plan/p-weekday-0-1-30m-low-01
https://kyounoko.jp/plan/p-weekday-0-1-60m-free-01
https://kyounoko.jp/plan/p-weekday-0-1-60m-free-02
https://kyounoko.jp/plan/p-weekday-2-3-15m-free-01
https://kyounoko.jp/plan/p-weekday-2-3-15m-free-02
https://kyounoko.jp/plan/p-weekday-2-3-15m-free-03
https://kyounoko.jp/plan/p-weekday-2-3-30m-free-01
https://kyounoko.jp/plan/p-weekday-2-3-30m-free-02
https://kyounoko.jp/plan/p-weekday-2-3-30m-free-03
https://kyounoko.jp/plan/p-weekday-2-3-60m-free-01
https://kyounoko.jp/plan/p-weekday-2-3-60m-free-02
https://kyounoko.jp/plan/p-weekday-2-3-60m-free-03
https://kyounoko.jp/plan/p-weekday-2-3-60m-low-01
https://kyounoko.jp/plan/p-weekday-4-6-15m-free-01
https://kyounoko.jp/plan/p-weekday-4-6-15m-free-02
https://kyounoko.jp/plan/p-weekday-4-6-15m-free-03
https://kyounoko.jp/plan/p-weekday-4-6-15m-free-04
https://kyounoko.jp/plan/p-weekday-4-6-30m-free-01
https://kyounoko.jp/plan/p-weekday-4-6-30m-free-02
https://kyounoko.jp/plan/p-weekday-4-6-30m-free-03
https://kyounoko.jp/plan/p-weekday-4-6-30m-low-01
https://kyounoko.jp/plan/p-weekday-4-6-60m-free-01
https://kyounoko.jp/plan/p-weekday-4-6-60m-free-02
https://kyounoko.jp/plan/p-weekday-4-6-60m-free-03
https://kyounoko.jp/plan/p-weekday-4-6-60m-low-01
# submitted at 2026-05-19T20:33:01.518Z (1179 URLs)
https://kyounoko.jp/station/tokyo/asobiba
https://kyounoko.jp/station/tokyo/kouen
https://kyounoko.jp/station/tokyo/ame-asobiba
https://kyounoko.jp/station/akihabara/asobiba
https://kyounoko.jp/station/akihabara/kouen
https://kyounoko.jp/station/akihabara/ame-asobiba
https://kyounoko.jp/station/kanda/asobiba
https://kyounoko.jp/station/kanda/kouen
https://kyounoko.jp/station/kanda/ame-asobiba
https://kyounoko.jp/station/yurakucho/asobiba
https://kyounoko.jp/station/yurakucho/kouen
https://kyounoko.jp/station/yurakucho/ame-asobiba
https://kyounoko.jp/station/iidabashi/asobiba
https://kyounoko.jp/station/iidabashi/kouen
https://kyounoko.jp/station/iidabashi/ame-asobiba
https://kyounoko.jp/station/ichigaya/asobiba
https://kyounoko.jp/station/ichigaya/kouen
https://kyounoko.jp/station/ichigaya/ame-asobiba
https://kyounoko.jp/station/yotsuya/asobiba
https://kyounoko.jp/station/yotsuya/kouen
https://kyounoko.jp/station/yotsuya/ame-asobiba
https://kyounoko.jp/station/ochanomizu/asobiba
https://kyounoko.jp/station/ochanomizu/kouen
https://kyounoko.jp/station/ochanomizu/ame-asobiba
https://kyounoko.jp/station/shin-ochanomizu/asobiba
https://kyounoko.jp/station/shin-ochanomizu/kouen
https://kyounoko.jp/station/shin-ochanomizu/ame-asobiba
https://kyounoko.jp/station/awajicho/asobiba
https://kyounoko.jp/station/awajicho/kouen
https://kyounoko.jp/station/awajicho/ame-asobiba
https://kyounoko.jp/station/ogawamachi/asobiba
https://kyounoko.jp/station/ogawamachi/kouen
https://kyounoko.jp/station/ogawamachi/ame-asobiba
https://kyounoko.jp/station/iwamotocho/asobiba
https://kyounoko.jp/station/iwamotocho/kouen
https://kyounoko.jp/station/iwamotocho/ame-asobiba
https://kyounoko.jp/station/otemachi/asobiba
https://kyounoko.jp/station/otemachi/kouen
https://kyounoko.jp/station/otemachi/ame-asobiba
https://kyounoko.jp/station/nijubashimae/asobiba
https://kyounoko.jp/station/nijubashimae/kouen
https://kyounoko.jp/station/nijubashimae/ame-asobiba
https://kyounoko.jp/station/hibiya/asobiba
https://kyounoko.jp/station/hibiya/kouen
https://kyounoko.jp/station/hibiya/ame-asobiba
https://kyounoko.jp/station/kasumigaseki/asobiba
https://kyounoko.jp/station/kasumigaseki/kouen
https://kyounoko.jp/station/kasumigaseki/ame-asobiba
https://kyounoko.jp/station/kokkai-gijidomae/asobiba
https://kyounoko.jp/station/kokkai-gijidomae/kouen
https://kyounoko.jp/station/kokkai-gijidomae/ame-asobiba
https://kyounoko.jp/station/nagatacho/asobiba
https://kyounoko.jp/station/nagatacho/kouen
https://kyounoko.jp/station/nagatacho/ame-asobiba
https://kyounoko.jp/station/akasaka-mitsuke/asobiba
https://kyounoko.jp/station/akasaka-mitsuke/kouen
https://kyounoko.jp/station/akasaka-mitsuke/ame-asobiba
https://kyounoko.jp/station/hanzomon/asobiba
https://kyounoko.jp/station/hanzomon/kouen
https://kyounoko.jp/station/hanzomon/ame-asobiba
https://kyounoko.jp/station/kojimachi/asobiba
https://kyounoko.jp/station/kojimachi/kouen
https://kyounoko.jp/station/kojimachi/ame-asobiba
https://kyounoko.jp/station/kudanshita/asobiba
https://kyounoko.jp/station/kudanshita/kouen
https://kyounoko.jp/station/kudanshita/ame-asobiba
https://kyounoko.jp/station/jimbocho/asobiba
https://kyounoko.jp/station/jimbocho/kouen
https://kyounoko.jp/station/jimbocho/ame-asobiba
https://kyounoko.jp/station/takebashi/asobiba
https://kyounoko.jp/station/takebashi/kouen
https://kyounoko.jp/station/takebashi/ame-asobiba
https://kyounoko.jp/station/suidobashi/asobiba
https://kyounoko.jp/station/suidobashi/kouen
https://kyounoko.jp/station/suidobashi/ame-asobiba
https://kyounoko.jp/station/ginza/asobiba
https://kyounoko.jp/station/ginza/ame-asobiba
https://kyounoko.jp/station/ginza-itchome/asobiba
https://kyounoko.jp/station/ginza-itchome/ame-asobiba
https://kyounoko.jp/station/higashi-ginza/asobiba
https://kyounoko.jp/station/higashi-ginza/ame-asobiba
https://kyounoko.jp/station/nihombashi/asobiba
https://kyounoko.jp/station/nihombashi/ame-asobiba
https://kyounoko.jp/station/mitsukoshimae/asobiba
https://kyounoko.jp/station/mitsukoshimae/ame-asobiba
https://kyounoko.jp/station/shintomicho/asobiba
https://kyounoko.jp/station/shintomicho/ame-asobiba
https://kyounoko.jp/station/tsukiji/asobiba
https://kyounoko.jp/station/tsukiji/ame-asobiba
https://kyounoko.jp/station/tsukijishijo/asobiba
https://kyounoko.jp/station/tsukijishijo/ame-asobiba
https://kyounoko.jp/station/tsukishima/asobiba
https://kyounoko.jp/station/tsukishima/ame-asobiba
https://kyounoko.jp/station/kachidoki/asobiba
https://kyounoko.jp/station/kachidoki/ame-asobiba
https://kyounoko.jp/station/kayabacho/asobiba
https://kyounoko.jp/station/kayabacho/ame-asobiba
https://kyounoko.jp/station/hatchobori/asobiba
https://kyounoko.jp/station/hatchobori/ame-asobiba
https://kyounoko.jp/station/suitengumae/asobiba
https://kyounoko.jp/station/suitengumae/ame-asobiba
https://kyounoko.jp/station/ningyocho/asobiba
https://kyounoko.jp/station/ningyocho/ame-asobiba
https://kyounoko.jp/station/kodemmacho/asobiba
https://kyounoko.jp/station/kodemmacho/ame-asobiba
https://kyounoko.jp/station/bakuroyokoyama/asobiba
https://kyounoko.jp/station/bakuroyokoyama/ame-asobiba
https://kyounoko.jp/station/bakurocho/asobiba
https://kyounoko.jp/station/bakurocho/ame-asobiba
https://kyounoko.jp/station/higashi-nihombashi/asobiba
https://kyounoko.jp/station/higashi-nihombashi/ame-asobiba
https://kyounoko.jp/station/hamacho/asobiba
https://kyounoko.jp/station/hamacho/ame-asobiba
https://kyounoko.jp/station/shinagawa/asobiba
https://kyounoko.jp/station/shinagawa/kouen
https://kyounoko.jp/station/shinagawa/ame-asobiba
https://kyounoko.jp/station/shimbashi/asobiba
https://kyounoko.jp/station/shimbashi/kouen
https://kyounoko.jp/station/shimbashi/ame-asobiba
https://kyounoko.jp/station/tamachi/asobiba
https://kyounoko.jp/station/tamachi/kouen
https://kyounoko.jp/station/tamachi/ame-asobiba
https://kyounoko.jp/station/mita/asobiba
https://kyounoko.jp/station/mita/kouen
https://kyounoko.jp/station/mita/ame-asobiba
https://kyounoko.jp/station/hamamatsucho/asobiba
https://kyounoko.jp/station/hamamatsucho/kouen
https://kyounoko.jp/station/hamamatsucho/ame-asobiba
https://kyounoko.jp/station/daimon/asobiba
https://kyounoko.jp/station/daimon/kouen
https://kyounoko.jp/station/daimon/ame-asobiba
https://kyounoko.jp/station/shibakoen/asobiba
https://kyounoko.jp/station/shibakoen/kouen
https://kyounoko.jp/station/shibakoen/ame-asobiba
https://kyounoko.jp/station/onarimon/asobiba
https://kyounoko.jp/station/onarimon/kouen
https://kyounoko.jp/station/onarimon/ame-asobiba
https://kyounoko.jp/station/akabanebashi/asobiba
https://kyounoko.jp/station/akabanebashi/kouen
https://kyounoko.jp/station/akabanebashi/ame-asobiba
https://kyounoko.jp/station/roppongi/asobiba
https://kyounoko.jp/station/roppongi/kouen
https://kyounoko.jp/station/roppongi/ame-asobiba
https://kyounoko.jp/station/roppongi-itchome/asobiba
https://kyounoko.jp/station/roppongi-itchome/kouen
https://kyounoko.jp/station/roppongi-itchome/ame-asobiba
https://kyounoko.jp/station/azabu-juban/asobiba
https://kyounoko.jp/station/azabu-juban/kouen
https://kyounoko.jp/station/azabu-juban/ame-asobiba
https://kyounoko.jp/station/hiroo/asobiba
https://kyounoko.jp/station/hiroo/kouen
https://kyounoko.jp/station/hiroo/ame-asobiba
https://kyounoko.jp/station/akasaka/asobiba
https://kyounoko.jp/station/akasaka/kouen
https://kyounoko.jp/station/akasaka/ame-asobiba
https://kyounoko.jp/station/aoyama-itchome/asobiba
https://kyounoko.jp/station/aoyama-itchome/kouen
https://kyounoko.jp/station/aoyama-itchome/ame-asobiba
https://kyounoko.jp/station/gaiemmae/asobiba
https://kyounoko.jp/station/gaiemmae/kouen
https://kyounoko.jp/station/gaiemmae/ame-asobiba
https://kyounoko.jp/station/omotesando/asobiba
https://kyounoko.jp/station/omotesando/kouen
https://kyounoko.jp/station/omotesando/ame-asobiba
https://kyounoko.jp/station/nogizaka/asobiba
https://kyounoko.jp/station/nogizaka/kouen
https://kyounoko.jp/station/nogizaka/ame-asobiba
https://kyounoko.jp/station/shirokanedai/asobiba
https://kyounoko.jp/station/shirokanedai/kouen
https://kyounoko.jp/station/shirokanedai/ame-asobiba
https://kyounoko.jp/station/shirokane-takanawa/asobiba
https://kyounoko.jp/station/shirokane-takanawa/kouen
https://kyounoko.jp/station/shirokane-takanawa/ame-asobiba
https://kyounoko.jp/station/takanawadai/asobiba
https://kyounoko.jp/station/takanawadai/kouen
https://kyounoko.jp/station/takanawadai/ame-asobiba
https://kyounoko.jp/station/takanawa-gateway/asobiba
https://kyounoko.jp/station/takanawa-gateway/kouen
https://kyounoko.jp/station/takanawa-gateway/ame-asobiba
https://kyounoko.jp/station/sengakuji/asobiba
https://kyounoko.jp/station/sengakuji/kouen
https://kyounoko.jp/station/sengakuji/ame-asobiba
https://kyounoko.jp/station/shibaura-futo/asobiba
https://kyounoko.jp/station/shibaura-futo/kouen
https://kyounoko.jp/station/shibaura-futo/ame-asobiba
https://kyounoko.jp/station/odaiba-kaihinkoen/asobiba
https://kyounoko.jp/station/odaiba-kaihinkoen/kouen
https://kyounoko.jp/station/odaiba-kaihinkoen/ame-asobiba
https://kyounoko.jp/station/daiba/asobiba
https://kyounoko.jp/station/daiba/kouen
https://kyounoko.jp/station/daiba/ame-asobiba
https://kyounoko.jp/station/tameike-sanno/asobiba
https://kyounoko.jp/station/tameike-sanno/kouen
https://kyounoko.jp/station/tameike-sanno/ame-asobiba
https://kyounoko.jp/station/toranomon/asobiba
https://kyounoko.jp/station/toranomon/kouen
https://kyounoko.jp/station/toranomon/ame-asobiba
https://kyounoko.jp/station/toranomon-hills/asobiba
https://kyounoko.jp/station/toranomon-hills/kouen
https://kyounoko.jp/station/toranomon-hills/ame-asobiba
https://kyounoko.jp/station/kamiyacho/asobiba
https://kyounoko.jp/station/kamiyacho/kouen
https://kyounoko.jp/station/kamiyacho/ame-asobiba
https://kyounoko.jp/station/hinode/asobiba
https://kyounoko.jp/station/hinode/kouen
https://kyounoko.jp/station/hinode/ame-asobiba
https://kyounoko.jp/station/takeshiba/asobiba
https://kyounoko.jp/station/takeshiba/kouen
https://kyounoko.jp/station/takeshiba/ame-asobiba
https://kyounoko.jp/station/shinjuku/asobiba
https://kyounoko.jp/station/shinjuku/kouen
https://kyounoko.jp/station/shinjuku/ame-asobiba
https://kyounoko.jp/station/shinjuku-sanchome/asobiba
https://kyounoko.jp/station/shinjuku-sanchome/kouen
https://kyounoko.jp/station/shinjuku-sanchome/ame-asobiba
https://kyounoko.jp/station/shinjuku-nishiguchi/asobiba
https://kyounoko.jp/station/shinjuku-nishiguchi/kouen
https://kyounoko.jp/station/shinjuku-nishiguchi/ame-asobiba
https://kyounoko.jp/station/nishi-shinjuku/asobiba
https://kyounoko.jp/station/nishi-shinjuku/kouen
https://kyounoko.jp/station/nishi-shinjuku/ame-asobiba
https://kyounoko.jp/station/nishi-shinjuku-gochome/asobiba
https://kyounoko.jp/station/nishi-shinjuku-gochome/kouen
https://kyounoko.jp/station/nishi-shinjuku-gochome/ame-asobiba
https://kyounoko.jp/station/tochomae/asobiba
https://kyounoko.jp/station/tochomae/kouen
https://kyounoko.jp/station/tochomae/ame-asobiba
https://kyounoko.jp/station/minami-shinjuku/asobiba
https://kyounoko.jp/station/minami-shinjuku/kouen
https://kyounoko.jp/station/minami-shinjuku/ame-asobiba
https://kyounoko.jp/station/shinjuku-gyoemmae/asobiba
https://kyounoko.jp/station/shinjuku-gyoemmae/kouen
https://kyounoko.jp/station/shinjuku-gyoemmae/ame-asobiba
https://kyounoko.jp/station/yotsuya-sanchome/asobiba
https://kyounoko.jp/station/yotsuya-sanchome/kouen
https://kyounoko.jp/station/yotsuya-sanchome/ame-asobiba
https://kyounoko.jp/station/akebonobashi/asobiba
https://kyounoko.jp/station/akebonobashi/kouen
https://kyounoko.jp/station/akebonobashi/ame-asobiba
https://kyounoko.jp/station/wakamatsu-kawada/asobiba
https://kyounoko.jp/station/wakamatsu-kawada/kouen
https://kyounoko.jp/station/wakamatsu-kawada/ame-asobiba
https://kyounoko.jp/station/ushigome-yanagicho/asobiba
https://kyounoko.jp/station/ushigome-yanagicho/kouen
https://kyounoko.jp/station/ushigome-yanagicho/ame-asobiba
https://kyounoko.jp/station/ushigome-kagurazaka/asobiba
https://kyounoko.jp/station/ushigome-kagurazaka/kouen
https://kyounoko.jp/station/ushigome-kagurazaka/ame-asobiba
https://kyounoko.jp/station/kagurazaka/asobiba
https://kyounoko.jp/station/kagurazaka/kouen
https://kyounoko.jp/station/kagurazaka/ame-asobiba
https://kyounoko.jp/station/higashi-shinjuku/asobiba
https://kyounoko.jp/station/higashi-shinjuku/kouen
https://kyounoko.jp/station/higashi-shinjuku/ame-asobiba
https://kyounoko.jp/station/shin-okubo/asobiba
https://kyounoko.jp/station/shin-okubo/kouen
https://kyounoko.jp/station/shin-okubo/ame-asobiba
https://kyounoko.jp/station/okubo/asobiba
https://kyounoko.jp/station/okubo/kouen
https://kyounoko.jp/station/okubo/ame-asobiba
https://kyounoko.jp/station/takadanobaba/asobiba
https://kyounoko.jp/station/takadanobaba/kouen
https://kyounoko.jp/station/takadanobaba/ame-asobiba
https://kyounoko.jp/station/shimo-ochiai/asobiba
https://kyounoko.jp/station/shimo-ochiai/kouen
https://kyounoko.jp/station/shimo-ochiai/ame-asobiba
https://kyounoko.jp/station/nakai/asobiba
https://kyounoko.jp/station/nakai/kouen
https://kyounoko.jp/station/nakai/ame-asobiba
https://kyounoko.jp/station/ochiai/asobiba
https://kyounoko.jp/station/ochiai/kouen
https://kyounoko.jp/station/ochiai/ame-asobiba
https://kyounoko.jp/station/ochiai-minami-nagasaki/asobiba
https://kyounoko.jp/station/ochiai-minami-nagasaki/kouen
https://kyounoko.jp/station/ochiai-minami-nagasaki/ame-asobiba
https://kyounoko.jp/station/waseda/asobiba
https://kyounoko.jp/station/waseda/kouen
https://kyounoko.jp/station/waseda/ame-asobiba
https://kyounoko.jp/station/nishi-waseda/asobiba
https://kyounoko.jp/station/nishi-waseda/kouen
https://kyounoko.jp/station/nishi-waseda/ame-asobiba
https://kyounoko.jp/station/shinanomachi/asobiba
https://kyounoko.jp/station/shinanomachi/kouen
https://kyounoko.jp/station/shinanomachi/ame-asobiba
https://kyounoko.jp/station/sendagaya/asobiba
https://kyounoko.jp/station/sendagaya/kouen
https://kyounoko.jp/station/sendagaya/ame-asobiba
https://kyounoko.jp/station/kokuritsu-kyogijo/asobiba
https://kyounoko.jp/station/kokuritsu-kyogijo/kouen
https://kyounoko.jp/station/kokuritsu-kyogijo/ame-asobiba
https://kyounoko.jp/station/seibi-shinjuku/asobiba
https://kyounoko.jp/station/seibi-shinjuku/kouen
https://kyounoko.jp/station/seibi-shinjuku/ame-asobiba
https://kyounoko.jp/station/kasuga/asobiba
https://kyounoko.jp/station/kasuga/kouen
https://kyounoko.jp/station/kasuga/ame-asobiba
https://kyounoko.jp/station/korakuen/asobiba
https://kyounoko.jp/station/korakuen/kouen
https://kyounoko.jp/station/korakuen/ame-asobiba
https://kyounoko.jp/station/hongo-sanchome/asobiba
https://kyounoko.jp/station/hongo-sanchome/kouen
https://kyounoko.jp/station/hongo-sanchome/ame-asobiba
https://kyounoko.jp/station/yushima/asobiba
https://kyounoko.jp/station/yushima/kouen
https://kyounoko.jp/station/yushima/ame-asobiba
https://kyounoko.jp/station/nezu/asobiba
https://kyounoko.jp/station/nezu/kouen
https://kyounoko.jp/station/nezu/ame-asobiba
https://kyounoko.jp/station/sendagi/asobiba
https://kyounoko.jp/station/sendagi/kouen
https://kyounoko.jp/station/sendagi/ame-asobiba
https://kyounoko.jp/station/hakusan/asobiba
https://kyounoko.jp/station/hakusan/kouen
https://kyounoko.jp/station/hakusan/ame-asobiba
https://kyounoko.jp/station/sengoku/asobiba
https://kyounoko.jp/station/sengoku/kouen
https://kyounoko.jp/station/sengoku/ame-asobiba
https://kyounoko.jp/station/myogadani/asobiba
https://kyounoko.jp/station/myogadani/kouen
https://kyounoko.jp/station/myogadani/ame-asobiba
https://kyounoko.jp/station/edogawabashi/asobiba
https://kyounoko.jp/station/edogawabashi/kouen
https://kyounoko.jp/station/edogawabashi/ame-asobiba
https://kyounoko.jp/station/gokokuji/asobiba
https://kyounoko.jp/station/gokokuji/kouen
https://kyounoko.jp/station/gokokuji/ame-asobiba
https://kyounoko.jp/station/shin-otsuka/asobiba
https://kyounoko.jp/station/shin-otsuka/kouen
https://kyounoko.jp/station/shin-otsuka/ame-asobiba
https://kyounoko.jp/station/todaimae/asobiba
https://kyounoko.jp/station/todaimae/kouen
https://kyounoko.jp/station/todaimae/ame-asobiba
https://kyounoko.jp/station/hon-komagome/asobiba
https://kyounoko.jp/station/hon-komagome/kouen
https://kyounoko.jp/station/hon-komagome/ame-asobiba
https://kyounoko.jp/station/ueno/asobiba
https://kyounoko.jp/station/ueno/kouen
https://kyounoko.jp/station/ueno/ame-asobiba
https://kyounoko.jp/station/okachimachi/asobiba
https://kyounoko.jp/station/okachimachi/kouen
https://kyounoko.jp/station/okachimachi/ame-asobiba
https://kyounoko.jp/station/ueno-hirokoji/asobiba
https://kyounoko.jp/station/ueno-hirokoji/kouen
https://kyounoko.jp/station/ueno-hirokoji/ame-asobiba
https://kyounoko.jp/station/naka-okachimachi/asobiba
https://kyounoko.jp/station/naka-okachimachi/kouen
https://kyounoko.jp/station/naka-okachimachi/ame-asobiba
https://kyounoko.jp/station/ueno-okachimachi/asobiba
https://kyounoko.jp/station/ueno-okachimachi/kouen
https://kyounoko.jp/station/ueno-okachimachi/ame-asobiba
https://kyounoko.jp/station/shin-okachimachi/asobiba
https://kyounoko.jp/station/shin-okachimachi/kouen
https://kyounoko.jp/station/shin-okachimachi/ame-asobiba
https://kyounoko.jp/station/inaricho/asobiba
https://kyounoko.jp/station/inaricho/kouen
https://kyounoko.jp/station/inaricho/ame-asobiba
https://kyounoko.jp/station/tawaramachi/asobiba
https://kyounoko.jp/station/tawaramachi/kouen
https://kyounoko.jp/station/tawaramachi/ame-asobiba
https://kyounoko.jp/station/asakusa/asobiba
https://kyounoko.jp/station/asakusa/kouen
https://kyounoko.jp/station/asakusa/ame-asobiba
https://kyounoko.jp/station/kuramae/asobiba
https://kyounoko.jp/station/kuramae/kouen
https://kyounoko.jp/station/kuramae/ame-asobiba
https://kyounoko.jp/station/asakusabashi/asobiba
https://kyounoko.jp/station/asakusabashi/kouen
https://kyounoko.jp/station/asakusabashi/ame-asobiba
https://kyounoko.jp/station/iriya/asobiba
https://kyounoko.jp/station/iriya/kouen
https://kyounoko.jp/station/iriya/ame-asobiba
https://kyounoko.jp/station/minowa/asobiba
https://kyounoko.jp/station/minowa/kouen
https://kyounoko.jp/station/minowa/ame-asobiba
https://kyounoko.jp/station/uguisudani/asobiba
https://kyounoko.jp/station/uguisudani/kouen
https://kyounoko.jp/station/uguisudani/ame-asobiba
https://kyounoko.jp/station/keisei-ueno/asobiba
https://kyounoko.jp/station/keisei-ueno/kouen
https://kyounoko.jp/station/keisei-ueno/ame-asobiba
https://kyounoko.jp/station/kinshicho/asobiba
https://kyounoko.jp/station/kinshicho/kouen
https://kyounoko.jp/station/kinshicho/ame-asobiba
https://kyounoko.jp/station/ryogoku/asobiba
https://kyounoko.jp/station/ryogoku/kouen
https://kyounoko.jp/station/ryogoku/ame-asobiba
https://kyounoko.jp/station/oshiage/asobiba
https://kyounoko.jp/station/oshiage/kouen
https://kyounoko.jp/station/oshiage/ame-asobiba
https://kyounoko.jp/station/tokyo-skytree/asobiba
https://kyounoko.jp/station/tokyo-skytree/kouen
https://kyounoko.jp/station/tokyo-skytree/ame-asobiba
https://kyounoko.jp/station/honjo-azumabashi/asobiba
https://kyounoko.jp/station/honjo-azumabashi/kouen
https://kyounoko.jp/station/honjo-azumabashi/ame-asobiba
https://kyounoko.jp/station/kikukawa/asobiba
https://kyounoko.jp/station/kikukawa/kouen
https://kyounoko.jp/station/kikukawa/ame-asobiba
https://kyounoko.jp/station/higashi-azuma/asobiba
https://kyounoko.jp/station/higashi-azuma/kouen
https://kyounoko.jp/station/higashi-azuma/ame-asobiba
https://kyounoko.jp/station/hikifune/asobiba
https://kyounoko.jp/station/hikifune/kouen
https://kyounoko.jp/station/hikifune/ame-asobiba
https://kyounoko.jp/station/keisei-hikifune/asobiba
https://kyounoko.jp/station/keisei-hikifune/kouen
https://kyounoko.jp/station/keisei-hikifune/ame-asobiba
https://kyounoko.jp/station/yahiro/asobiba
https://kyounoko.jp/station/yahiro/kouen
https://kyounoko.jp/station/yahiro/ame-asobiba
https://kyounoko.jp/station/higashi-mukojima/asobiba
https://kyounoko.jp/station/higashi-mukojima/kouen
https://kyounoko.jp/station/higashi-mukojima/ame-asobiba
https://kyounoko.jp/station/kanegafuchi/asobiba
https://kyounoko.jp/station/kanegafuchi/kouen
https://kyounoko.jp/station/kanegafuchi/ame-asobiba
https://kyounoko.jp/station/omurai/asobiba
https://kyounoko.jp/station/omurai/kouen
https://kyounoko.jp/station/omurai/ame-asobiba
https://kyounoko.jp/station/monzen-nakacho/asobiba
https://kyounoko.jp/station/monzen-nakacho/kouen
https://kyounoko.jp/station/monzen-nakacho/ame-asobiba
https://kyounoko.jp/station/kiba/asobiba
https://kyounoko.jp/station/kiba/kouen
https://kyounoko.jp/station/kiba/ame-asobiba
https://kyounoko.jp/station/toyocho/asobiba
https://kyounoko.jp/station/toyocho/kouen
https://kyounoko.jp/station/toyocho/ame-asobiba
https://kyounoko.jp/station/minami-sunamachi/asobiba
https://kyounoko.jp/station/minami-sunamachi/kouen
https://kyounoko.jp/station/minami-sunamachi/ame-asobiba
https://kyounoko.jp/station/kameido/asobiba
https://kyounoko.jp/station/kameido/kouen
https://kyounoko.jp/station/kameido/ame-asobiba
https://kyounoko.jp/station/kameido-suijin/asobiba
https://kyounoko.jp/station/kameido-suijin/kouen
https://kyounoko.jp/station/kameido-suijin/ame-asobiba
https://kyounoko.jp/station/morishita/asobiba
https://kyounoko.jp/station/morishita/kouen
https://kyounoko.jp/station/morishita/ame-asobiba
https://kyounoko.jp/station/kiyosumi-shirakawa/asobiba
https://kyounoko.jp/station/kiyosumi-shirakawa/kouen
https://kyounoko.jp/station/kiyosumi-shirakawa/ame-asobiba
https://kyounoko.jp/station/shinonome/asobiba
https://kyounoko.jp/station/shinonome/kouen
https://kyounoko.jp/station/shinonome/ame-asobiba
https://kyounoko.jp/station/sumiyoshi/asobiba
https://kyounoko.jp/station/sumiyoshi/kouen
https://kyounoko.jp/station/sumiyoshi/ame-asobiba
https://kyounoko.jp/station/nishi-ojima/asobiba
https://kyounoko.jp/station/nishi-ojima/kouen
https://kyounoko.jp/station/nishi-ojima/ame-asobiba
https://kyounoko.jp/station/ojima/asobiba
https://kyounoko.jp/station/ojima/kouen
https://kyounoko.jp/station/ojima/ame-asobiba
https://kyounoko.jp/station/higashi-ojima/asobiba
https://kyounoko.jp/station/higashi-ojima/kouen
https://kyounoko.jp/station/higashi-ojima/ame-asobiba
https://kyounoko.jp/station/shiomi/asobiba
https://kyounoko.jp/station/shiomi/kouen
https://kyounoko.jp/station/shiomi/ame-asobiba
https://kyounoko.jp/station/shin-kiba/asobiba
https://kyounoko.jp/station/shin-kiba/kouen
https://kyounoko.jp/station/shin-kiba/ame-asobiba
https://kyounoko.jp/station/toyosu/asobiba
https://kyounoko.jp/station/toyosu/kouen
https://kyounoko.jp/station/toyosu/ame-asobiba
https://kyounoko.jp/station/tatsumi/asobiba
https://kyounoko.jp/station/tatsumi/kouen
https://kyounoko.jp/station/tatsumi/ame-asobiba
https://kyounoko.jp/station/shijomae/asobiba
https://kyounoko.jp/station/shijomae/kouen
https://kyounoko.jp/station/shijomae/ame-asobiba
https://kyounoko.jp/station/shin-toyosu/asobiba
https://kyounoko.jp/station/shin-toyosu/kouen
https://kyounoko.jp/station/shin-toyosu/ame-asobiba
https://kyounoko.jp/station/ariake/asobiba
https://kyounoko.jp/station/ariake/kouen
https://kyounoko.jp/station/ariake/ame-asobiba
https://kyounoko.jp/station/ariake-tennis-no-mori/asobiba
https://kyounoko.jp/station/ariake-tennis-no-mori/kouen
https://kyounoko.jp/station/ariake-tennis-no-mori/ame-asobiba
https://kyounoko.jp/station/kokusai-tenjijo/asobiba
https://kyounoko.jp/station/kokusai-tenjijo/kouen
https://kyounoko.jp/station/kokusai-tenjijo/ame-asobiba
https://kyounoko.jp/station/tokyo-big-sight/asobiba
https://kyounoko.jp/station/tokyo-big-sight/kouen
https://kyounoko.jp/station/tokyo-big-sight/ame-asobiba
https://kyounoko.jp/station/aomi/asobiba
https://kyounoko.jp/station/aomi/kouen
https://kyounoko.jp/station/aomi/ame-asobiba
https://kyounoko.jp/station/telecom-center/asobiba
https://kyounoko.jp/station/telecom-center/kouen
https://kyounoko.jp/station/telecom-center/ame-asobiba
https://kyounoko.jp/station/tokyo-teleport/asobiba
https://kyounoko.jp/station/tokyo-teleport/kouen
https://kyounoko.jp/station/tokyo-teleport/ame-asobiba
https://kyounoko.jp/station/fune-no-kagakukan/asobiba
https://kyounoko.jp/station/fune-no-kagakukan/kouen
https://kyounoko.jp/station/fune-no-kagakukan/ame-asobiba
https://kyounoko.jp/station/tokyo-international-cruise/asobiba
https://kyounoko.jp/station/tokyo-international-cruise/kouen
https://kyounoko.jp/station/tokyo-international-cruise/ame-asobiba
https://kyounoko.jp/station/etchujima/asobiba
https://kyounoko.jp/station/etchujima/kouen
https://kyounoko.jp/station/etchujima/ame-asobiba
https://kyounoko.jp/station/osaki/asobiba
https://kyounoko.jp/station/osaki/kouen
https://kyounoko.jp/station/osaki/ame-asobiba
https://kyounoko.jp/station/gotanda/asobiba
https://kyounoko.jp/station/gotanda/kouen
https://kyounoko.jp/station/gotanda/ame-asobiba
https://kyounoko.jp/station/meguro/asobiba
https://kyounoko.jp/station/meguro/kouen
https://kyounoko.jp/station/meguro/ame-asobiba
https://kyounoko.jp/station/shinagawa-seaside/asobiba
https://kyounoko.jp/station/shinagawa-seaside/kouen
https://kyounoko.jp/station/shinagawa-seaside/ame-asobiba
https://kyounoko.jp/station/tennozu-isle/asobiba
https://kyounoko.jp/station/tennozu-isle/kouen
https://kyounoko.jp/station/tennozu-isle/ame-asobiba
https://kyounoko.jp/station/oimachi/asobiba
https://kyounoko.jp/station/oimachi/kouen
https://kyounoko.jp/station/oimachi/ame-asobiba
https://kyounoko.jp/station/shimo-shimmei/asobiba
https://kyounoko.jp/station/shimo-shimmei/kouen
https://kyounoko.jp/station/shimo-shimmei/ame-asobiba
https://kyounoko.jp/station/togoshi-koen/asobiba
https://kyounoko.jp/station/togoshi-koen/kouen
https://kyounoko.jp/station/togoshi-koen/ame-asobiba
https://kyounoko.jp/station/togoshi/asobiba
https://kyounoko.jp/station/togoshi/kouen
https://kyounoko.jp/station/togoshi/ame-asobiba
https://kyounoko.jp/station/togoshi-ginza/asobiba
https://kyounoko.jp/station/togoshi-ginza/kouen
https://kyounoko.jp/station/togoshi-ginza/ame-asobiba
https://kyounoko.jp/station/nakanobu/asobiba
https://kyounoko.jp/station/nakanobu/kouen
https://kyounoko.jp/station/nakanobu/ame-asobiba
https://kyounoko.jp/station/ebara-machi/asobiba
https://kyounoko.jp/station/ebara-machi/kouen
https://kyounoko.jp/station/ebara-machi/ame-asobiba
https://kyounoko.jp/station/hatanodai/asobiba
https://kyounoko.jp/station/hatanodai/kouen
https://kyounoko.jp/station/hatanodai/ame-asobiba
https://kyounoko.jp/station/kita-shinagawa/asobiba
https://kyounoko.jp/station/kita-shinagawa/kouen
https://kyounoko.jp/station/kita-shinagawa/ame-asobiba
https://kyounoko.jp/station/shimbamba/asobiba
https://kyounoko.jp/station/shimbamba/kouen
https://kyounoko.jp/station/shimbamba/ame-asobiba
https://kyounoko.jp/station/aomono-yokocho/asobiba
https://kyounoko.jp/station/aomono-yokocho/kouen
https://kyounoko.jp/station/aomono-yokocho/ame-asobiba
https://kyounoko.jp/station/samezu/asobiba
https://kyounoko.jp/station/samezu/kouen
https://kyounoko.jp/station/samezu/ame-asobiba
https://kyounoko.jp/station/tachiaigawa/asobiba
https://kyounoko.jp/station/tachiaigawa/kouen
https://kyounoko.jp/station/tachiaigawa/ame-asobiba
https://kyounoko.jp/station/omori-kaigan/asobiba
https://kyounoko.jp/station/omori-kaigan/kouen
https://kyounoko.jp/station/omori-kaigan/ame-asobiba
https://kyounoko.jp/station/ebara-nakanobu/asobiba
https://kyounoko.jp/station/ebara-nakanobu/kouen
https://kyounoko.jp/station/ebara-nakanobu/ame-asobiba
https://kyounoko.jp/station/fudomae/asobiba
https://kyounoko.jp/station/fudomae/kouen
https://kyounoko.jp/station/fudomae/ame-asobiba
https://kyounoko.jp/station/musashi-koyama/asobiba
https://kyounoko.jp/station/musashi-koyama/kouen
https://kyounoko.jp/station/musashi-koyama/ame-asobiba
https://kyounoko.jp/station/oi-keibajo-mae/asobiba
https://kyounoko.jp/station/oi-keibajo-mae/kouen
https://kyounoko.jp/station/oi-keibajo-mae/ame-asobiba
https://kyounoko.jp/station/naka-meguro/kouen
https://kyounoko.jp/station/yutenji/kouen
https://kyounoko.jp/station/gakugei-daigaku/kouen
https://kyounoko.jp/station/toritsu-daigaku/kouen
https://kyounoko.jp/station/jiyugaoka/kouen
https://kyounoko.jp/station/midorigaoka/kouen
https://kyounoko.jp/station/ookayama/kouen
https://kyounoko.jp/station/senzoku/kouen
https://kyounoko.jp/station/nishi-koyama/kouen
https://kyounoko.jp/station/komaba-todaimae/kouen
https://kyounoko.jp/station/omori/asobiba
https://kyounoko.jp/station/omori/kouen
https://kyounoko.jp/station/omori/ame-asobiba
https://kyounoko.jp/station/kamata/asobiba
https://kyounoko.jp/station/kamata/kouen
https://kyounoko.jp/station/kamata/ame-asobiba
https://kyounoko.jp/station/keikyu-kamata/asobiba
https://kyounoko.jp/station/keikyu-kamata/kouen
https://kyounoko.jp/station/keikyu-kamata/ame-asobiba
https://kyounoko.jp/station/umeyashiki/asobiba
https://kyounoko.jp/station/umeyashiki/kouen
https://kyounoko.jp/station/umeyashiki/ame-asobiba
https://kyounoko.jp/station/omori-machi/asobiba
https://kyounoko.jp/station/omori-machi/kouen
https://kyounoko.jp/station/omori-machi/ame-asobiba
https://kyounoko.jp/station/heiwajima/asobiba
https://kyounoko.jp/station/heiwajima/kouen
https://kyounoko.jp/station/heiwajima/ame-asobiba
https://kyounoko.jp/station/rokugo-dote/asobiba
https://kyounoko.jp/station/rokugo-dote/kouen
https://kyounoko.jp/station/rokugo-dote/ame-asobiba
https://kyounoko.jp/station/zoshiki/asobiba
https://kyounoko.jp/station/zoshiki/kouen
https://kyounoko.jp/station/zoshiki/ame-asobiba
https://kyounoko.jp/station/kojiya/asobiba
https://kyounoko.jp/station/kojiya/kouen
https://kyounoko.jp/station/kojiya/ame-asobiba
https://kyounoko.jp/station/otorii/asobiba
https://kyounoko.jp/station/otorii/kouen
https://kyounoko.jp/station/otorii/ame-asobiba
https://kyounoko.jp/station/anamori-inari/asobiba
https://kyounoko.jp/station/anamori-inari/kouen
https://kyounoko.jp/station/anamori-inari/ame-asobiba
https://kyounoko.jp/station/tenkubashi/asobiba
https://kyounoko.jp/station/tenkubashi/kouen
https://kyounoko.jp/station/tenkubashi/ame-asobiba
https://kyounoko.jp/station/haneda-airport-t1/asobiba
https://kyounoko.jp/station/haneda-airport-t1/kouen
https://kyounoko.jp/station/haneda-airport-t1/ame-asobiba
https://kyounoko.jp/station/haneda-airport-t2/asobiba
https://kyounoko.jp/station/haneda-airport-t2/kouen
https://kyounoko.jp/station/haneda-airport-t2/ame-asobiba
https://kyounoko.jp/station/haneda-airport-t3/asobiba
https://kyounoko.jp/station/haneda-airport-t3/kouen
https://kyounoko.jp/station/haneda-airport-t3/ame-asobiba
https://kyounoko.jp/station/shin-seibijo/asobiba
https://kyounoko.jp/station/shin-seibijo/kouen
https://kyounoko.jp/station/shin-seibijo/ame-asobiba
https://kyounoko.jp/station/seibijo/asobiba
https://kyounoko.jp/station/seibijo/kouen
https://kyounoko.jp/station/seibijo/ame-asobiba
https://kyounoko.jp/station/showajima/asobiba
https://kyounoko.jp/station/showajima/kouen
https://kyounoko.jp/station/showajima/ame-asobiba
https://kyounoko.jp/station/ryutsu-center/asobiba
https://kyounoko.jp/station/ryutsu-center/kouen
https://kyounoko.jp/station/ryutsu-center/ame-asobiba
https://kyounoko.jp/station/ikegami/asobiba
https://kyounoko.jp/station/ikegami/kouen
https://kyounoko.jp/station/ikegami/ame-asobiba
https://kyounoko.jp/station/hasunuma/asobiba
https://kyounoko.jp/station/hasunuma/kouen
https://kyounoko.jp/station/hasunuma/ame-asobiba
https://kyounoko.jp/station/chidoricho/asobiba
https://kyounoko.jp/station/chidoricho/kouen
https://kyounoko.jp/station/chidoricho/ame-asobiba
https://kyounoko.jp/station/ontakesan/asobiba
https://kyounoko.jp/station/ontakesan/kouen
https://kyounoko.jp/station/ontakesan/ame-asobiba
https://kyounoko.jp/station/kugahara/asobiba
https://kyounoko.jp/station/kugahara/kouen
https://kyounoko.jp/station/kugahara/ame-asobiba
https://kyounoko.jp/station/ishikawadai/asobiba
https://kyounoko.jp/station/ishikawadai/kouen
https://kyounoko.jp/station/ishikawadai/ame-asobiba
https://kyounoko.jp/station/yukigaya-otsuka/asobiba
https://kyounoko.jp/station/yukigaya-otsuka/kouen
https://kyounoko.jp/station/yukigaya-otsuka/ame-asobiba
https://kyounoko.jp/station/denenchofu/asobiba
https://kyounoko.jp/station/denenchofu/kouen
https://kyounoko.jp/station/denenchofu/ame-asobiba
https://kyounoko.jp/station/tamagawa/asobiba
https://kyounoko.jp/station/tamagawa/kouen
https://kyounoko.jp/station/tamagawa/ame-asobiba
https://kyounoko.jp/station/numabe/asobiba
https://kyounoko.jp/station/numabe/kouen
https://kyounoko.jp/station/numabe/ame-asobiba
https://kyounoko.jp/station/unoki/asobiba
https://kyounoko.jp/station/unoki/kouen
https://kyounoko.jp/station/unoki/ame-asobiba
https://kyounoko.jp/station/shimo-maruko/asobiba
https://kyounoko.jp/station/shimo-maruko/kouen
https://kyounoko.jp/station/shimo-maruko/ame-asobiba
https://kyounoko.jp/station/musashi-nitta/asobiba
https://kyounoko.jp/station/musashi-nitta/kouen
https://kyounoko.jp/station/musashi-nitta/ame-asobiba
https://kyounoko.jp/station/yaguchi-no-watashi/asobiba
https://kyounoko.jp/station/yaguchi-no-watashi/kouen
https://kyounoko.jp/station/yaguchi-no-watashi/ame-asobiba
https://kyounoko.jp/station/nishi-magome/asobiba
https://kyounoko.jp/station/nishi-magome/kouen
https://kyounoko.jp/station/nishi-magome/ame-asobiba
https://kyounoko.jp/station/magome/asobiba
https://kyounoko.jp/station/magome/kouen
https://kyounoko.jp/station/magome/ame-asobiba
https://kyounoko.jp/station/oimachi-line-okusawa/asobiba
https://kyounoko.jp/station/oimachi-line-okusawa/kouen
https://kyounoko.jp/station/oimachi-line-okusawa/ame-asobiba
https://kyounoko.jp/station/shimokitazawa/asobiba
https://kyounoko.jp/station/shimokitazawa/kouen
https://kyounoko.jp/station/shimokitazawa/ame-asobiba
https://kyounoko.jp/station/higashi-kitazawa/asobiba
https://kyounoko.jp/station/higashi-kitazawa/kouen
https://kyounoko.jp/station/higashi-kitazawa/ame-asobiba
https://kyounoko.jp/station/setagaya-daita/asobiba
https://kyounoko.jp/station/setagaya-daita/kouen
https://kyounoko.jp/station/setagaya-daita/ame-asobiba
https://kyounoko.jp/station/umegaoka/asobiba
https://kyounoko.jp/station/umegaoka/kouen
https://kyounoko.jp/station/umegaoka/ame-asobiba
https://kyounoko.jp/station/gotokuji/asobiba
https://kyounoko.jp/station/gotokuji/kouen
https://kyounoko.jp/station/gotokuji/ame-asobiba
https://kyounoko.jp/station/kyodo/asobiba
https://kyounoko.jp/station/kyodo/kouen
https://kyounoko.jp/station/kyodo/ame-asobiba
https://kyounoko.jp/station/chitose-funabashi/asobiba
https://kyounoko.jp/station/chitose-funabashi/kouen
https://kyounoko.jp/station/chitose-funabashi/ame-asobiba
https://kyounoko.jp/station/soshigaya-okura/asobiba
https://kyounoko.jp/station/soshigaya-okura/kouen
https://kyounoko.jp/station/soshigaya-okura/ame-asobiba
https://kyounoko.jp/station/seijogakuen-mae/asobiba
https://kyounoko.jp/station/seijogakuen-mae/kouen
https://kyounoko.jp/station/seijogakuen-mae/ame-asobiba
https://kyounoko.jp/station/kitami/asobiba
https://kyounoko.jp/station/kitami/kouen
https://kyounoko.jp/station/kitami/ame-asobiba
https://kyounoko.jp/station/sangenjaya/asobiba
https://kyounoko.jp/station/sangenjaya/kouen
https://kyounoko.jp/station/sangenjaya/ame-asobiba
https://kyounoko.jp/station/komazawa-daigaku/asobiba
https://kyounoko.jp/station/komazawa-daigaku/kouen
https://kyounoko.jp/station/komazawa-daigaku/ame-asobiba
https://kyounoko.jp/station/sakura-shimmachi/asobiba
https://kyounoko.jp/station/sakura-shimmachi/kouen
https://kyounoko.jp/station/sakura-shimmachi/ame-asobiba
https://kyounoko.jp/station/yoga/asobiba
https://kyounoko.jp/station/yoga/kouen
https://kyounoko.jp/station/yoga/ame-asobiba
https://kyounoko.jp/station/futako-tamagawa/asobiba
https://kyounoko.jp/station/futako-tamagawa/kouen
https://kyounoko.jp/station/futako-tamagawa/ame-asobiba
https://kyounoko.jp/station/kaminoge/asobiba
https://kyounoko.jp/station/kaminoge/kouen
https://kyounoko.jp/station/kaminoge/ame-asobiba
https://kyounoko.jp/station/todoroki/asobiba
https://kyounoko.jp/station/todoroki/kouen
https://kyounoko.jp/station/todoroki/ame-asobiba
https://kyounoko.jp/station/oyamadai/asobiba
https://kyounoko.jp/station/oyamadai/kouen
https://kyounoko.jp/station/oyamadai/ame-asobiba
https://kyounoko.jp/station/kuhonbutsu/asobiba
https://kyounoko.jp/station/kuhonbutsu/kouen
https://kyounoko.jp/station/kuhonbutsu/ame-asobiba
https://kyounoko.jp/station/nishi-taishido/asobiba
https://kyounoko.jp/station/nishi-taishido/kouen
https://kyounoko.jp/station/nishi-taishido/ame-asobiba
https://kyounoko.jp/station/wakabayashi/asobiba
https://kyounoko.jp/station/wakabayashi/kouen
https://kyounoko.jp/station/wakabayashi/ame-asobiba
https://kyounoko.jp/station/shoin-jinjamae/asobiba
https://kyounoko.jp/station/shoin-jinjamae/kouen
https://kyounoko.jp/station/shoin-jinjamae/ame-asobiba
https://kyounoko.jp/station/setagaya/asobiba
https://kyounoko.jp/station/setagaya/kouen
https://kyounoko.jp/station/setagaya/ame-asobiba
https://kyounoko.jp/station/kamimachi/asobiba
https://kyounoko.jp/station/kamimachi/kouen
https://kyounoko.jp/station/kamimachi/ame-asobiba
https://kyounoko.jp/station/miyanosaka/asobiba
https://kyounoko.jp/station/miyanosaka/kouen
https://kyounoko.jp/station/miyanosaka/ame-asobiba
https://kyounoko.jp/station/yamashita/asobiba
https://kyounoko.jp/station/yamashita/kouen
https://kyounoko.jp/station/yamashita/ame-asobiba
https://kyounoko.jp/station/matsubara/asobiba
https://kyounoko.jp/station/matsubara/kouen
https://kyounoko.jp/station/matsubara/ame-asobiba
https://kyounoko.jp/station/shimo-takaido/asobiba
https://kyounoko.jp/station/shimo-takaido/kouen
https://kyounoko.jp/station/shimo-takaido/ame-asobiba
https://kyounoko.jp/station/sakurajosui/asobiba
https://kyounoko.jp/station/sakurajosui/kouen
https://kyounoko.jp/station/sakurajosui/ame-asobiba
https://kyounoko.jp/station/kami-kitazawa/asobiba
https://kyounoko.jp/station/kami-kitazawa/kouen
https://kyounoko.jp/station/kami-kitazawa/ame-asobiba
https://kyounoko.jp/station/hachimanyama/asobiba
https://kyounoko.jp/station/hachimanyama/kouen
https://kyounoko.jp/station/hachimanyama/ame-asobiba
https://kyounoko.jp/station/roka-koen/asobiba
https://kyounoko.jp/station/roka-koen/kouen
https://kyounoko.jp/station/roka-koen/ame-asobiba
https://kyounoko.jp/station/chitose-karasuyama/asobiba
https://kyounoko.jp/station/chitose-karasuyama/kouen
https://kyounoko.jp/station/chitose-karasuyama/ame-asobiba
https://kyounoko.jp/station/shindaita/asobiba
https://kyounoko.jp/station/shindaita/kouen
https://kyounoko.jp/station/shindaita/ame-asobiba
https://kyounoko.jp/station/higashi-matsubara/asobiba
https://kyounoko.jp/station/higashi-matsubara/kouen
https://kyounoko.jp/station/higashi-matsubara/ame-asobiba
https://kyounoko.jp/station/meidaimae/asobiba
https://kyounoko.jp/station/meidaimae/kouen
https://kyounoko.jp/station/meidaimae/ame-asobiba
https://kyounoko.jp/station/ikenoue/asobiba
https://kyounoko.jp/station/ikenoue/kouen
https://kyounoko.jp/station/ikenoue/ame-asobiba
https://kyounoko.jp/station/shibuya/asobiba
https://kyounoko.jp/station/shibuya/kouen
https://kyounoko.jp/station/shibuya/ame-asobiba
https://kyounoko.jp/station/harajuku/asobiba
https://kyounoko.jp/station/harajuku/kouen
https://kyounoko.jp/station/harajuku/ame-asobiba
https://kyounoko.jp/station/meiji-jingumae/asobiba
https://kyounoko.jp/station/meiji-jingumae/kouen
https://kyounoko.jp/station/meiji-jingumae/ame-asobiba
https://kyounoko.jp/station/yoyogi/asobiba
https://kyounoko.jp/station/yoyogi/kouen
https://kyounoko.jp/station/yoyogi/ame-asobiba
https://kyounoko.jp/station/yoyogi-koen/asobiba
https://kyounoko.jp/station/yoyogi-koen/kouen
https://kyounoko.jp/station/yoyogi-koen/ame-asobiba
https://kyounoko.jp/station/yoyogi-uehara/asobiba
https://kyounoko.jp/station/yoyogi-uehara/kouen
https://kyounoko.jp/station/yoyogi-uehara/ame-asobiba
https://kyounoko.jp/station/yoyogi-hachiman/asobiba
https://kyounoko.jp/station/yoyogi-hachiman/kouen
https://kyounoko.jp/station/yoyogi-hachiman/ame-asobiba
https://kyounoko.jp/station/sangubashi/asobiba
https://kyounoko.jp/station/sangubashi/kouen
https://kyounoko.jp/station/sangubashi/ame-asobiba
https://kyounoko.jp/station/hatsudai/asobiba
https://kyounoko.jp/station/hatsudai/kouen
https://kyounoko.jp/station/hatsudai/ame-asobiba
https://kyounoko.jp/station/hatagaya/asobiba
https://kyounoko.jp/station/hatagaya/kouen
https://kyounoko.jp/station/hatagaya/ame-asobiba
https://kyounoko.jp/station/sasazuka/asobiba
https://kyounoko.jp/station/sasazuka/kouen
https://kyounoko.jp/station/sasazuka/ame-asobiba
https://kyounoko.jp/station/shinsen/asobiba
https://kyounoko.jp/station/shinsen/kouen
https://kyounoko.jp/station/shinsen/ame-asobiba
https://kyounoko.jp/station/ebisu/asobiba
https://kyounoko.jp/station/ebisu/kouen
https://kyounoko.jp/station/ebisu/ame-asobiba
https://kyounoko.jp/station/daikanyama/asobiba
https://kyounoko.jp/station/daikanyama/kouen
https://kyounoko.jp/station/daikanyama/ame-asobiba
https://kyounoko.jp/station/kita-sando/asobiba
https://kyounoko.jp/station/kita-sando/kouen
https://kyounoko.jp/station/kita-sando/ame-asobiba
https://kyounoko.jp/station/honancho/asobiba
https://kyounoko.jp/station/honancho/kouen
https://kyounoko.jp/station/honancho/ame-asobiba
https://kyounoko.jp/station/koenji/asobiba
https://kyounoko.jp/station/koenji/kouen
https://kyounoko.jp/station/koenji/ame-asobiba
https://kyounoko.jp/station/asagaya/asobiba
https://kyounoko.jp/station/asagaya/kouen
https://kyounoko.jp/station/asagaya/ame-asobiba
https://kyounoko.jp/station/ogikubo/asobiba
https://kyounoko.jp/station/ogikubo/kouen
https://kyounoko.jp/station/ogikubo/ame-asobiba
https://kyounoko.jp/station/nishi-ogikubo/asobiba
https://kyounoko.jp/station/nishi-ogikubo/kouen
https://kyounoko.jp/station/nishi-ogikubo/ame-asobiba
https://kyounoko.jp/station/minami-asagaya/asobiba
https://kyounoko.jp/station/minami-asagaya/kouen
https://kyounoko.jp/station/minami-asagaya/ame-asobiba
https://kyounoko.jp/station/shin-koenji/asobiba
https://kyounoko.jp/station/shin-koenji/kouen
https://kyounoko.jp/station/shin-koenji/ame-asobiba
https://kyounoko.jp/station/higashi-koenji/asobiba
https://kyounoko.jp/station/higashi-koenji/kouen
https://kyounoko.jp/station/higashi-koenji/ame-asobiba
https://kyounoko.jp/station/iogi/asobiba
https://kyounoko.jp/station/iogi/kouen
https://kyounoko.jp/station/iogi/ame-asobiba
https://kyounoko.jp/station/kami-igusa/asobiba
https://kyounoko.jp/station/kami-igusa/kouen
https://kyounoko.jp/station/kami-igusa/ame-asobiba
https://kyounoko.jp/station/shimo-igusa/asobiba
https://kyounoko.jp/station/shimo-igusa/kouen
https://kyounoko.jp/station/shimo-igusa/ame-asobiba
https://kyounoko.jp/station/eifukucho/asobiba
https://kyounoko.jp/station/eifukucho/kouen
https://kyounoko.jp/station/eifukucho/ame-asobiba
https://kyounoko.jp/station/nishi-eifuku/asobiba
https://kyounoko.jp/station/nishi-eifuku/kouen
https://kyounoko.jp/station/nishi-eifuku/ame-asobiba
https://kyounoko.jp/station/hamadayama/asobiba
https://kyounoko.jp/station/hamadayama/kouen
https://kyounoko.jp/station/hamadayama/ame-asobiba
https://kyounoko.jp/station/takaido/asobiba
https://kyounoko.jp/station/takaido/kouen
https://kyounoko.jp/station/takaido/ame-asobiba
https://kyounoko.jp/station/fujimigaoka/asobiba
https://kyounoko.jp/station/fujimigaoka/kouen
https://kyounoko.jp/station/fujimigaoka/ame-asobiba
https://kyounoko.jp/station/kugayama/asobiba
https://kyounoko.jp/station/kugayama/kouen
https://kyounoko.jp/station/kugayama/ame-asobiba
https://kyounoko.jp/station/ikebukuro/asobiba
https://kyounoko.jp/station/ikebukuro/ame-asobiba
https://kyounoko.jp/station/mejiro/asobiba
https://kyounoko.jp/station/mejiro/ame-asobiba
https://kyounoko.jp/station/otsuka/asobiba
https://kyounoko.jp/station/otsuka/ame-asobiba
https://kyounoko.jp/station/sugamo/asobiba
https://kyounoko.jp/station/sugamo/ame-asobiba
https://kyounoko.jp/station/komagome/asobiba
https://kyounoko.jp/station/komagome/ame-asobiba
https://kyounoko.jp/station/higashi-ikebukuro/asobiba
https://kyounoko.jp/station/higashi-ikebukuro/ame-asobiba
https://kyounoko.jp/station/kanamecho/asobiba
https://kyounoko.jp/station/kanamecho/ame-asobiba
https://kyounoko.jp/station/senkawa/asobiba
https://kyounoko.jp/station/senkawa/ame-asobiba
https://kyounoko.jp/station/kita-ikebukuro/asobiba
https://kyounoko.jp/station/kita-ikebukuro/ame-asobiba
https://kyounoko.jp/station/shimo-itabashi/asobiba
https://kyounoko.jp/station/shimo-itabashi/ame-asobiba
https://kyounoko.jp/station/shiinamachi/asobiba
https://kyounoko.jp/station/shiinamachi/ame-asobiba
https://kyounoko.jp/station/higashi-nagasaki/asobiba
https://kyounoko.jp/station/higashi-nagasaki/ame-asobiba
https://kyounoko.jp/station/zoshigaya/asobiba
https://kyounoko.jp/station/zoshigaya/ame-asobiba
https://kyounoko.jp/station/mukohara/asobiba
https://kyounoko.jp/station/mukohara/ame-asobiba
https://kyounoko.jp/station/kishibojinmae/asobiba
https://kyounoko.jp/station/kishibojinmae/ame-asobiba
https://kyounoko.jp/station/gakushuin-shita/asobiba
https://kyounoko.jp/station/gakushuin-shita/ame-asobiba
https://kyounoko.jp/station/omokagebashi/asobiba
https://kyounoko.jp/station/omokagebashi/kouen
https://kyounoko.jp/station/omokagebashi/ame-asobiba
https://kyounoko.jp/station/waseda-toden/asobiba
https://kyounoko.jp/station/waseda-toden/kouen
https://kyounoko.jp/station/waseda-toden/ame-asobiba
https://kyounoko.jp/station/higashi-ikebukuro-yonchome/asobiba
https://kyounoko.jp/station/higashi-ikebukuro-yonchome/ame-asobiba
https://kyounoko.jp/station/koshinzuka/asobiba
https://kyounoko.jp/station/koshinzuka/ame-asobiba
https://kyounoko.jp/station/shin-koshinzuka/asobiba
https://kyounoko.jp/station/shin-koshinzuka/ame-asobiba
https://kyounoko.jp/station/nippori/kouen
https://kyounoko.jp/station/nishi-nippori/kouen
https://kyounoko.jp/station/mikawashima/kouen
https://kyounoko.jp/station/minami-senju/kouen
https://kyounoko.jp/station/minowabashi/kouen
https://kyounoko.jp/station/machiya/kouen
https://kyounoko.jp/station/machiya-ekimae/kouen
https://kyounoko.jp/station/arakawa-kuyakushomae/kouen
https://kyounoko.jp/station/arakawa-nichome/kouen
https://kyounoko.jp/station/arakawa-shakomae/kouen
https://kyounoko.jp/station/arakawa-yuenchi-mae/kouen
https://kyounoko.jp/station/arakawa-itchumae/kouen
https://kyounoko.jp/station/higashi-ogu-sanchome/kouen
https://kyounoko.jp/station/kumano-mae/kouen
https://kyounoko.jp/station/akado-shogakko-mae/kouen
https://kyounoko.jp/station/odai/kouen
https://kyounoko.jp/station/itabashi/asobiba
https://kyounoko.jp/station/itabashi/kouen
https://kyounoko.jp/station/itabashi-kuyakushomae/asobiba
https://kyounoko.jp/station/itabashi-kuyakushomae/kouen
https://kyounoko.jp/station/itabashi-honcho/asobiba
https://kyounoko.jp/station/itabashi-honcho/kouen
https://kyounoko.jp/station/motohasunuma/asobiba
https://kyounoko.jp/station/motohasunuma/kouen
https://kyounoko.jp/station/shimura-sakaue/asobiba
https://kyounoko.jp/station/shimura-sakaue/kouen
https://kyounoko.jp/station/shimura-sanchome/asobiba
https://kyounoko.jp/station/shimura-sanchome/kouen
https://kyounoko.jp/station/hasune/asobiba
https://kyounoko.jp/station/hasune/kouen
https://kyounoko.jp/station/nishidai/asobiba
https://kyounoko.jp/station/nishidai/kouen
https://kyounoko.jp/station/takashimadaira/asobiba
https://kyounoko.jp/station/takashimadaira/kouen
https://kyounoko.jp/station/shin-takashimadaira/asobiba
https://kyounoko.jp/station/shin-takashimadaira/kouen
https://kyounoko.jp/station/nishi-takashimadaira/asobiba
https://kyounoko.jp/station/nishi-takashimadaira/kouen
https://kyounoko.jp/station/naka-itabashi/asobiba
https://kyounoko.jp/station/naka-itabashi/kouen
https://kyounoko.jp/station/tokiwadai/asobiba
https://kyounoko.jp/station/tokiwadai/kouen
https://kyounoko.jp/station/kami-itabashi/asobiba
https://kyounoko.jp/station/kami-itabashi/kouen
https://kyounoko.jp/station/tobu-nerima/asobiba
https://kyounoko.jp/station/tobu-nerima/kouen
https://kyounoko.jp/station/shimo-akatsuka/asobiba
https://kyounoko.jp/station/shimo-akatsuka/kouen
https://kyounoko.jp/station/narimasu/asobiba
https://kyounoko.jp/station/narimasu/kouen
https://kyounoko.jp/station/chikatetsu-narimasu/asobiba
https://kyounoko.jp/station/chikatetsu-narimasu/kouen
https://kyounoko.jp/station/chikatetsu-akatsuka/asobiba
https://kyounoko.jp/station/chikatetsu-akatsuka/kouen
https://kyounoko.jp/station/shin-itabashi/asobiba
https://kyounoko.jp/station/shin-itabashi/kouen
https://kyounoko.jp/station/nerima/kouen
https://kyounoko.jp/station/toshimaen/kouen
https://kyounoko.jp/station/nerima-kasugacho/kouen
https://kyounoko.jp/station/hikarigaoka/kouen
https://kyounoko.jp/station/shakujii-koen/kouen
https://kyounoko.jp/station/oizumi-gakuen/kouen
https://kyounoko.jp/station/sakuradai/kouen
https://kyounoko.jp/station/ekoda/kouen
https://kyounoko.jp/station/fujimidai/kouen
https://kyounoko.jp/station/nerima-takanodai/kouen
https://kyounoko.jp/station/kami-shakujii/kouen
https://kyounoko.jp/station/musashi-seki/kouen
https://kyounoko.jp/station/nakamurabashi/kouen
https://kyounoko.jp/station/kita-senju/asobiba
https://kyounoko.jp/station/kita-senju/kouen
https://kyounoko.jp/station/kita-senju/ame-asobiba
https://kyounoko.jp/station/ayase/asobiba
https://kyounoko.jp/station/ayase/kouen
https://kyounoko.jp/station/ayase/ame-asobiba
https://kyounoko.jp/station/kita-ayase/asobiba
https://kyounoko.jp/station/kita-ayase/kouen
https://kyounoko.jp/station/kita-ayase/ame-asobiba
https://kyounoko.jp/station/gotanno/asobiba
https://kyounoko.jp/station/gotanno/kouen
https://kyounoko.jp/station/gotanno/ame-asobiba
https://kyounoko.jp/station/umejima/asobiba
https://kyounoko.jp/station/umejima/kouen
https://kyounoko.jp/station/umejima/ame-asobiba
https://kyounoko.jp/station/nishiarai/asobiba
https://kyounoko.jp/station/nishiarai/kouen
https://kyounoko.jp/station/nishiarai/ame-asobiba
https://kyounoko.jp/station/daishimae/asobiba
https://kyounoko.jp/station/daishimae/kouen
https://kyounoko.jp/station/daishimae/ame-asobiba
https://kyounoko.jp/station/takenotsuka/asobiba
https://kyounoko.jp/station/takenotsuka/kouen
https://kyounoko.jp/station/takenotsuka/ame-asobiba
https://kyounoko.jp/station/kosuge/asobiba
https://kyounoko.jp/station/kosuge/kouen
https://kyounoko.jp/station/kosuge/ame-asobiba
https://kyounoko.jp/station/horikiri/asobiba
https://kyounoko.jp/station/horikiri/kouen
https://kyounoko.jp/station/horikiri/ame-asobiba
https://kyounoko.jp/station/toneri/asobiba
https://kyounoko.jp/station/toneri/kouen
https://kyounoko.jp/station/toneri/ame-asobiba
https://kyounoko.jp/station/toneri-koen/asobiba
https://kyounoko.jp/station/toneri-koen/kouen
https://kyounoko.jp/station/toneri-koen/ame-asobiba
https://kyounoko.jp/station/minumadai-shinsuikoen/asobiba
https://kyounoko.jp/station/minumadai-shinsuikoen/kouen
https://kyounoko.jp/station/minumadai-shinsuikoen/ame-asobiba
https://kyounoko.jp/station/yazaike/asobiba
https://kyounoko.jp/station/yazaike/kouen
https://kyounoko.jp/station/yazaike/ame-asobiba
https://kyounoko.jp/station/kohoku/asobiba
https://kyounoko.jp/station/kohoku/kouen
https://kyounoko.jp/station/kohoku/ame-asobiba
https://kyounoko.jp/station/nishiarai-daishi-nishi/asobiba
https://kyounoko.jp/station/nishiarai-daishi-nishi/kouen
https://kyounoko.jp/station/nishiarai-daishi-nishi/ame-asobiba
https://kyounoko.jp/station/adachi-odai/asobiba
https://kyounoko.jp/station/adachi-odai/kouen
https://kyounoko.jp/station/adachi-odai/ame-asobiba
https://kyounoko.jp/station/oji-shinden/asobiba
https://kyounoko.jp/station/oji-shinden/kouen
https://kyounoko.jp/station/oji-shinden/ame-asobiba
https://kyounoko.jp/station/ushida/asobiba
https://kyounoko.jp/station/ushida/kouen
https://kyounoko.jp/station/ushida/ame-asobiba
https://kyounoko.jp/station/keisei-sekiya/asobiba
https://kyounoko.jp/station/keisei-sekiya/kouen
https://kyounoko.jp/station/keisei-sekiya/ame-asobiba
https://kyounoko.jp/station/horikiri-keisei/kouen
https://kyounoko.jp/station/kameari/kouen
https://kyounoko.jp/station/kanamachi/kouen
https://kyounoko.jp/station/keisei-kanamachi/kouen
https://kyounoko.jp/station/shibamata/kouen
https://kyounoko.jp/station/keisei-takasago/kouen
https://kyounoko.jp/station/aoto/kouen
https://kyounoko.jp/station/keisei-tateishi/kouen
https://kyounoko.jp/station/yotsugi/kouen
https://kyounoko.jp/station/ohanajaya/kouen
https://kyounoko.jp/station/shin-koiwa/kouen
https://kyounoko.jp/station/koiwa/asobiba
https://kyounoko.jp/station/koiwa/kouen
https://kyounoko.jp/station/koiwa/ame-asobiba
https://kyounoko.jp/station/keisei-koiwa/asobiba
https://kyounoko.jp/station/keisei-koiwa/kouen
https://kyounoko.jp/station/keisei-koiwa/ame-asobiba
https://kyounoko.jp/station/edogawa/asobiba
https://kyounoko.jp/station/edogawa/kouen
https://kyounoko.jp/station/edogawa/ame-asobiba
https://kyounoko.jp/station/shinozaki/asobiba
https://kyounoko.jp/station/shinozaki/kouen
https://kyounoko.jp/station/shinozaki/ame-asobiba
https://kyounoko.jp/station/mizue/asobiba
https://kyounoko.jp/station/mizue/kouen
https://kyounoko.jp/station/mizue/ame-asobiba
https://kyounoko.jp/station/ichinoe/asobiba
https://kyounoko.jp/station/ichinoe/kouen
https://kyounoko.jp/station/ichinoe/ame-asobiba
https://kyounoko.jp/station/funabori/asobiba
https://kyounoko.jp/station/funabori/kouen
https://kyounoko.jp/station/funabori/ame-asobiba
https://kyounoko.jp/station/kasai/asobiba
https://kyounoko.jp/station/kasai/kouen
https://kyounoko.jp/station/kasai/ame-asobiba
https://kyounoko.jp/station/nishi-kasai/asobiba
https://kyounoko.jp/station/nishi-kasai/kouen
https://kyounoko.jp/station/nishi-kasai/ame-asobiba
https://kyounoko.jp/station/kasai-rinkai-koen/asobiba
https://kyounoko.jp/station/kasai-rinkai-koen/kouen
https://kyounoko.jp/station/kasai-rinkai-koen/ame-asobiba
https://kyounoko.jp/station/sugamo-shinden/asobiba
https://kyounoko.jp/station/sugamo-shinden/ame-asobiba
https://kyounoko.jp/station/otsuka-ekimae/asobiba
https://kyounoko.jp/station/otsuka-ekimae/ame-asobiba
https://kyounoko.jp/station/nishi-sugamo/asobiba
https://kyounoko.jp/station/nishi-sugamo/ame-asobiba
https://kyounoko.jp/station/kotake-mukaihara/kouen
https://kyounoko.jp/station/shin-sakuradai/kouen
https://kyounoko.jp/station/osaki-hirokoji/asobiba
https://kyounoko.jp/station/osaki-hirokoji/kouen
https://kyounoko.jp/station/osaki-hirokoji/ame-asobiba
https://kyounoko.jp/station/aoi/asobiba
https://kyounoko.jp/station/aoi/kouen
https://kyounoko.jp/station/aoi/ame-asobiba
https://kyounoko.jp/station/rokucho/asobiba
https://kyounoko.jp/station/rokucho/kouen
https://kyounoko.jp/station/rokucho/ame-asobiba
https://kyounoko.jp/station/senju-ohashi/asobiba
https://kyounoko.jp/station/senju-ohashi/kouen
https://kyounoko.jp/station/senju-ohashi/ame-asobiba
https://kyounoko.jp/station/shin-mikawashima/kouen
https://kyounoko.jp/station/daitabashi/asobiba
https://kyounoko.jp/station/daitabashi/kouen
https://kyounoko.jp/station/daitabashi/ame-asobiba
https://kyounoko.jp/station/shinsen-shinjuku/asobiba
https://kyounoko.jp/station/shinsen-shinjuku/kouen
https://kyounoko.jp/station/shinsen-shinjuku/ame-asobiba
https://kyounoko.jp/station/oyama/asobiba
https://kyounoko.jp/station/oyama/kouen
https://kyounoko.jp/station/hikawadai/kouen
https://kyounoko.jp/station/heiwadai/kouen
https://kyounoko.jp/station/sakuradamon/asobiba
https://kyounoko.jp/station/sakuradamon/kouen
https://kyounoko.jp/station/sakuradamon/ame-asobiba
https://kyounoko.jp/station/kita-senzoku/asobiba
https://kyounoko.jp/station/kita-senzoku/kouen
https://kyounoko.jp/station/kita-senzoku/ame-asobiba
https://kyounoko.jp/station/ikejiri-ohashi/asobiba
https://kyounoko.jp/station/ikejiri-ohashi/kouen
https://kyounoko.jp/station/ikejiri-ohashi/ame-asobiba
https://kyounoko.jp/station/nagahara/asobiba
https://kyounoko.jp/station/nagahara/kouen
https://kyounoko.jp/station/nagahara/ame-asobiba
https://kyounoko.jp/station/senzoku-ike/asobiba
https://kyounoko.jp/station/senzoku-ike/kouen
https://kyounoko.jp/station/senzoku-ike/ame-asobiba
https://kyounoko.jp/station/takaracho/asobiba
https://kyounoko.jp/station/takaracho/ame-asobiba
https://kyounoko.jp/station/uchi-saiwaicho/asobiba
https://kyounoko.jp/station/uchi-saiwaicho/kouen
https://kyounoko.jp/station/uchi-saiwaicho/ame-asobiba
https://kyounoko.jp/station/shiodome/asobiba
https://kyounoko.jp/station/shiodome/kouen
https://kyounoko.jp/station/shiodome/ame-asobiba
https://kyounoko.jp/station/takanosuke/asobiba
https://kyounoko.jp/station/takanosuke/kouen
https://kyounoko.jp/station/takanosuke/ame-asobiba
https://kyounoko.jp/station/arakawa-nanachome/kouen
https://kyounoko.jp/station/machiya-nichome/kouen
https://kyounoko.jp/station/miyanomae/kouen
https://kyounoko.jp/station/toden-zoshigaya/asobiba
https://kyounoko.jp/station/toden-zoshigaya/ame-asobiba
https://kyounoko.jp/station/shin-nihombashi/asobiba
https://kyounoko.jp/station/shin-nihombashi/ame-asobiba
https://kyounoko.jp/station/shin-shibamata/kouen
# submitted at 2026-05-19T20:41:48.700Z (1379 URLs)
https://kyounoko.jp/station/tokyo/asobiba
https://kyounoko.jp/station/tokyo/kouen
https://kyounoko.jp/station/tokyo/ame-asobiba
https://kyounoko.jp/station/akihabara/asobiba
https://kyounoko.jp/station/akihabara/kouen
https://kyounoko.jp/station/akihabara/ame-asobiba
https://kyounoko.jp/station/kanda/asobiba
https://kyounoko.jp/station/kanda/kouen
https://kyounoko.jp/station/kanda/ame-asobiba
https://kyounoko.jp/station/yurakucho/asobiba
https://kyounoko.jp/station/yurakucho/kouen
https://kyounoko.jp/station/yurakucho/ame-asobiba
https://kyounoko.jp/station/iidabashi/asobiba
https://kyounoko.jp/station/iidabashi/kouen
https://kyounoko.jp/station/iidabashi/ame-asobiba
https://kyounoko.jp/station/ichigaya/asobiba
https://kyounoko.jp/station/ichigaya/kouen
https://kyounoko.jp/station/ichigaya/ame-asobiba
https://kyounoko.jp/station/yotsuya/asobiba
https://kyounoko.jp/station/yotsuya/kouen
https://kyounoko.jp/station/yotsuya/ame-asobiba
https://kyounoko.jp/station/ochanomizu/asobiba
https://kyounoko.jp/station/ochanomizu/kouen
https://kyounoko.jp/station/ochanomizu/ame-asobiba
https://kyounoko.jp/station/shin-ochanomizu/asobiba
https://kyounoko.jp/station/shin-ochanomizu/kouen
https://kyounoko.jp/station/shin-ochanomizu/ame-asobiba
https://kyounoko.jp/station/awajicho/asobiba
https://kyounoko.jp/station/awajicho/kouen
https://kyounoko.jp/station/awajicho/ame-asobiba
https://kyounoko.jp/station/ogawamachi/asobiba
https://kyounoko.jp/station/ogawamachi/kouen
https://kyounoko.jp/station/ogawamachi/ame-asobiba
https://kyounoko.jp/station/iwamotocho/asobiba
https://kyounoko.jp/station/iwamotocho/kouen
https://kyounoko.jp/station/iwamotocho/ame-asobiba
https://kyounoko.jp/station/otemachi/asobiba
https://kyounoko.jp/station/otemachi/kouen
https://kyounoko.jp/station/otemachi/ame-asobiba
https://kyounoko.jp/station/nijubashimae/asobiba
https://kyounoko.jp/station/nijubashimae/kouen
https://kyounoko.jp/station/nijubashimae/ame-asobiba
https://kyounoko.jp/station/hibiya/asobiba
https://kyounoko.jp/station/hibiya/kouen
https://kyounoko.jp/station/hibiya/ame-asobiba
https://kyounoko.jp/station/kasumigaseki/asobiba
https://kyounoko.jp/station/kasumigaseki/kouen
https://kyounoko.jp/station/kasumigaseki/ame-asobiba
https://kyounoko.jp/station/kokkai-gijidomae/asobiba
https://kyounoko.jp/station/kokkai-gijidomae/kouen
https://kyounoko.jp/station/kokkai-gijidomae/ame-asobiba
https://kyounoko.jp/station/nagatacho/asobiba
https://kyounoko.jp/station/nagatacho/kouen
https://kyounoko.jp/station/nagatacho/ame-asobiba
https://kyounoko.jp/station/akasaka-mitsuke/asobiba
https://kyounoko.jp/station/akasaka-mitsuke/kouen
https://kyounoko.jp/station/akasaka-mitsuke/ame-asobiba
https://kyounoko.jp/station/hanzomon/asobiba
https://kyounoko.jp/station/hanzomon/kouen
https://kyounoko.jp/station/hanzomon/ame-asobiba
https://kyounoko.jp/station/kojimachi/asobiba
https://kyounoko.jp/station/kojimachi/kouen
https://kyounoko.jp/station/kojimachi/ame-asobiba
https://kyounoko.jp/station/kudanshita/asobiba
https://kyounoko.jp/station/kudanshita/kouen
https://kyounoko.jp/station/kudanshita/ame-asobiba
https://kyounoko.jp/station/jimbocho/asobiba
https://kyounoko.jp/station/jimbocho/kouen
https://kyounoko.jp/station/jimbocho/ame-asobiba
https://kyounoko.jp/station/takebashi/asobiba
https://kyounoko.jp/station/takebashi/kouen
https://kyounoko.jp/station/takebashi/ame-asobiba
https://kyounoko.jp/station/suidobashi/asobiba
https://kyounoko.jp/station/suidobashi/kouen
https://kyounoko.jp/station/suidobashi/ame-asobiba
https://kyounoko.jp/station/ginza/asobiba
https://kyounoko.jp/station/ginza/ame-asobiba
https://kyounoko.jp/station/ginza-itchome/asobiba
https://kyounoko.jp/station/ginza-itchome/ame-asobiba
https://kyounoko.jp/station/higashi-ginza/asobiba
https://kyounoko.jp/station/higashi-ginza/ame-asobiba
https://kyounoko.jp/station/nihombashi/asobiba
https://kyounoko.jp/station/nihombashi/ame-asobiba
https://kyounoko.jp/station/mitsukoshimae/asobiba
https://kyounoko.jp/station/mitsukoshimae/ame-asobiba
https://kyounoko.jp/station/shintomicho/asobiba
https://kyounoko.jp/station/shintomicho/ame-asobiba
https://kyounoko.jp/station/tsukiji/asobiba
https://kyounoko.jp/station/tsukiji/ame-asobiba
https://kyounoko.jp/station/tsukijishijo/asobiba
https://kyounoko.jp/station/tsukijishijo/ame-asobiba
https://kyounoko.jp/station/tsukishima/asobiba
https://kyounoko.jp/station/tsukishima/ame-asobiba
https://kyounoko.jp/station/kachidoki/asobiba
https://kyounoko.jp/station/kachidoki/ame-asobiba
https://kyounoko.jp/station/kayabacho/asobiba
https://kyounoko.jp/station/kayabacho/ame-asobiba
https://kyounoko.jp/station/hatchobori/asobiba
https://kyounoko.jp/station/hatchobori/ame-asobiba
https://kyounoko.jp/station/suitengumae/asobiba
https://kyounoko.jp/station/suitengumae/ame-asobiba
https://kyounoko.jp/station/ningyocho/asobiba
https://kyounoko.jp/station/ningyocho/ame-asobiba
https://kyounoko.jp/station/kodemmacho/asobiba
https://kyounoko.jp/station/kodemmacho/ame-asobiba
https://kyounoko.jp/station/bakuroyokoyama/asobiba
https://kyounoko.jp/station/bakuroyokoyama/ame-asobiba
https://kyounoko.jp/station/bakurocho/asobiba
https://kyounoko.jp/station/bakurocho/ame-asobiba
https://kyounoko.jp/station/higashi-nihombashi/asobiba
https://kyounoko.jp/station/higashi-nihombashi/ame-asobiba
https://kyounoko.jp/station/hamacho/asobiba
https://kyounoko.jp/station/hamacho/ame-asobiba
https://kyounoko.jp/station/shinagawa/asobiba
https://kyounoko.jp/station/shinagawa/kouen
https://kyounoko.jp/station/shinagawa/ame-asobiba
https://kyounoko.jp/station/shimbashi/asobiba
https://kyounoko.jp/station/shimbashi/kouen
https://kyounoko.jp/station/shimbashi/ame-asobiba
https://kyounoko.jp/station/tamachi/asobiba
https://kyounoko.jp/station/tamachi/kouen
https://kyounoko.jp/station/tamachi/ame-asobiba
https://kyounoko.jp/station/mita/asobiba
https://kyounoko.jp/station/mita/kouen
https://kyounoko.jp/station/mita/ame-asobiba
https://kyounoko.jp/station/hamamatsucho/asobiba
https://kyounoko.jp/station/hamamatsucho/kouen
https://kyounoko.jp/station/hamamatsucho/ame-asobiba
https://kyounoko.jp/station/daimon/asobiba
https://kyounoko.jp/station/daimon/kouen
https://kyounoko.jp/station/daimon/ame-asobiba
https://kyounoko.jp/station/shibakoen/asobiba
https://kyounoko.jp/station/shibakoen/kouen
https://kyounoko.jp/station/shibakoen/ame-asobiba
https://kyounoko.jp/station/onarimon/asobiba
https://kyounoko.jp/station/onarimon/kouen
https://kyounoko.jp/station/onarimon/ame-asobiba
https://kyounoko.jp/station/akabanebashi/asobiba
https://kyounoko.jp/station/akabanebashi/kouen
https://kyounoko.jp/station/akabanebashi/ame-asobiba
https://kyounoko.jp/station/roppongi/asobiba
https://kyounoko.jp/station/roppongi/kouen
https://kyounoko.jp/station/roppongi/ame-asobiba
https://kyounoko.jp/station/roppongi-itchome/asobiba
https://kyounoko.jp/station/roppongi-itchome/kouen
https://kyounoko.jp/station/roppongi-itchome/ame-asobiba
https://kyounoko.jp/station/azabu-juban/asobiba
https://kyounoko.jp/station/azabu-juban/kouen
https://kyounoko.jp/station/azabu-juban/ame-asobiba
https://kyounoko.jp/station/hiroo/asobiba
https://kyounoko.jp/station/hiroo/kouen
https://kyounoko.jp/station/hiroo/ame-asobiba
https://kyounoko.jp/station/akasaka/asobiba
https://kyounoko.jp/station/akasaka/kouen
https://kyounoko.jp/station/akasaka/ame-asobiba
https://kyounoko.jp/station/aoyama-itchome/asobiba
https://kyounoko.jp/station/aoyama-itchome/kouen
https://kyounoko.jp/station/aoyama-itchome/ame-asobiba
https://kyounoko.jp/station/gaiemmae/asobiba
https://kyounoko.jp/station/gaiemmae/kouen
https://kyounoko.jp/station/gaiemmae/ame-asobiba
https://kyounoko.jp/station/omotesando/asobiba
https://kyounoko.jp/station/omotesando/kouen
https://kyounoko.jp/station/omotesando/ame-asobiba
https://kyounoko.jp/station/nogizaka/asobiba
https://kyounoko.jp/station/nogizaka/kouen
https://kyounoko.jp/station/nogizaka/ame-asobiba
https://kyounoko.jp/station/shirokanedai/asobiba
https://kyounoko.jp/station/shirokanedai/kouen
https://kyounoko.jp/station/shirokanedai/ame-asobiba
https://kyounoko.jp/station/shirokane-takanawa/asobiba
https://kyounoko.jp/station/shirokane-takanawa/kouen
https://kyounoko.jp/station/shirokane-takanawa/ame-asobiba
https://kyounoko.jp/station/takanawadai/asobiba
https://kyounoko.jp/station/takanawadai/kouen
https://kyounoko.jp/station/takanawadai/ame-asobiba
https://kyounoko.jp/station/takanawa-gateway/asobiba
https://kyounoko.jp/station/takanawa-gateway/kouen
https://kyounoko.jp/station/takanawa-gateway/ame-asobiba
https://kyounoko.jp/station/sengakuji/asobiba
https://kyounoko.jp/station/sengakuji/kouen
https://kyounoko.jp/station/sengakuji/ame-asobiba
https://kyounoko.jp/station/shibaura-futo/asobiba
https://kyounoko.jp/station/shibaura-futo/kouen
https://kyounoko.jp/station/shibaura-futo/ame-asobiba
https://kyounoko.jp/station/odaiba-kaihinkoen/asobiba
https://kyounoko.jp/station/odaiba-kaihinkoen/kouen
https://kyounoko.jp/station/odaiba-kaihinkoen/ame-asobiba
https://kyounoko.jp/station/daiba/asobiba
https://kyounoko.jp/station/daiba/kouen
https://kyounoko.jp/station/daiba/ame-asobiba
https://kyounoko.jp/station/tameike-sanno/asobiba
https://kyounoko.jp/station/tameike-sanno/kouen
https://kyounoko.jp/station/tameike-sanno/ame-asobiba
https://kyounoko.jp/station/toranomon/asobiba
https://kyounoko.jp/station/toranomon/kouen
https://kyounoko.jp/station/toranomon/ame-asobiba
https://kyounoko.jp/station/toranomon-hills/asobiba
https://kyounoko.jp/station/toranomon-hills/kouen
https://kyounoko.jp/station/toranomon-hills/ame-asobiba
https://kyounoko.jp/station/kamiyacho/asobiba
https://kyounoko.jp/station/kamiyacho/kouen
https://kyounoko.jp/station/kamiyacho/ame-asobiba
https://kyounoko.jp/station/hinode/asobiba
https://kyounoko.jp/station/hinode/kouen
https://kyounoko.jp/station/hinode/ame-asobiba
https://kyounoko.jp/station/takeshiba/asobiba
https://kyounoko.jp/station/takeshiba/kouen
https://kyounoko.jp/station/takeshiba/ame-asobiba
https://kyounoko.jp/station/shinjuku/asobiba
https://kyounoko.jp/station/shinjuku/kouen
https://kyounoko.jp/station/shinjuku/ame-asobiba
https://kyounoko.jp/station/shinjuku-sanchome/asobiba
https://kyounoko.jp/station/shinjuku-sanchome/kouen
https://kyounoko.jp/station/shinjuku-sanchome/ame-asobiba
https://kyounoko.jp/station/shinjuku-nishiguchi/asobiba
https://kyounoko.jp/station/shinjuku-nishiguchi/kouen
https://kyounoko.jp/station/shinjuku-nishiguchi/ame-asobiba
https://kyounoko.jp/station/nishi-shinjuku/asobiba
https://kyounoko.jp/station/nishi-shinjuku/kouen
https://kyounoko.jp/station/nishi-shinjuku/ame-asobiba
https://kyounoko.jp/station/nishi-shinjuku-gochome/asobiba
https://kyounoko.jp/station/nishi-shinjuku-gochome/kouen
https://kyounoko.jp/station/nishi-shinjuku-gochome/ame-asobiba
https://kyounoko.jp/station/tochomae/asobiba
https://kyounoko.jp/station/tochomae/kouen
https://kyounoko.jp/station/tochomae/ame-asobiba
https://kyounoko.jp/station/minami-shinjuku/asobiba
https://kyounoko.jp/station/minami-shinjuku/kouen
https://kyounoko.jp/station/minami-shinjuku/ame-asobiba
https://kyounoko.jp/station/shinjuku-gyoemmae/asobiba
https://kyounoko.jp/station/shinjuku-gyoemmae/kouen
https://kyounoko.jp/station/shinjuku-gyoemmae/ame-asobiba
https://kyounoko.jp/station/yotsuya-sanchome/asobiba
https://kyounoko.jp/station/yotsuya-sanchome/kouen
https://kyounoko.jp/station/yotsuya-sanchome/ame-asobiba
https://kyounoko.jp/station/akebonobashi/asobiba
https://kyounoko.jp/station/akebonobashi/kouen
https://kyounoko.jp/station/akebonobashi/ame-asobiba
https://kyounoko.jp/station/wakamatsu-kawada/asobiba
https://kyounoko.jp/station/wakamatsu-kawada/kouen
https://kyounoko.jp/station/wakamatsu-kawada/ame-asobiba
https://kyounoko.jp/station/ushigome-yanagicho/asobiba
https://kyounoko.jp/station/ushigome-yanagicho/kouen
https://kyounoko.jp/station/ushigome-yanagicho/ame-asobiba
https://kyounoko.jp/station/ushigome-kagurazaka/asobiba
https://kyounoko.jp/station/ushigome-kagurazaka/kouen
https://kyounoko.jp/station/ushigome-kagurazaka/ame-asobiba
https://kyounoko.jp/station/kagurazaka/asobiba
https://kyounoko.jp/station/kagurazaka/kouen
https://kyounoko.jp/station/kagurazaka/ame-asobiba
https://kyounoko.jp/station/higashi-shinjuku/asobiba
https://kyounoko.jp/station/higashi-shinjuku/kouen
https://kyounoko.jp/station/higashi-shinjuku/ame-asobiba
https://kyounoko.jp/station/shin-okubo/asobiba
https://kyounoko.jp/station/shin-okubo/kouen
https://kyounoko.jp/station/shin-okubo/ame-asobiba
https://kyounoko.jp/station/okubo/asobiba
https://kyounoko.jp/station/okubo/kouen
https://kyounoko.jp/station/okubo/ame-asobiba
https://kyounoko.jp/station/takadanobaba/asobiba
https://kyounoko.jp/station/takadanobaba/kouen
https://kyounoko.jp/station/takadanobaba/ame-asobiba
https://kyounoko.jp/station/shimo-ochiai/asobiba
https://kyounoko.jp/station/shimo-ochiai/kouen
https://kyounoko.jp/station/shimo-ochiai/ame-asobiba
https://kyounoko.jp/station/nakai/asobiba
https://kyounoko.jp/station/nakai/kouen
https://kyounoko.jp/station/nakai/ame-asobiba
https://kyounoko.jp/station/ochiai/asobiba
https://kyounoko.jp/station/ochiai/kouen
https://kyounoko.jp/station/ochiai/ame-asobiba
https://kyounoko.jp/station/ochiai-minami-nagasaki/asobiba
https://kyounoko.jp/station/ochiai-minami-nagasaki/kouen
https://kyounoko.jp/station/ochiai-minami-nagasaki/ame-asobiba
https://kyounoko.jp/station/waseda/asobiba
https://kyounoko.jp/station/waseda/kouen
https://kyounoko.jp/station/waseda/ame-asobiba
https://kyounoko.jp/station/nishi-waseda/asobiba
https://kyounoko.jp/station/nishi-waseda/kouen
https://kyounoko.jp/station/nishi-waseda/ame-asobiba
https://kyounoko.jp/station/shinanomachi/asobiba
https://kyounoko.jp/station/shinanomachi/kouen
https://kyounoko.jp/station/shinanomachi/ame-asobiba
https://kyounoko.jp/station/sendagaya/asobiba
https://kyounoko.jp/station/sendagaya/kouen
https://kyounoko.jp/station/sendagaya/ame-asobiba
https://kyounoko.jp/station/kokuritsu-kyogijo/asobiba
https://kyounoko.jp/station/kokuritsu-kyogijo/kouen
https://kyounoko.jp/station/kokuritsu-kyogijo/ame-asobiba
https://kyounoko.jp/station/seibi-shinjuku/asobiba
https://kyounoko.jp/station/seibi-shinjuku/kouen
https://kyounoko.jp/station/seibi-shinjuku/ame-asobiba
https://kyounoko.jp/station/kasuga/asobiba
https://kyounoko.jp/station/kasuga/kouen
https://kyounoko.jp/station/kasuga/ame-asobiba
https://kyounoko.jp/station/korakuen/asobiba
https://kyounoko.jp/station/korakuen/kouen
https://kyounoko.jp/station/korakuen/ame-asobiba
https://kyounoko.jp/station/hongo-sanchome/asobiba
https://kyounoko.jp/station/hongo-sanchome/kouen
https://kyounoko.jp/station/hongo-sanchome/ame-asobiba
https://kyounoko.jp/station/yushima/asobiba
https://kyounoko.jp/station/yushima/kouen
https://kyounoko.jp/station/yushima/ame-asobiba
https://kyounoko.jp/station/nezu/asobiba
https://kyounoko.jp/station/nezu/kouen
https://kyounoko.jp/station/nezu/ame-asobiba
https://kyounoko.jp/station/sendagi/asobiba
https://kyounoko.jp/station/sendagi/kouen
https://kyounoko.jp/station/sendagi/ame-asobiba
https://kyounoko.jp/station/hakusan/asobiba
https://kyounoko.jp/station/hakusan/kouen
https://kyounoko.jp/station/hakusan/ame-asobiba
https://kyounoko.jp/station/sengoku/asobiba
https://kyounoko.jp/station/sengoku/kouen
https://kyounoko.jp/station/sengoku/ame-asobiba
https://kyounoko.jp/station/myogadani/asobiba
https://kyounoko.jp/station/myogadani/kouen
https://kyounoko.jp/station/myogadani/ame-asobiba
https://kyounoko.jp/station/edogawabashi/asobiba
https://kyounoko.jp/station/edogawabashi/kouen
https://kyounoko.jp/station/edogawabashi/ame-asobiba
https://kyounoko.jp/station/gokokuji/asobiba
https://kyounoko.jp/station/gokokuji/kouen
https://kyounoko.jp/station/gokokuji/ame-asobiba
https://kyounoko.jp/station/shin-otsuka/asobiba
https://kyounoko.jp/station/shin-otsuka/kouen
https://kyounoko.jp/station/shin-otsuka/ame-asobiba
https://kyounoko.jp/station/todaimae/asobiba
https://kyounoko.jp/station/todaimae/kouen
https://kyounoko.jp/station/todaimae/ame-asobiba
https://kyounoko.jp/station/hon-komagome/asobiba
https://kyounoko.jp/station/hon-komagome/kouen
https://kyounoko.jp/station/hon-komagome/ame-asobiba
https://kyounoko.jp/station/ueno/asobiba
https://kyounoko.jp/station/ueno/kouen
https://kyounoko.jp/station/ueno/ame-asobiba
https://kyounoko.jp/station/okachimachi/asobiba
https://kyounoko.jp/station/okachimachi/kouen
https://kyounoko.jp/station/okachimachi/ame-asobiba
https://kyounoko.jp/station/ueno-hirokoji/asobiba
https://kyounoko.jp/station/ueno-hirokoji/kouen
https://kyounoko.jp/station/ueno-hirokoji/ame-asobiba
https://kyounoko.jp/station/naka-okachimachi/asobiba
https://kyounoko.jp/station/naka-okachimachi/kouen
https://kyounoko.jp/station/naka-okachimachi/ame-asobiba
https://kyounoko.jp/station/ueno-okachimachi/asobiba
https://kyounoko.jp/station/ueno-okachimachi/kouen
https://kyounoko.jp/station/ueno-okachimachi/ame-asobiba
https://kyounoko.jp/station/shin-okachimachi/asobiba
https://kyounoko.jp/station/shin-okachimachi/kouen
https://kyounoko.jp/station/shin-okachimachi/ame-asobiba
https://kyounoko.jp/station/inaricho/asobiba
https://kyounoko.jp/station/inaricho/kouen
https://kyounoko.jp/station/inaricho/ame-asobiba
https://kyounoko.jp/station/tawaramachi/asobiba
https://kyounoko.jp/station/tawaramachi/kouen
https://kyounoko.jp/station/tawaramachi/ame-asobiba
https://kyounoko.jp/station/asakusa/asobiba
https://kyounoko.jp/station/asakusa/kouen
https://kyounoko.jp/station/asakusa/ame-asobiba
https://kyounoko.jp/station/kuramae/asobiba
https://kyounoko.jp/station/kuramae/kouen
https://kyounoko.jp/station/kuramae/ame-asobiba
https://kyounoko.jp/station/asakusabashi/asobiba
https://kyounoko.jp/station/asakusabashi/kouen
https://kyounoko.jp/station/asakusabashi/ame-asobiba
https://kyounoko.jp/station/iriya/asobiba
https://kyounoko.jp/station/iriya/kouen
https://kyounoko.jp/station/iriya/ame-asobiba
https://kyounoko.jp/station/minowa/asobiba
https://kyounoko.jp/station/minowa/kouen
https://kyounoko.jp/station/minowa/ame-asobiba
https://kyounoko.jp/station/uguisudani/asobiba
https://kyounoko.jp/station/uguisudani/kouen
https://kyounoko.jp/station/uguisudani/ame-asobiba
https://kyounoko.jp/station/keisei-ueno/asobiba
https://kyounoko.jp/station/keisei-ueno/kouen
https://kyounoko.jp/station/keisei-ueno/ame-asobiba
https://kyounoko.jp/station/kinshicho/asobiba
https://kyounoko.jp/station/kinshicho/kouen
https://kyounoko.jp/station/kinshicho/ame-asobiba
https://kyounoko.jp/station/ryogoku/asobiba
https://kyounoko.jp/station/ryogoku/kouen
https://kyounoko.jp/station/ryogoku/ame-asobiba
https://kyounoko.jp/station/oshiage/asobiba
https://kyounoko.jp/station/oshiage/kouen
https://kyounoko.jp/station/oshiage/ame-asobiba
https://kyounoko.jp/station/tokyo-skytree/asobiba
https://kyounoko.jp/station/tokyo-skytree/kouen
https://kyounoko.jp/station/tokyo-skytree/ame-asobiba
https://kyounoko.jp/station/honjo-azumabashi/asobiba
https://kyounoko.jp/station/honjo-azumabashi/kouen
https://kyounoko.jp/station/honjo-azumabashi/ame-asobiba
https://kyounoko.jp/station/kikukawa/asobiba
https://kyounoko.jp/station/kikukawa/kouen
https://kyounoko.jp/station/kikukawa/ame-asobiba
https://kyounoko.jp/station/higashi-azuma/asobiba
https://kyounoko.jp/station/higashi-azuma/kouen
https://kyounoko.jp/station/higashi-azuma/ame-asobiba
https://kyounoko.jp/station/hikifune/asobiba
https://kyounoko.jp/station/hikifune/kouen
https://kyounoko.jp/station/hikifune/ame-asobiba
https://kyounoko.jp/station/keisei-hikifune/asobiba
https://kyounoko.jp/station/keisei-hikifune/kouen
https://kyounoko.jp/station/keisei-hikifune/ame-asobiba
https://kyounoko.jp/station/yahiro/asobiba
https://kyounoko.jp/station/yahiro/kouen
https://kyounoko.jp/station/yahiro/ame-asobiba
https://kyounoko.jp/station/higashi-mukojima/asobiba
https://kyounoko.jp/station/higashi-mukojima/kouen
https://kyounoko.jp/station/higashi-mukojima/ame-asobiba
https://kyounoko.jp/station/kanegafuchi/asobiba
https://kyounoko.jp/station/kanegafuchi/kouen
https://kyounoko.jp/station/kanegafuchi/ame-asobiba
https://kyounoko.jp/station/omurai/asobiba
https://kyounoko.jp/station/omurai/kouen
https://kyounoko.jp/station/omurai/ame-asobiba
https://kyounoko.jp/station/monzen-nakacho/asobiba
https://kyounoko.jp/station/monzen-nakacho/kouen
https://kyounoko.jp/station/monzen-nakacho/ame-asobiba
https://kyounoko.jp/station/kiba/asobiba
https://kyounoko.jp/station/kiba/kouen
https://kyounoko.jp/station/kiba/ame-asobiba
https://kyounoko.jp/station/toyocho/asobiba
https://kyounoko.jp/station/toyocho/kouen
https://kyounoko.jp/station/toyocho/ame-asobiba
https://kyounoko.jp/station/minami-sunamachi/asobiba
https://kyounoko.jp/station/minami-sunamachi/kouen
https://kyounoko.jp/station/minami-sunamachi/ame-asobiba
https://kyounoko.jp/station/kameido/asobiba
https://kyounoko.jp/station/kameido/kouen
https://kyounoko.jp/station/kameido/ame-asobiba
https://kyounoko.jp/station/kameido-suijin/asobiba
https://kyounoko.jp/station/kameido-suijin/kouen
https://kyounoko.jp/station/kameido-suijin/ame-asobiba
https://kyounoko.jp/station/morishita/asobiba
https://kyounoko.jp/station/morishita/kouen
https://kyounoko.jp/station/morishita/ame-asobiba
https://kyounoko.jp/station/kiyosumi-shirakawa/asobiba
https://kyounoko.jp/station/kiyosumi-shirakawa/kouen
https://kyounoko.jp/station/kiyosumi-shirakawa/ame-asobiba
https://kyounoko.jp/station/shinonome/asobiba
https://kyounoko.jp/station/shinonome/kouen
https://kyounoko.jp/station/shinonome/ame-asobiba
https://kyounoko.jp/station/sumiyoshi/asobiba
https://kyounoko.jp/station/sumiyoshi/kouen
https://kyounoko.jp/station/sumiyoshi/ame-asobiba
https://kyounoko.jp/station/nishi-ojima/asobiba
https://kyounoko.jp/station/nishi-ojima/kouen
https://kyounoko.jp/station/nishi-ojima/ame-asobiba
https://kyounoko.jp/station/ojima/asobiba
https://kyounoko.jp/station/ojima/kouen
https://kyounoko.jp/station/ojima/ame-asobiba
https://kyounoko.jp/station/higashi-ojima/asobiba
https://kyounoko.jp/station/higashi-ojima/kouen
https://kyounoko.jp/station/higashi-ojima/ame-asobiba
https://kyounoko.jp/station/shiomi/asobiba
https://kyounoko.jp/station/shiomi/kouen
https://kyounoko.jp/station/shiomi/ame-asobiba
https://kyounoko.jp/station/shin-kiba/asobiba
https://kyounoko.jp/station/shin-kiba/kouen
https://kyounoko.jp/station/shin-kiba/ame-asobiba
https://kyounoko.jp/station/toyosu/asobiba
https://kyounoko.jp/station/toyosu/kouen
https://kyounoko.jp/station/toyosu/ame-asobiba
https://kyounoko.jp/station/tatsumi/asobiba
https://kyounoko.jp/station/tatsumi/kouen
https://kyounoko.jp/station/tatsumi/ame-asobiba
https://kyounoko.jp/station/shijomae/asobiba
https://kyounoko.jp/station/shijomae/kouen
https://kyounoko.jp/station/shijomae/ame-asobiba
https://kyounoko.jp/station/shin-toyosu/asobiba
https://kyounoko.jp/station/shin-toyosu/kouen
https://kyounoko.jp/station/shin-toyosu/ame-asobiba
https://kyounoko.jp/station/ariake/asobiba
https://kyounoko.jp/station/ariake/kouen
https://kyounoko.jp/station/ariake/ame-asobiba
https://kyounoko.jp/station/ariake-tennis-no-mori/asobiba
https://kyounoko.jp/station/ariake-tennis-no-mori/kouen
https://kyounoko.jp/station/ariake-tennis-no-mori/ame-asobiba
https://kyounoko.jp/station/kokusai-tenjijo/asobiba
https://kyounoko.jp/station/kokusai-tenjijo/kouen
https://kyounoko.jp/station/kokusai-tenjijo/ame-asobiba
https://kyounoko.jp/station/tokyo-big-sight/asobiba
https://kyounoko.jp/station/tokyo-big-sight/kouen
https://kyounoko.jp/station/tokyo-big-sight/ame-asobiba
https://kyounoko.jp/station/aomi/asobiba
https://kyounoko.jp/station/aomi/kouen
https://kyounoko.jp/station/aomi/ame-asobiba
https://kyounoko.jp/station/telecom-center/asobiba
https://kyounoko.jp/station/telecom-center/kouen
https://kyounoko.jp/station/telecom-center/ame-asobiba
https://kyounoko.jp/station/tokyo-teleport/asobiba
https://kyounoko.jp/station/tokyo-teleport/kouen
https://kyounoko.jp/station/tokyo-teleport/ame-asobiba
https://kyounoko.jp/station/fune-no-kagakukan/asobiba
https://kyounoko.jp/station/fune-no-kagakukan/kouen
https://kyounoko.jp/station/fune-no-kagakukan/ame-asobiba
https://kyounoko.jp/station/tokyo-international-cruise/asobiba
https://kyounoko.jp/station/tokyo-international-cruise/kouen
https://kyounoko.jp/station/tokyo-international-cruise/ame-asobiba
https://kyounoko.jp/station/etchujima/asobiba
https://kyounoko.jp/station/etchujima/kouen
https://kyounoko.jp/station/etchujima/ame-asobiba
https://kyounoko.jp/station/osaki/asobiba
https://kyounoko.jp/station/osaki/kouen
https://kyounoko.jp/station/osaki/ame-asobiba
https://kyounoko.jp/station/gotanda/asobiba
https://kyounoko.jp/station/gotanda/kouen
https://kyounoko.jp/station/gotanda/ame-asobiba
https://kyounoko.jp/station/meguro/asobiba
https://kyounoko.jp/station/meguro/kouen
https://kyounoko.jp/station/meguro/ame-asobiba
https://kyounoko.jp/station/shinagawa-seaside/asobiba
https://kyounoko.jp/station/shinagawa-seaside/kouen
https://kyounoko.jp/station/shinagawa-seaside/ame-asobiba
https://kyounoko.jp/station/tennozu-isle/asobiba
https://kyounoko.jp/station/tennozu-isle/kouen
https://kyounoko.jp/station/tennozu-isle/ame-asobiba
https://kyounoko.jp/station/oimachi/asobiba
https://kyounoko.jp/station/oimachi/kouen
https://kyounoko.jp/station/oimachi/ame-asobiba
https://kyounoko.jp/station/shimo-shimmei/asobiba
https://kyounoko.jp/station/shimo-shimmei/kouen
https://kyounoko.jp/station/shimo-shimmei/ame-asobiba
https://kyounoko.jp/station/togoshi-koen/asobiba
https://kyounoko.jp/station/togoshi-koen/kouen
https://kyounoko.jp/station/togoshi-koen/ame-asobiba
https://kyounoko.jp/station/togoshi/asobiba
https://kyounoko.jp/station/togoshi/kouen
https://kyounoko.jp/station/togoshi/ame-asobiba
https://kyounoko.jp/station/togoshi-ginza/asobiba
https://kyounoko.jp/station/togoshi-ginza/kouen
https://kyounoko.jp/station/togoshi-ginza/ame-asobiba
https://kyounoko.jp/station/nakanobu/asobiba
https://kyounoko.jp/station/nakanobu/kouen
https://kyounoko.jp/station/nakanobu/ame-asobiba
https://kyounoko.jp/station/ebara-machi/asobiba
https://kyounoko.jp/station/ebara-machi/kouen
https://kyounoko.jp/station/ebara-machi/ame-asobiba
https://kyounoko.jp/station/hatanodai/asobiba
https://kyounoko.jp/station/hatanodai/kouen
https://kyounoko.jp/station/hatanodai/ame-asobiba
https://kyounoko.jp/station/kita-shinagawa/asobiba
https://kyounoko.jp/station/kita-shinagawa/kouen
https://kyounoko.jp/station/kita-shinagawa/ame-asobiba
https://kyounoko.jp/station/shimbamba/asobiba
https://kyounoko.jp/station/shimbamba/kouen
https://kyounoko.jp/station/shimbamba/ame-asobiba
https://kyounoko.jp/station/aomono-yokocho/asobiba
https://kyounoko.jp/station/aomono-yokocho/kouen
https://kyounoko.jp/station/aomono-yokocho/ame-asobiba
https://kyounoko.jp/station/samezu/asobiba
https://kyounoko.jp/station/samezu/kouen
https://kyounoko.jp/station/samezu/ame-asobiba
https://kyounoko.jp/station/tachiaigawa/asobiba
https://kyounoko.jp/station/tachiaigawa/kouen
https://kyounoko.jp/station/tachiaigawa/ame-asobiba
https://kyounoko.jp/station/omori-kaigan/asobiba
https://kyounoko.jp/station/omori-kaigan/kouen
https://kyounoko.jp/station/omori-kaigan/ame-asobiba
https://kyounoko.jp/station/ebara-nakanobu/asobiba
https://kyounoko.jp/station/ebara-nakanobu/kouen
https://kyounoko.jp/station/ebara-nakanobu/ame-asobiba
https://kyounoko.jp/station/fudomae/asobiba
https://kyounoko.jp/station/fudomae/kouen
https://kyounoko.jp/station/fudomae/ame-asobiba
https://kyounoko.jp/station/musashi-koyama/asobiba
https://kyounoko.jp/station/musashi-koyama/kouen
https://kyounoko.jp/station/musashi-koyama/ame-asobiba
https://kyounoko.jp/station/oi-keibajo-mae/asobiba
https://kyounoko.jp/station/oi-keibajo-mae/kouen
https://kyounoko.jp/station/oi-keibajo-mae/ame-asobiba
https://kyounoko.jp/station/naka-meguro/kouen
https://kyounoko.jp/station/yutenji/kouen
https://kyounoko.jp/station/gakugei-daigaku/kouen
https://kyounoko.jp/station/toritsu-daigaku/kouen
https://kyounoko.jp/station/jiyugaoka/kouen
https://kyounoko.jp/station/midorigaoka/kouen
https://kyounoko.jp/station/ookayama/kouen
https://kyounoko.jp/station/senzoku/kouen
https://kyounoko.jp/station/nishi-koyama/kouen
https://kyounoko.jp/station/komaba-todaimae/kouen
https://kyounoko.jp/station/omori/asobiba
https://kyounoko.jp/station/omori/kouen
https://kyounoko.jp/station/omori/ame-asobiba
https://kyounoko.jp/station/kamata/asobiba
https://kyounoko.jp/station/kamata/kouen
https://kyounoko.jp/station/kamata/ame-asobiba
https://kyounoko.jp/station/keikyu-kamata/asobiba
https://kyounoko.jp/station/keikyu-kamata/kouen
https://kyounoko.jp/station/keikyu-kamata/ame-asobiba
https://kyounoko.jp/station/umeyashiki/asobiba
https://kyounoko.jp/station/umeyashiki/kouen
https://kyounoko.jp/station/umeyashiki/ame-asobiba
https://kyounoko.jp/station/omori-machi/asobiba
https://kyounoko.jp/station/omori-machi/kouen
https://kyounoko.jp/station/omori-machi/ame-asobiba
https://kyounoko.jp/station/heiwajima/asobiba
https://kyounoko.jp/station/heiwajima/kouen
https://kyounoko.jp/station/heiwajima/ame-asobiba
https://kyounoko.jp/station/rokugo-dote/asobiba
https://kyounoko.jp/station/rokugo-dote/kouen
https://kyounoko.jp/station/rokugo-dote/ame-asobiba
https://kyounoko.jp/station/zoshiki/asobiba
https://kyounoko.jp/station/zoshiki/kouen
https://kyounoko.jp/station/zoshiki/ame-asobiba
https://kyounoko.jp/station/kojiya/asobiba
https://kyounoko.jp/station/kojiya/kouen
https://kyounoko.jp/station/kojiya/ame-asobiba
https://kyounoko.jp/station/otorii/asobiba
https://kyounoko.jp/station/otorii/kouen
https://kyounoko.jp/station/otorii/ame-asobiba
https://kyounoko.jp/station/anamori-inari/asobiba
https://kyounoko.jp/station/anamori-inari/kouen
https://kyounoko.jp/station/anamori-inari/ame-asobiba
https://kyounoko.jp/station/tenkubashi/asobiba
https://kyounoko.jp/station/tenkubashi/kouen
https://kyounoko.jp/station/tenkubashi/ame-asobiba
https://kyounoko.jp/station/haneda-airport-t1/asobiba
https://kyounoko.jp/station/haneda-airport-t1/kouen
https://kyounoko.jp/station/haneda-airport-t1/ame-asobiba
https://kyounoko.jp/station/haneda-airport-t2/asobiba
https://kyounoko.jp/station/haneda-airport-t2/kouen
https://kyounoko.jp/station/haneda-airport-t2/ame-asobiba
https://kyounoko.jp/station/haneda-airport-t3/asobiba
https://kyounoko.jp/station/haneda-airport-t3/kouen
https://kyounoko.jp/station/haneda-airport-t3/ame-asobiba
https://kyounoko.jp/station/shin-seibijo/asobiba
https://kyounoko.jp/station/shin-seibijo/kouen
https://kyounoko.jp/station/shin-seibijo/ame-asobiba
https://kyounoko.jp/station/seibijo/asobiba
https://kyounoko.jp/station/seibijo/kouen
https://kyounoko.jp/station/seibijo/ame-asobiba
https://kyounoko.jp/station/showajima/asobiba
https://kyounoko.jp/station/showajima/kouen
https://kyounoko.jp/station/showajima/ame-asobiba
https://kyounoko.jp/station/ryutsu-center/asobiba
https://kyounoko.jp/station/ryutsu-center/kouen
https://kyounoko.jp/station/ryutsu-center/ame-asobiba
https://kyounoko.jp/station/ikegami/asobiba
https://kyounoko.jp/station/ikegami/kouen
https://kyounoko.jp/station/ikegami/ame-asobiba
https://kyounoko.jp/station/hasunuma/asobiba
https://kyounoko.jp/station/hasunuma/kouen
https://kyounoko.jp/station/hasunuma/ame-asobiba
https://kyounoko.jp/station/chidoricho/asobiba
https://kyounoko.jp/station/chidoricho/kouen
https://kyounoko.jp/station/chidoricho/ame-asobiba
https://kyounoko.jp/station/ontakesan/asobiba
https://kyounoko.jp/station/ontakesan/kouen
https://kyounoko.jp/station/ontakesan/ame-asobiba
https://kyounoko.jp/station/kugahara/asobiba
https://kyounoko.jp/station/kugahara/kouen
https://kyounoko.jp/station/kugahara/ame-asobiba
https://kyounoko.jp/station/ishikawadai/asobiba
https://kyounoko.jp/station/ishikawadai/kouen
https://kyounoko.jp/station/ishikawadai/ame-asobiba
https://kyounoko.jp/station/yukigaya-otsuka/asobiba
https://kyounoko.jp/station/yukigaya-otsuka/kouen
https://kyounoko.jp/station/yukigaya-otsuka/ame-asobiba
https://kyounoko.jp/station/denenchofu/asobiba
https://kyounoko.jp/station/denenchofu/kouen
https://kyounoko.jp/station/denenchofu/ame-asobiba
https://kyounoko.jp/station/tamagawa/asobiba
https://kyounoko.jp/station/tamagawa/kouen
https://kyounoko.jp/station/tamagawa/ame-asobiba
https://kyounoko.jp/station/numabe/asobiba
https://kyounoko.jp/station/numabe/kouen
https://kyounoko.jp/station/numabe/ame-asobiba
https://kyounoko.jp/station/unoki/asobiba
https://kyounoko.jp/station/unoki/kouen
https://kyounoko.jp/station/unoki/ame-asobiba
https://kyounoko.jp/station/shimo-maruko/asobiba
https://kyounoko.jp/station/shimo-maruko/kouen
https://kyounoko.jp/station/shimo-maruko/ame-asobiba
https://kyounoko.jp/station/musashi-nitta/asobiba
https://kyounoko.jp/station/musashi-nitta/kouen
https://kyounoko.jp/station/musashi-nitta/ame-asobiba
https://kyounoko.jp/station/yaguchi-no-watashi/asobiba
https://kyounoko.jp/station/yaguchi-no-watashi/kouen
https://kyounoko.jp/station/yaguchi-no-watashi/ame-asobiba
https://kyounoko.jp/station/nishi-magome/asobiba
https://kyounoko.jp/station/nishi-magome/kouen
https://kyounoko.jp/station/nishi-magome/ame-asobiba
https://kyounoko.jp/station/magome/asobiba
https://kyounoko.jp/station/magome/kouen
https://kyounoko.jp/station/magome/ame-asobiba
https://kyounoko.jp/station/oimachi-line-okusawa/asobiba
https://kyounoko.jp/station/oimachi-line-okusawa/kouen
https://kyounoko.jp/station/oimachi-line-okusawa/ame-asobiba
https://kyounoko.jp/station/shimokitazawa/asobiba
https://kyounoko.jp/station/shimokitazawa/kouen
https://kyounoko.jp/station/shimokitazawa/ame-asobiba
https://kyounoko.jp/station/higashi-kitazawa/asobiba
https://kyounoko.jp/station/higashi-kitazawa/kouen
https://kyounoko.jp/station/higashi-kitazawa/ame-asobiba
https://kyounoko.jp/station/setagaya-daita/asobiba
https://kyounoko.jp/station/setagaya-daita/kouen
https://kyounoko.jp/station/setagaya-daita/ame-asobiba
https://kyounoko.jp/station/umegaoka/asobiba
https://kyounoko.jp/station/umegaoka/kouen
https://kyounoko.jp/station/umegaoka/ame-asobiba
https://kyounoko.jp/station/gotokuji/asobiba
https://kyounoko.jp/station/gotokuji/kouen
https://kyounoko.jp/station/gotokuji/ame-asobiba
https://kyounoko.jp/station/kyodo/asobiba
https://kyounoko.jp/station/kyodo/kouen
https://kyounoko.jp/station/kyodo/ame-asobiba
https://kyounoko.jp/station/chitose-funabashi/asobiba
https://kyounoko.jp/station/chitose-funabashi/kouen
https://kyounoko.jp/station/chitose-funabashi/ame-asobiba
https://kyounoko.jp/station/soshigaya-okura/asobiba
https://kyounoko.jp/station/soshigaya-okura/kouen
https://kyounoko.jp/station/soshigaya-okura/ame-asobiba
https://kyounoko.jp/station/seijogakuen-mae/asobiba
https://kyounoko.jp/station/seijogakuen-mae/kouen
https://kyounoko.jp/station/seijogakuen-mae/ame-asobiba
https://kyounoko.jp/station/kitami/asobiba
https://kyounoko.jp/station/kitami/kouen
https://kyounoko.jp/station/kitami/ame-asobiba
https://kyounoko.jp/station/sangenjaya/asobiba
https://kyounoko.jp/station/sangenjaya/kouen
https://kyounoko.jp/station/sangenjaya/ame-asobiba
https://kyounoko.jp/station/komazawa-daigaku/asobiba
https://kyounoko.jp/station/komazawa-daigaku/kouen
https://kyounoko.jp/station/komazawa-daigaku/ame-asobiba
https://kyounoko.jp/station/sakura-shimmachi/asobiba
https://kyounoko.jp/station/sakura-shimmachi/kouen
https://kyounoko.jp/station/sakura-shimmachi/ame-asobiba
https://kyounoko.jp/station/yoga/asobiba
https://kyounoko.jp/station/yoga/kouen
https://kyounoko.jp/station/yoga/ame-asobiba
https://kyounoko.jp/station/futako-tamagawa/asobiba
https://kyounoko.jp/station/futako-tamagawa/kouen
https://kyounoko.jp/station/futako-tamagawa/ame-asobiba
https://kyounoko.jp/station/kaminoge/asobiba
https://kyounoko.jp/station/kaminoge/kouen
https://kyounoko.jp/station/kaminoge/ame-asobiba
https://kyounoko.jp/station/todoroki/asobiba
https://kyounoko.jp/station/todoroki/kouen
https://kyounoko.jp/station/todoroki/ame-asobiba
https://kyounoko.jp/station/oyamadai/asobiba
https://kyounoko.jp/station/oyamadai/kouen
https://kyounoko.jp/station/oyamadai/ame-asobiba
https://kyounoko.jp/station/kuhonbutsu/asobiba
https://kyounoko.jp/station/kuhonbutsu/kouen
https://kyounoko.jp/station/kuhonbutsu/ame-asobiba
https://kyounoko.jp/station/nishi-taishido/asobiba
https://kyounoko.jp/station/nishi-taishido/kouen
https://kyounoko.jp/station/nishi-taishido/ame-asobiba
https://kyounoko.jp/station/wakabayashi/asobiba
https://kyounoko.jp/station/wakabayashi/kouen
https://kyounoko.jp/station/wakabayashi/ame-asobiba
https://kyounoko.jp/station/shoin-jinjamae/asobiba
https://kyounoko.jp/station/shoin-jinjamae/kouen
https://kyounoko.jp/station/shoin-jinjamae/ame-asobiba
https://kyounoko.jp/station/setagaya/asobiba
https://kyounoko.jp/station/setagaya/kouen
https://kyounoko.jp/station/setagaya/ame-asobiba
https://kyounoko.jp/station/kamimachi/asobiba
https://kyounoko.jp/station/kamimachi/kouen
https://kyounoko.jp/station/kamimachi/ame-asobiba
https://kyounoko.jp/station/miyanosaka/asobiba
https://kyounoko.jp/station/miyanosaka/kouen
https://kyounoko.jp/station/miyanosaka/ame-asobiba
https://kyounoko.jp/station/yamashita/asobiba
https://kyounoko.jp/station/yamashita/kouen
https://kyounoko.jp/station/yamashita/ame-asobiba
https://kyounoko.jp/station/matsubara/asobiba
https://kyounoko.jp/station/matsubara/kouen
https://kyounoko.jp/station/matsubara/ame-asobiba
https://kyounoko.jp/station/shimo-takaido/asobiba
https://kyounoko.jp/station/shimo-takaido/kouen
https://kyounoko.jp/station/shimo-takaido/ame-asobiba
https://kyounoko.jp/station/sakurajosui/asobiba
https://kyounoko.jp/station/sakurajosui/kouen
https://kyounoko.jp/station/sakurajosui/ame-asobiba
https://kyounoko.jp/station/kami-kitazawa/asobiba
https://kyounoko.jp/station/kami-kitazawa/kouen
https://kyounoko.jp/station/kami-kitazawa/ame-asobiba
https://kyounoko.jp/station/hachimanyama/asobiba
https://kyounoko.jp/station/hachimanyama/kouen
https://kyounoko.jp/station/hachimanyama/ame-asobiba
https://kyounoko.jp/station/roka-koen/asobiba
https://kyounoko.jp/station/roka-koen/kouen
https://kyounoko.jp/station/roka-koen/ame-asobiba
https://kyounoko.jp/station/chitose-karasuyama/asobiba
https://kyounoko.jp/station/chitose-karasuyama/kouen
https://kyounoko.jp/station/chitose-karasuyama/ame-asobiba
https://kyounoko.jp/station/shindaita/asobiba
https://kyounoko.jp/station/shindaita/kouen
https://kyounoko.jp/station/shindaita/ame-asobiba
https://kyounoko.jp/station/higashi-matsubara/asobiba
https://kyounoko.jp/station/higashi-matsubara/kouen
https://kyounoko.jp/station/higashi-matsubara/ame-asobiba
https://kyounoko.jp/station/meidaimae/asobiba
https://kyounoko.jp/station/meidaimae/kouen
https://kyounoko.jp/station/meidaimae/ame-asobiba
https://kyounoko.jp/station/ikenoue/asobiba
https://kyounoko.jp/station/ikenoue/kouen
https://kyounoko.jp/station/ikenoue/ame-asobiba
https://kyounoko.jp/station/shibuya/asobiba
https://kyounoko.jp/station/shibuya/kouen
https://kyounoko.jp/station/shibuya/ame-asobiba
https://kyounoko.jp/station/harajuku/asobiba
https://kyounoko.jp/station/harajuku/kouen
https://kyounoko.jp/station/harajuku/ame-asobiba
https://kyounoko.jp/station/meiji-jingumae/asobiba
https://kyounoko.jp/station/meiji-jingumae/kouen
https://kyounoko.jp/station/meiji-jingumae/ame-asobiba
https://kyounoko.jp/station/yoyogi/asobiba
https://kyounoko.jp/station/yoyogi/kouen
https://kyounoko.jp/station/yoyogi/ame-asobiba
https://kyounoko.jp/station/yoyogi-koen/asobiba
https://kyounoko.jp/station/yoyogi-koen/kouen
https://kyounoko.jp/station/yoyogi-koen/ame-asobiba
https://kyounoko.jp/station/yoyogi-uehara/asobiba
https://kyounoko.jp/station/yoyogi-uehara/kouen
https://kyounoko.jp/station/yoyogi-uehara/ame-asobiba
https://kyounoko.jp/station/yoyogi-hachiman/asobiba
https://kyounoko.jp/station/yoyogi-hachiman/kouen
https://kyounoko.jp/station/yoyogi-hachiman/ame-asobiba
https://kyounoko.jp/station/sangubashi/asobiba
https://kyounoko.jp/station/sangubashi/kouen
https://kyounoko.jp/station/sangubashi/ame-asobiba
https://kyounoko.jp/station/hatsudai/asobiba
https://kyounoko.jp/station/hatsudai/kouen
https://kyounoko.jp/station/hatsudai/ame-asobiba
https://kyounoko.jp/station/hatagaya/asobiba
https://kyounoko.jp/station/hatagaya/kouen
https://kyounoko.jp/station/hatagaya/ame-asobiba
https://kyounoko.jp/station/sasazuka/asobiba
https://kyounoko.jp/station/sasazuka/kouen
https://kyounoko.jp/station/sasazuka/ame-asobiba
https://kyounoko.jp/station/shinsen/asobiba
https://kyounoko.jp/station/shinsen/kouen
https://kyounoko.jp/station/shinsen/ame-asobiba
https://kyounoko.jp/station/ebisu/asobiba
https://kyounoko.jp/station/ebisu/kouen
https://kyounoko.jp/station/ebisu/ame-asobiba
https://kyounoko.jp/station/daikanyama/asobiba
https://kyounoko.jp/station/daikanyama/kouen
https://kyounoko.jp/station/daikanyama/ame-asobiba
https://kyounoko.jp/station/kita-sando/asobiba
https://kyounoko.jp/station/kita-sando/kouen
https://kyounoko.jp/station/kita-sando/ame-asobiba
https://kyounoko.jp/station/honancho/asobiba
https://kyounoko.jp/station/honancho/kouen
https://kyounoko.jp/station/honancho/ame-asobiba
https://kyounoko.jp/station/koenji/asobiba
https://kyounoko.jp/station/koenji/kouen
https://kyounoko.jp/station/koenji/ame-asobiba
https://kyounoko.jp/station/asagaya/asobiba
https://kyounoko.jp/station/asagaya/kouen
https://kyounoko.jp/station/asagaya/ame-asobiba
https://kyounoko.jp/station/ogikubo/asobiba
https://kyounoko.jp/station/ogikubo/kouen
https://kyounoko.jp/station/ogikubo/ame-asobiba
https://kyounoko.jp/station/nishi-ogikubo/asobiba
https://kyounoko.jp/station/nishi-ogikubo/kouen
https://kyounoko.jp/station/nishi-ogikubo/ame-asobiba
https://kyounoko.jp/station/minami-asagaya/asobiba
https://kyounoko.jp/station/minami-asagaya/kouen
https://kyounoko.jp/station/minami-asagaya/ame-asobiba
https://kyounoko.jp/station/shin-koenji/asobiba
https://kyounoko.jp/station/shin-koenji/kouen
https://kyounoko.jp/station/shin-koenji/ame-asobiba
https://kyounoko.jp/station/higashi-koenji/asobiba
https://kyounoko.jp/station/higashi-koenji/kouen
https://kyounoko.jp/station/higashi-koenji/ame-asobiba
https://kyounoko.jp/station/iogi/asobiba
https://kyounoko.jp/station/iogi/kouen
https://kyounoko.jp/station/iogi/ame-asobiba
https://kyounoko.jp/station/kami-igusa/asobiba
https://kyounoko.jp/station/kami-igusa/kouen
https://kyounoko.jp/station/kami-igusa/ame-asobiba
https://kyounoko.jp/station/shimo-igusa/asobiba
https://kyounoko.jp/station/shimo-igusa/kouen
https://kyounoko.jp/station/shimo-igusa/ame-asobiba
https://kyounoko.jp/station/eifukucho/asobiba
https://kyounoko.jp/station/eifukucho/kouen
https://kyounoko.jp/station/eifukucho/ame-asobiba
https://kyounoko.jp/station/nishi-eifuku/asobiba
https://kyounoko.jp/station/nishi-eifuku/kouen
https://kyounoko.jp/station/nishi-eifuku/ame-asobiba
https://kyounoko.jp/station/hamadayama/asobiba
https://kyounoko.jp/station/hamadayama/kouen
https://kyounoko.jp/station/hamadayama/ame-asobiba
https://kyounoko.jp/station/takaido/asobiba
https://kyounoko.jp/station/takaido/kouen
https://kyounoko.jp/station/takaido/ame-asobiba
https://kyounoko.jp/station/fujimigaoka/asobiba
https://kyounoko.jp/station/fujimigaoka/kouen
https://kyounoko.jp/station/fujimigaoka/ame-asobiba
https://kyounoko.jp/station/kugayama/asobiba
https://kyounoko.jp/station/kugayama/kouen
https://kyounoko.jp/station/kugayama/ame-asobiba
https://kyounoko.jp/station/ikebukuro/asobiba
https://kyounoko.jp/station/ikebukuro/ame-asobiba
https://kyounoko.jp/station/mejiro/asobiba
https://kyounoko.jp/station/mejiro/ame-asobiba
https://kyounoko.jp/station/otsuka/asobiba
https://kyounoko.jp/station/otsuka/ame-asobiba
https://kyounoko.jp/station/sugamo/asobiba
https://kyounoko.jp/station/sugamo/ame-asobiba
https://kyounoko.jp/station/komagome/asobiba
https://kyounoko.jp/station/komagome/ame-asobiba
https://kyounoko.jp/station/higashi-ikebukuro/asobiba
https://kyounoko.jp/station/higashi-ikebukuro/ame-asobiba
https://kyounoko.jp/station/kanamecho/asobiba
https://kyounoko.jp/station/kanamecho/ame-asobiba
https://kyounoko.jp/station/senkawa/asobiba
https://kyounoko.jp/station/senkawa/ame-asobiba
https://kyounoko.jp/station/kita-ikebukuro/asobiba
https://kyounoko.jp/station/kita-ikebukuro/ame-asobiba
https://kyounoko.jp/station/shimo-itabashi/asobiba
https://kyounoko.jp/station/shimo-itabashi/ame-asobiba
https://kyounoko.jp/station/shiinamachi/asobiba
https://kyounoko.jp/station/shiinamachi/ame-asobiba
https://kyounoko.jp/station/higashi-nagasaki/asobiba
https://kyounoko.jp/station/higashi-nagasaki/ame-asobiba
https://kyounoko.jp/station/zoshigaya/asobiba
https://kyounoko.jp/station/zoshigaya/ame-asobiba
https://kyounoko.jp/station/mukohara/asobiba
https://kyounoko.jp/station/mukohara/ame-asobiba
https://kyounoko.jp/station/kishibojinmae/asobiba
https://kyounoko.jp/station/kishibojinmae/ame-asobiba
https://kyounoko.jp/station/gakushuin-shita/asobiba
https://kyounoko.jp/station/gakushuin-shita/ame-asobiba
https://kyounoko.jp/station/omokagebashi/asobiba
https://kyounoko.jp/station/omokagebashi/kouen
https://kyounoko.jp/station/omokagebashi/ame-asobiba
https://kyounoko.jp/station/waseda-toden/asobiba
https://kyounoko.jp/station/waseda-toden/kouen
https://kyounoko.jp/station/waseda-toden/ame-asobiba
https://kyounoko.jp/station/higashi-ikebukuro-yonchome/asobiba
https://kyounoko.jp/station/higashi-ikebukuro-yonchome/ame-asobiba
https://kyounoko.jp/station/koshinzuka/asobiba
https://kyounoko.jp/station/koshinzuka/ame-asobiba
https://kyounoko.jp/station/shin-koshinzuka/asobiba
https://kyounoko.jp/station/shin-koshinzuka/ame-asobiba
https://kyounoko.jp/station/nippori/kouen
https://kyounoko.jp/station/nishi-nippori/kouen
https://kyounoko.jp/station/mikawashima/kouen
https://kyounoko.jp/station/minami-senju/kouen
https://kyounoko.jp/station/minowabashi/kouen
https://kyounoko.jp/station/machiya/kouen
https://kyounoko.jp/station/machiya-ekimae/kouen
https://kyounoko.jp/station/arakawa-kuyakushomae/kouen
https://kyounoko.jp/station/arakawa-nichome/kouen
https://kyounoko.jp/station/arakawa-shakomae/kouen
https://kyounoko.jp/station/arakawa-yuenchi-mae/kouen
https://kyounoko.jp/station/arakawa-itchumae/kouen
https://kyounoko.jp/station/higashi-ogu-sanchome/kouen
https://kyounoko.jp/station/kumano-mae/kouen
https://kyounoko.jp/station/akado-shogakko-mae/kouen
https://kyounoko.jp/station/odai/kouen
https://kyounoko.jp/station/itabashi/asobiba
https://kyounoko.jp/station/itabashi/kouen
https://kyounoko.jp/station/itabashi-kuyakushomae/asobiba
https://kyounoko.jp/station/itabashi-kuyakushomae/kouen
https://kyounoko.jp/station/itabashi-honcho/asobiba
https://kyounoko.jp/station/itabashi-honcho/kouen
https://kyounoko.jp/station/motohasunuma/asobiba
https://kyounoko.jp/station/motohasunuma/kouen
https://kyounoko.jp/station/shimura-sakaue/asobiba
https://kyounoko.jp/station/shimura-sakaue/kouen
https://kyounoko.jp/station/shimura-sanchome/asobiba
https://kyounoko.jp/station/shimura-sanchome/kouen
https://kyounoko.jp/station/hasune/asobiba
https://kyounoko.jp/station/hasune/kouen
https://kyounoko.jp/station/nishidai/asobiba
https://kyounoko.jp/station/nishidai/kouen
https://kyounoko.jp/station/takashimadaira/asobiba
https://kyounoko.jp/station/takashimadaira/kouen
https://kyounoko.jp/station/shin-takashimadaira/asobiba
https://kyounoko.jp/station/shin-takashimadaira/kouen
https://kyounoko.jp/station/nishi-takashimadaira/asobiba
https://kyounoko.jp/station/nishi-takashimadaira/kouen
https://kyounoko.jp/station/naka-itabashi/asobiba
https://kyounoko.jp/station/naka-itabashi/kouen
https://kyounoko.jp/station/tokiwadai/asobiba
https://kyounoko.jp/station/tokiwadai/kouen
https://kyounoko.jp/station/kami-itabashi/asobiba
https://kyounoko.jp/station/kami-itabashi/kouen
https://kyounoko.jp/station/tobu-nerima/asobiba
https://kyounoko.jp/station/tobu-nerima/kouen
https://kyounoko.jp/station/shimo-akatsuka/asobiba
https://kyounoko.jp/station/shimo-akatsuka/kouen
https://kyounoko.jp/station/narimasu/asobiba
https://kyounoko.jp/station/narimasu/kouen
https://kyounoko.jp/station/chikatetsu-narimasu/asobiba
https://kyounoko.jp/station/chikatetsu-narimasu/kouen
https://kyounoko.jp/station/chikatetsu-akatsuka/asobiba
https://kyounoko.jp/station/chikatetsu-akatsuka/kouen
https://kyounoko.jp/station/shin-itabashi/asobiba
https://kyounoko.jp/station/shin-itabashi/kouen
https://kyounoko.jp/station/nerima/kouen
https://kyounoko.jp/station/toshimaen/kouen
https://kyounoko.jp/station/nerima-kasugacho/kouen
https://kyounoko.jp/station/hikarigaoka/kouen
https://kyounoko.jp/station/shakujii-koen/kouen
https://kyounoko.jp/station/oizumi-gakuen/kouen
https://kyounoko.jp/station/sakuradai/kouen
https://kyounoko.jp/station/ekoda/kouen
https://kyounoko.jp/station/fujimidai/kouen
https://kyounoko.jp/station/nerima-takanodai/kouen
https://kyounoko.jp/station/kami-shakujii/kouen
https://kyounoko.jp/station/musashi-seki/kouen
https://kyounoko.jp/station/nakamurabashi/kouen
https://kyounoko.jp/station/kita-senju/asobiba
https://kyounoko.jp/station/kita-senju/kouen
https://kyounoko.jp/station/kita-senju/ame-asobiba
https://kyounoko.jp/station/ayase/asobiba
https://kyounoko.jp/station/ayase/kouen
https://kyounoko.jp/station/ayase/ame-asobiba
https://kyounoko.jp/station/kita-ayase/asobiba
https://kyounoko.jp/station/kita-ayase/kouen
https://kyounoko.jp/station/kita-ayase/ame-asobiba
https://kyounoko.jp/station/gotanno/asobiba
https://kyounoko.jp/station/gotanno/kouen
https://kyounoko.jp/station/gotanno/ame-asobiba
https://kyounoko.jp/station/umejima/asobiba
https://kyounoko.jp/station/umejima/kouen
https://kyounoko.jp/station/umejima/ame-asobiba
https://kyounoko.jp/station/nishiarai/asobiba
https://kyounoko.jp/station/nishiarai/kouen
https://kyounoko.jp/station/nishiarai/ame-asobiba
https://kyounoko.jp/station/daishimae/asobiba
https://kyounoko.jp/station/daishimae/kouen
https://kyounoko.jp/station/daishimae/ame-asobiba
https://kyounoko.jp/station/takenotsuka/asobiba
https://kyounoko.jp/station/takenotsuka/kouen
https://kyounoko.jp/station/takenotsuka/ame-asobiba
https://kyounoko.jp/station/kosuge/asobiba
https://kyounoko.jp/station/kosuge/kouen
https://kyounoko.jp/station/kosuge/ame-asobiba
https://kyounoko.jp/station/horikiri/asobiba
https://kyounoko.jp/station/horikiri/kouen
https://kyounoko.jp/station/horikiri/ame-asobiba
https://kyounoko.jp/station/toneri/asobiba
https://kyounoko.jp/station/toneri/kouen
https://kyounoko.jp/station/toneri/ame-asobiba
https://kyounoko.jp/station/toneri-koen/asobiba
https://kyounoko.jp/station/toneri-koen/kouen
https://kyounoko.jp/station/toneri-koen/ame-asobiba
https://kyounoko.jp/station/minumadai-shinsuikoen/asobiba
https://kyounoko.jp/station/minumadai-shinsuikoen/kouen
https://kyounoko.jp/station/minumadai-shinsuikoen/ame-asobiba
https://kyounoko.jp/station/yazaike/asobiba
https://kyounoko.jp/station/yazaike/kouen
https://kyounoko.jp/station/yazaike/ame-asobiba
https://kyounoko.jp/station/kohoku/asobiba
https://kyounoko.jp/station/kohoku/kouen
https://kyounoko.jp/station/kohoku/ame-asobiba
https://kyounoko.jp/station/nishiarai-daishi-nishi/asobiba
https://kyounoko.jp/station/nishiarai-daishi-nishi/kouen
https://kyounoko.jp/station/nishiarai-daishi-nishi/ame-asobiba
https://kyounoko.jp/station/adachi-odai/asobiba
https://kyounoko.jp/station/adachi-odai/kouen
https://kyounoko.jp/station/adachi-odai/ame-asobiba
https://kyounoko.jp/station/oji-shinden/asobiba
https://kyounoko.jp/station/oji-shinden/kouen
https://kyounoko.jp/station/oji-shinden/ame-asobiba
https://kyounoko.jp/station/ushida/asobiba
https://kyounoko.jp/station/ushida/kouen
https://kyounoko.jp/station/ushida/ame-asobiba
https://kyounoko.jp/station/keisei-sekiya/asobiba
https://kyounoko.jp/station/keisei-sekiya/kouen
https://kyounoko.jp/station/keisei-sekiya/ame-asobiba
https://kyounoko.jp/station/horikiri-keisei/kouen
https://kyounoko.jp/station/kameari/kouen
https://kyounoko.jp/station/kanamachi/kouen
https://kyounoko.jp/station/keisei-kanamachi/kouen
https://kyounoko.jp/station/shibamata/kouen
https://kyounoko.jp/station/keisei-takasago/kouen
https://kyounoko.jp/station/aoto/kouen
https://kyounoko.jp/station/keisei-tateishi/kouen
https://kyounoko.jp/station/yotsugi/kouen
https://kyounoko.jp/station/ohanajaya/kouen
https://kyounoko.jp/station/shin-koiwa/kouen
https://kyounoko.jp/station/koiwa/asobiba
https://kyounoko.jp/station/koiwa/kouen
https://kyounoko.jp/station/koiwa/ame-asobiba
https://kyounoko.jp/station/keisei-koiwa/asobiba
https://kyounoko.jp/station/keisei-koiwa/kouen
https://kyounoko.jp/station/keisei-koiwa/ame-asobiba
https://kyounoko.jp/station/edogawa/asobiba
https://kyounoko.jp/station/edogawa/kouen
https://kyounoko.jp/station/edogawa/ame-asobiba
https://kyounoko.jp/station/shinozaki/asobiba
https://kyounoko.jp/station/shinozaki/kouen
https://kyounoko.jp/station/shinozaki/ame-asobiba
https://kyounoko.jp/station/mizue/asobiba
https://kyounoko.jp/station/mizue/kouen
https://kyounoko.jp/station/mizue/ame-asobiba
https://kyounoko.jp/station/ichinoe/asobiba
https://kyounoko.jp/station/ichinoe/kouen
https://kyounoko.jp/station/ichinoe/ame-asobiba
https://kyounoko.jp/station/funabori/asobiba
https://kyounoko.jp/station/funabori/kouen
https://kyounoko.jp/station/funabori/ame-asobiba
https://kyounoko.jp/station/kasai/asobiba
https://kyounoko.jp/station/kasai/kouen
https://kyounoko.jp/station/kasai/ame-asobiba
https://kyounoko.jp/station/nishi-kasai/asobiba
https://kyounoko.jp/station/nishi-kasai/kouen
https://kyounoko.jp/station/nishi-kasai/ame-asobiba
https://kyounoko.jp/station/kasai-rinkai-koen/asobiba
https://kyounoko.jp/station/kasai-rinkai-koen/kouen
https://kyounoko.jp/station/kasai-rinkai-koen/ame-asobiba
https://kyounoko.jp/station/sugamo-shinden/asobiba
https://kyounoko.jp/station/sugamo-shinden/ame-asobiba
https://kyounoko.jp/station/otsuka-ekimae/asobiba
https://kyounoko.jp/station/otsuka-ekimae/ame-asobiba
https://kyounoko.jp/station/nishi-sugamo/asobiba
https://kyounoko.jp/station/nishi-sugamo/ame-asobiba
https://kyounoko.jp/station/kotake-mukaihara/kouen
https://kyounoko.jp/station/shin-sakuradai/kouen
https://kyounoko.jp/station/osaki-hirokoji/asobiba
https://kyounoko.jp/station/osaki-hirokoji/kouen
https://kyounoko.jp/station/osaki-hirokoji/ame-asobiba
https://kyounoko.jp/station/aoi/asobiba
https://kyounoko.jp/station/aoi/kouen
https://kyounoko.jp/station/aoi/ame-asobiba
https://kyounoko.jp/station/rokucho/asobiba
https://kyounoko.jp/station/rokucho/kouen
https://kyounoko.jp/station/rokucho/ame-asobiba
https://kyounoko.jp/station/senju-ohashi/asobiba
https://kyounoko.jp/station/senju-ohashi/kouen
https://kyounoko.jp/station/senju-ohashi/ame-asobiba
https://kyounoko.jp/station/shin-mikawashima/kouen
https://kyounoko.jp/station/daitabashi/asobiba
https://kyounoko.jp/station/daitabashi/kouen
https://kyounoko.jp/station/daitabashi/ame-asobiba
https://kyounoko.jp/station/shinsen-shinjuku/asobiba
https://kyounoko.jp/station/shinsen-shinjuku/kouen
https://kyounoko.jp/station/shinsen-shinjuku/ame-asobiba
https://kyounoko.jp/station/oyama/asobiba
https://kyounoko.jp/station/oyama/kouen
https://kyounoko.jp/station/hikawadai/kouen
https://kyounoko.jp/station/heiwadai/kouen
https://kyounoko.jp/station/sakuradamon/asobiba
https://kyounoko.jp/station/sakuradamon/kouen
https://kyounoko.jp/station/sakuradamon/ame-asobiba
https://kyounoko.jp/station/kita-senzoku/asobiba
https://kyounoko.jp/station/kita-senzoku/kouen
https://kyounoko.jp/station/kita-senzoku/ame-asobiba
https://kyounoko.jp/station/ikejiri-ohashi/asobiba
https://kyounoko.jp/station/ikejiri-ohashi/kouen
https://kyounoko.jp/station/ikejiri-ohashi/ame-asobiba
https://kyounoko.jp/station/nagahara/asobiba
https://kyounoko.jp/station/nagahara/kouen
https://kyounoko.jp/station/nagahara/ame-asobiba
https://kyounoko.jp/station/senzoku-ike/asobiba
https://kyounoko.jp/station/senzoku-ike/kouen
https://kyounoko.jp/station/senzoku-ike/ame-asobiba
https://kyounoko.jp/station/takaracho/asobiba
https://kyounoko.jp/station/takaracho/ame-asobiba
https://kyounoko.jp/station/uchi-saiwaicho/asobiba
https://kyounoko.jp/station/uchi-saiwaicho/kouen
https://kyounoko.jp/station/uchi-saiwaicho/ame-asobiba
https://kyounoko.jp/station/shiodome/asobiba
https://kyounoko.jp/station/shiodome/kouen
https://kyounoko.jp/station/shiodome/ame-asobiba
https://kyounoko.jp/station/takanosuke/asobiba
https://kyounoko.jp/station/takanosuke/kouen
https://kyounoko.jp/station/takanosuke/ame-asobiba
https://kyounoko.jp/station/arakawa-nanachome/kouen
https://kyounoko.jp/station/machiya-nichome/kouen
https://kyounoko.jp/station/miyanomae/kouen
https://kyounoko.jp/station/toden-zoshigaya/asobiba
https://kyounoko.jp/station/toden-zoshigaya/ame-asobiba
https://kyounoko.jp/station/shin-nihombashi/asobiba
https://kyounoko.jp/station/shin-nihombashi/ame-asobiba
https://kyounoko.jp/station/shin-shibamata/kouen
https://kyounoko.jp/station/osaka-umeda/asobiba
https://kyounoko.jp/station/osaka-umeda/ame-asobiba
https://kyounoko.jp/station/osaka-namba/asobiba
https://kyounoko.jp/station/osaka-namba/ame-asobiba
https://kyounoko.jp/station/osaka-tennoji/asobiba
https://kyounoko.jp/station/osaka-tennoji/ame-asobiba
https://kyounoko.jp/station/osaka-shinsaibashi/asobiba
https://kyounoko.jp/station/osaka-shinsaibashi/ame-asobiba
https://kyounoko.jp/station/osaka-honmachi/asobiba
https://kyounoko.jp/station/osaka-honmachi/ame-asobiba
https://kyounoko.jp/station/osaka-kyobashi/asobiba
https://kyounoko.jp/station/osaka-kyobashi/ame-asobiba
https://kyounoko.jp/station/osaka-fukushima/asobiba
https://kyounoko.jp/station/osaka-fukushima/ame-asobiba
https://kyounoko.jp/station/osaka-nakazakicho/asobiba
https://kyounoko.jp/station/osaka-nakazakicho/ame-asobiba
https://kyounoko.jp/station/kyoto-station/asobiba
https://kyounoko.jp/station/kyoto-station/kouen
https://kyounoko.jp/station/kyoto-station/ame-asobiba
https://kyounoko.jp/station/kyoto-kawaramachi/asobiba
https://kyounoko.jp/station/kyoto-kawaramachi/kouen
https://kyounoko.jp/station/kyoto-kawaramachi/ame-asobiba
https://kyounoko.jp/station/kyoto-shijo/asobiba
https://kyounoko.jp/station/kyoto-shijo/kouen
https://kyounoko.jp/station/kyoto-shijo/ame-asobiba
https://kyounoko.jp/station/kyoto-arashiyama/asobiba
https://kyounoko.jp/station/kyoto-arashiyama/kouen
https://kyounoko.jp/station/kyoto-arashiyama/ame-asobiba
https://kyounoko.jp/station/kyoto-kitaoji/asobiba
https://kyounoko.jp/station/kyoto-kitaoji/kouen
https://kyounoko.jp/station/kyoto-kitaoji/ame-asobiba
https://kyounoko.jp/station/kobe-sannomiya/asobiba
https://kyounoko.jp/station/kobe-sannomiya/ame-asobiba
https://kyounoko.jp/station/kobe-motomachi/asobiba
https://kyounoko.jp/station/kobe-motomachi/ame-asobiba
https://kyounoko.jp/station/kobe-harborland/asobiba
https://kyounoko.jp/station/kobe-harborland/ame-asobiba
https://kyounoko.jp/station/kobe-rokko/asobiba
https://kyounoko.jp/station/kobe-rokko/ame-asobiba
https://kyounoko.jp/station/kobe-okamoto/asobiba
https://kyounoko.jp/station/kobe-okamoto/ame-asobiba
https://kyounoko.jp/station/yokohama/asobiba
https://kyounoko.jp/station/yokohama/kouen
https://kyounoko.jp/station/yokohama/ame-asobiba
https://kyounoko.jp/station/minato-mirai/asobiba
https://kyounoko.jp/station/minato-mirai/kouen
https://kyounoko.jp/station/minato-mirai/ame-asobiba
https://kyounoko.jp/station/sakuragicho/asobiba
https://kyounoko.jp/station/sakuragicho/kouen
https://kyounoko.jp/station/sakuragicho/ame-asobiba
https://kyounoko.jp/station/kannai/asobiba
https://kyounoko.jp/station/kannai/kouen
https://kyounoko.jp/station/kannai/ame-asobiba
https://kyounoko.jp/station/motomachi-chukagai/asobiba
https://kyounoko.jp/station/motomachi-chukagai/kouen
https://kyounoko.jp/station/motomachi-chukagai/ame-asobiba
https://kyounoko.jp/station/shin-yokohama/asobiba
https://kyounoko.jp/station/shin-yokohama/kouen
https://kyounoko.jp/station/shin-yokohama/ame-asobiba
https://kyounoko.jp/station/hiyoshi/asobiba
https://kyounoko.jp/station/hiyoshi/kouen
https://kyounoko.jp/station/hiyoshi/ame-asobiba
https://kyounoko.jp/station/tsunashima/asobiba
https://kyounoko.jp/station/tsunashima/kouen
https://kyounoko.jp/station/tsunashima/ame-asobiba
https://kyounoko.jp/station/kikuna/asobiba
https://kyounoko.jp/station/kikuna/kouen
https://kyounoko.jp/station/kikuna/ame-asobiba
https://kyounoko.jp/station/center-kita/asobiba
https://kyounoko.jp/station/center-kita/kouen
https://kyounoko.jp/station/center-kita/ame-asobiba
https://kyounoko.jp/station/center-minami/asobiba
https://kyounoko.jp/station/center-minami/kouen
https://kyounoko.jp/station/center-minami/ame-asobiba
https://kyounoko.jp/station/azamino/asobiba
https://kyounoko.jp/station/azamino/kouen
https://kyounoko.jp/station/azamino/ame-asobiba
https://kyounoko.jp/station/tama-plaza/asobiba
https://kyounoko.jp/station/tama-plaza/kouen
https://kyounoko.jp/station/tama-plaza/ame-asobiba
https://kyounoko.jp/station/saginuma/asobiba
https://kyounoko.jp/station/saginuma/kouen
https://kyounoko.jp/station/saginuma/ame-asobiba
https://kyounoko.jp/station/mizonokuchi/asobiba
https://kyounoko.jp/station/mizonokuchi/kouen
https://kyounoko.jp/station/mizonokuchi/ame-asobiba
https://kyounoko.jp/station/futako-shinchi/asobiba
https://kyounoko.jp/station/futako-shinchi/kouen
https://kyounoko.jp/station/futako-shinchi/ame-asobiba
https://kyounoko.jp/station/kawasaki/asobiba
https://kyounoko.jp/station/kawasaki/kouen
https://kyounoko.jp/station/kawasaki/ame-asobiba
https://kyounoko.jp/station/musashi-kosugi/asobiba
https://kyounoko.jp/station/musashi-kosugi/kouen
https://kyounoko.jp/station/musashi-kosugi/ame-asobiba
https://kyounoko.jp/station/noborito/asobiba
https://kyounoko.jp/station/noborito/kouen
https://kyounoko.jp/station/noborito/ame-asobiba
https://kyounoko.jp/station/shin-yurigaoka/asobiba
https://kyounoko.jp/station/shin-yurigaoka/kouen
https://kyounoko.jp/station/shin-yurigaoka/ame-asobiba
https://kyounoko.jp/station/fujisawa/asobiba
https://kyounoko.jp/station/fujisawa/kouen
https://kyounoko.jp/station/fujisawa/ame-asobiba
https://kyounoko.jp/station/shonan-daira/asobiba
https://kyounoko.jp/station/shonan-daira/kouen
https://kyounoko.jp/station/shonan-daira/ame-asobiba
https://kyounoko.jp/station/odawara/asobiba
https://kyounoko.jp/station/odawara/kouen
https://kyounoko.jp/station/odawara/ame-asobiba
https://kyounoko.jp/station/omiya/asobiba
https://kyounoko.jp/station/omiya/kouen
https://kyounoko.jp/station/omiya/ame-asobiba
https://kyounoko.jp/station/urawa/asobiba
https://kyounoko.jp/station/urawa/kouen
https://kyounoko.jp/station/urawa/ame-asobiba
https://kyounoko.jp/station/kawaguchi/asobiba
https://kyounoko.jp/station/kawaguchi/kouen
https://kyounoko.jp/station/kawaguchi/ame-asobiba
https://kyounoko.jp/station/nishi-kawaguchi/asobiba
https://kyounoko.jp/station/nishi-kawaguchi/kouen
https://kyounoko.jp/station/nishi-kawaguchi/ame-asobiba
https://kyounoko.jp/station/soka/asobiba
https://kyounoko.jp/station/soka/kouen
https://kyounoko.jp/station/soka/ame-asobiba
https://kyounoko.jp/station/kawagoe/asobiba
https://kyounoko.jp/station/kawagoe/kouen
https://kyounoko.jp/station/kawagoe/ame-asobiba
https://kyounoko.jp/station/tokorozawa/asobiba
https://kyounoko.jp/station/tokorozawa/kouen
https://kyounoko.jp/station/tokorozawa/ame-asobiba
https://kyounoko.jp/station/kasukabe/asobiba
https://kyounoko.jp/station/kasukabe/kouen
https://kyounoko.jp/station/kasukabe/ame-asobiba
https://kyounoko.jp/station/koshigaya/asobiba
https://kyounoko.jp/station/koshigaya/kouen
https://kyounoko.jp/station/koshigaya/ame-asobiba
https://kyounoko.jp/station/koshigaya-laketown/asobiba
https://kyounoko.jp/station/koshigaya-laketown/kouen
https://kyounoko.jp/station/koshigaya-laketown/ame-asobiba
https://kyounoko.jp/station/musashi-urawa/asobiba
https://kyounoko.jp/station/musashi-urawa/kouen
https://kyounoko.jp/station/musashi-urawa/ame-asobiba
https://kyounoko.jp/station/kita-urawa/asobiba
https://kyounoko.jp/station/kita-urawa/kouen
https://kyounoko.jp/station/kita-urawa/ame-asobiba
https://kyounoko.jp/station/asaka/asobiba
https://kyounoko.jp/station/asaka/kouen
https://kyounoko.jp/station/asaka/ame-asobiba
https://kyounoko.jp/station/wako-shi/asobiba
https://kyounoko.jp/station/wako-shi/kouen
https://kyounoko.jp/station/wako-shi/ame-asobiba
https://kyounoko.jp/station/shiki/asobiba
https://kyounoko.jp/station/shiki/kouen
https://kyounoko.jp/station/shiki/ame-asobiba
https://kyounoko.jp/station/chiba/asobiba
https://kyounoko.jp/station/chiba/kouen
https://kyounoko.jp/station/chiba/ame-asobiba
https://kyounoko.jp/station/funabashi/asobiba
https://kyounoko.jp/station/funabashi/kouen
https://kyounoko.jp/station/funabashi/ame-asobiba
https://kyounoko.jp/station/kashiwa/asobiba
https://kyounoko.jp/station/kashiwa/kouen
https://kyounoko.jp/station/kashiwa/ame-asobiba
https://kyounoko.jp/station/matsudo/asobiba
https://kyounoko.jp/station/matsudo/kouen
https://kyounoko.jp/station/matsudo/ame-asobiba
https://kyounoko.jp/station/tsudanuma/asobiba
https://kyounoko.jp/station/tsudanuma/kouen
https://kyounoko.jp/station/tsudanuma/ame-asobiba
https://kyounoko.jp/station/ichikawa/asobiba
https://kyounoko.jp/station/ichikawa/kouen
https://kyounoko.jp/station/ichikawa/ame-asobiba
https://kyounoko.jp/station/urayasu/asobiba
https://kyounoko.jp/station/urayasu/kouen
https://kyounoko.jp/station/urayasu/ame-asobiba
https://kyounoko.jp/station/maihama/asobiba
https://kyounoko.jp/station/maihama/kouen
https://kyounoko.jp/station/maihama/ame-asobiba
https://kyounoko.jp/station/minami-funabashi/asobiba
https://kyounoko.jp/station/minami-funabashi/kouen
https://kyounoko.jp/station/minami-funabashi/ame-asobiba
https://kyounoko.jp/station/kaihimmakuhari/asobiba
https://kyounoko.jp/station/kaihimmakuhari/kouen
https://kyounoko.jp/station/kaihimmakuhari/ame-asobiba
https://kyounoko.jp/station/nishi-funabashi/asobiba
https://kyounoko.jp/station/nishi-funabashi/kouen
https://kyounoko.jp/station/nishi-funabashi/ame-asobiba
https://kyounoko.jp/station/nagareyama-otakanomori/asobiba
https://kyounoko.jp/station/nagareyama-otakanomori/kouen
https://kyounoko.jp/station/nagareyama-otakanomori/ame-asobiba
https://kyounoko.jp/station/kashiwa-no-ha-campus/asobiba
https://kyounoko.jp/station/kashiwa-no-ha-campus/kouen
https://kyounoko.jp/station/kashiwa-no-ha-campus/ame-asobiba
https://kyounoko.jp/station/inage/asobiba
https://kyounoko.jp/station/inage/kouen
https://kyounoko.jp/station/inage/ame-asobiba
https://kyounoko.jp/station/abiko/asobiba
https://kyounoko.jp/station/abiko/kouen
https://kyounoko.jp/station/abiko/ame-asobiba
# submitted at 2026-05-24T21:03:18.419Z (1089 URLs)
https://kyounoko.jp/items
https://kyounoko.jp/tools
https://kyounoko.jp/tools/babycar-shindan
https://kyounoko.jp/tools/naraigoto-match
https://kyounoko.jp/tools/odekake-type
https://kyounoko.jp/downloads
https://kyounoko.jp/downloads/nyuuen-checklist
https://kyounoko.jp/downloads/getsurei-schedule
https://kyounoko.jp/downloads/obento-rotation
https://kyounoko.jp/downloads/bousai-list
https://kyounoko.jp/downloads/naraigoto-hikaku
https://kyounoko.jp/about
https://kyounoko.jp/contact
https://kyounoko.jp/privacy
https://kyounoko.jp/terms
https://kyounoko.jp/category/today-doko
https://kyounoko.jp/category/today-nani
https://kyounoko.jp/category/today-taberu
https://kyounoko.jp/category/today-mawasu
https://kyounoko.jp/category/gyouji
https://kyounoko.jp/category/narai
https://kyounoko.jp/category/yakudatsu
https://kyounoko.jp/article/tullys-coffee-kodzure-koryaku
https://kyounoko.jp/article/sanmarc-cafe-kodzure-koryaku
https://kyounoko.jp/article/kodzure-udon-anzen-kanzen-guide
https://kyounoko.jp/article/kodzure-ramen-anzen-kanzen-guide
https://kyounoko.jp/article/kodzure-cafe-anzen-kanzen-guide
https://kyounoko.jp/article/doutor-kodzure-koryaku
https://kyounoko.jp/article/yakiniku-king-kodzure-koryaku
https://kyounoko.jp/article/takeout-bento-kodzure-anzen-guide
https://kyounoko.jp/article/ringer-hut-kodzure-koryaku
https://kyounoko.jp/article/kodzure-yakiniku-anzen-kanzen-guide
https://kyounoko.jp/article/kodzure-shabushabu-nabe-anzen-kanzen-guide
https://kyounoko.jp/article/hanamaru-udon-kodzure-koryaku
https://kyounoko.jp/article/mos-burger-kodzure-koryaku
https://kyounoko.jp/article/misdo-kodzure-koryaku
https://kyounoko.jp/article/kourakuen-kodzure-koryaku
https://kyounoko.jp/article/kfc-kodzure-koryaku
https://kyounoko.jp/article/hottomotto-kodzure-koryaku
https://kyounoko.jp/article/gaishoku-chain-kodomo-anzen-guide
https://kyounoko.jp/article/cocoichi-kodzure-koryaku
https://kyounoko.jp/article/burger-king-kodzure-koryaku
https://kyounoko.jp/article/burger-chain-kodzure-ranking-2026-5sha
https://kyounoko.jp/article/baskin-robbins-31-kodzure-koryaku
https://kyounoko.jp/article/teishoku-chain-kodzure-ranking-4sha
https://kyounoko.jp/article/shabushabu-chain-kodzure-ranking-2026-5sha
https://kyounoko.jp/article/ramen-chain-kodzure-ranking-2026-5sha
https://kyounoko.jp/article/natsumatsuri-yatai-gourmet-kodzure-guide
https://kyounoko.jp/article/natsu-drink-chain-kodzure-ranking-2026-5sha
https://kyounoko.jp/article/mochikaeri-sushi-chain-kodzure-4sha
https://kyounoko.jp/article/kappa-sushi-kodzure-koryaku
https://kyounoko.jp/article/kakigori-softcream-chain-kodzure-hikaku
https://kyounoko.jp/article/conveni-kodzure-kids-shokuzai-4sha
https://kyounoko.jp/article/bikkuri-donkey-kodzure-koryaku
https://kyounoko.jp/article/bento-takeout-chain-kodzure-4sha
https://kyounoko.jp/article/udon-chain-kodzure-4sha-hikaku
https://kyounoko.jp/article/tsuyu-shitsunai-asobi-0-6sai-hozonban-2026
https://kyounoko.jp/article/gyudon-chain-kodzure-ranking-2026-4sha
https://kyounoko.jp/article/cafe-chain-kodzure-ranking-2026-6sha
https://kyounoko.jp/article/babycar-osusume-2026-15model-hikaku
https://kyounoko.jp/article/yayoiken-vs-saize-kodzure-douchi
https://kyounoko.jp/article/tsuyu-ie-asobi-0-6sai-15pattern
https://kyounoko.jp/article/tanabata-kazari-tedukuri-0-6sai-7shurui
https://kyounoko.jp/article/starbucks-kodzure-koryaku
https://kyounoko.jp/article/gusto-vs-jonathan-kodzure-douchi
https://kyounoko.jp/article/famires-kodzure-ranking-2026-10sen
https://kyounoko.jp/article/chichi-no-hi-purezento-2-6sai-tedukuri-15sen
https://kyounoko.jp/article/zansho-bate-shokuyokunai-recipe-5
https://kyounoko.jp/article/yoshinoya-kodzure-koryaku
https://kyounoko.jp/article/yakiniku-5chain-kodomo-2026
https://kyounoko.jp/article/veranda-pool-4sai-asobi-kata
https://kyounoko.jp/article/undoukai-9gatsu-oya-junbi-list
https://kyounoko.jp/article/undokai-bentou-mochimono-kamigata
https://kyounoko.jp/article/udon-soba-3chain-kodzure
https://kyounoko.jp/article/tokyo-natsu-matsuri-kodzure-20
https://kyounoko.jp/article/tokyo-kakigori-kodzure-20
https://kyounoko.jp/article/tokyo-hanabi-kodzure-20
https://kyounoko.jp/article/tanabata-kazari-tedukuri-kodomo-2026
https://kyounoko.jp/article/swim-school-3brand-3-6sai
https://kyounoko.jp/article/shitsunai-asobiba-4brand-tokyo
https://kyounoko.jp/article/shichigosan-fukusou-shashin-kanzen
https://kyounoko.jp/article/shabushabu-yakiniku-buffet-3chain
https://kyounoko.jp/article/rinyuushoku-mochikomi-chain-15
https://kyounoko.jp/article/reibou-tsukeppanashi-kodomo-taion
https://kyounoko.jp/article/pool-asobi-4sai-manaberu-10
https://kyounoko.jp/article/picnic-takeout-chain-20
https://kyounoko.jp/article/piano-rhythm-2-5sai-3brand
https://kyounoko.jp/article/otoshidama-souba-pochibukuro-tedukuri
https://kyounoko.jp/article/osechi-kodomo-kantan-menu
https://kyounoko.jp/article/online-school-eigo-3brand-2026
https://kyounoko.jp/article/omatsuri-0-2sai-hajimete-yukata
https://kyounoko.jp/article/natsuyasumi-hirugohan-mainichi-idea-20
https://kyounoko.jp/article/natsuyasumi-ake-hoikuen-guzu-taiou
https://kyounoko.jp/article/natsuyasumi-1nichi-plan-30
https://kyounoko.jp/article/natsu-kodomo-shokuyoku-nai-recipe-10
https://kyounoko.jp/article/nakau-kodzure-koryaku
https://kyounoko.jp/article/matsuya-kodzure-koryaku
https://kyounoko.jp/article/kyoudai-kenka-naka-naoshi-natsuyasumi
https://kyounoko.jp/article/kyoudai-jiyukenkyu-4sai-2sai-coop
https://kyounoko.jp/article/koyou-kanto-kodzure-20
https://kyounoko.jp/article/kodzure-bbq-mochimono-0-4sai
https://kyounoko.jp/article/kodomo-yukata-debut-saizu
https://kyounoko.jp/article/kodomo-suitou-natsu-hikaku-7
https://kyounoko.jp/article/kodomo-netsuchusho-3sain-real-2026
https://kyounoko.jp/article/kodomo-natsukaze-byouin-iku-5moyasu
https://kyounoko.jp/article/kodomo-natsu-photo-toshi-kata-5
https://kyounoko.jp/article/kodomo-mushiyoke-3shurui-hikaku-real
https://kyounoko.jp/article/kodomo-camp-debut-0-2sai-souviru
https://kyounoko.jp/article/kids-menu-nansai-kara-hayami
https://kyounoko.jp/article/kids-menu-chain-15-hikaku
https://kyounoko.jp/article/keirou-no-hi-4sai-photo-message-card
https://kyounoko.jp/article/kaiten-sushi-4chain-comparison
https://kyounoko.jp/article/kaisuiyoku-1sai-debut-mochimono
https://kyounoko.jp/article/jiyukenkyu-1nichi-kodomo-30
https://kyounoko.jp/article/highchair-4brand-toritsuke-syohi
https://kyounoko.jp/article/hatsumoude-kodzure-kanto-15
https://kyounoko.jp/article/halloween-isho-tedukuri-kazari-kodomo
https://kyounoko.jp/article/gyudon-4chain-kodzure-hayami
https://kyounoko.jp/article/famires-7chain-8koumoku-2026
https://kyounoko.jp/article/eigo-kyouzai-3brand-2-6sai
https://kyounoko.jp/article/denshi-mosquito-4brand-anzen
https://kyounoko.jp/article/dakkohimo-3brand-7koumoku-2026
https://kyounoko.jp/article/christmas-present-kodomo-nenrei-betsu
https://kyounoko.jp/article/christmas-cake-kodzure-erabikata
https://kyounoko.jp/article/child-seat-0-7sai-5brand
https://kyounoko.jp/article/chiiku-toys-3brand-2-4sai
https://kyounoko.jp/article/cafe-3chain-kodzure-hikaku
https://kyounoko.jp/article/bousai-no-hi-katei-bichiku-mininaosu
https://kyounoko.jp/article/booster-3type-2-7sai
https://kyounoko.jp/article/bedlight-3type-kodomo
https://kyounoko.jp/article/babycar-a-b-buggy-3type-7koumoku
https://kyounoko.jp/article/aki-matsuri-kodzure-koryaku
https://kyounoko.jp/article/akachan-hiyakedome-itsukara-erabikata
https://kyounoko.jp/article/9gatsu-yobosesshu-4sai-made-checklist
https://kyounoko.jp/article/tokyo-ogata-yugu-koen-30
https://kyounoko.jp/article/tokyo-long-slide-park-20
https://kyounoko.jp/article/tokyo-fuwafuwa-park-20
https://kyounoko.jp/article/jabujabuike-mizuasobi-tokyo-30
https://kyounoko.jp/article/sushiro-kodzure-koryaku
https://kyounoko.jp/article/sukiya-kodzure-koryaku
https://kyounoko.jp/article/ootoya-kodzure-koryaku
https://kyounoko.jp/article/ohsho-kodzure-koryaku
https://kyounoko.jp/article/mcdonalds-kodzure-koryaku
https://kyounoko.jp/article/marugame-kodzure-koryaku
https://kyounoko.jp/article/kura-sushi-kodzure-koryaku
https://kyounoko.jp/article/komeda-kodzure-koryaku
https://kyounoko.jp/article/hama-sushi-kodzure-koryaku
https://kyounoko.jp/article/gyukaku-kodzure-koryaku
https://kyounoko.jp/article/tsuyu-obento-itamanai-kufuu-7
https://kyounoko.jp/article/tsuyu-1-2sai-ie-asobi-30
https://kyounoko.jp/article/tokyo-okunai-pool-kodzure-10
https://kyounoko.jp/article/rinyuushoku-shokuzai-takuhai-hikaku-2026
https://kyounoko.jp/article/rinyuushoku-mochikomi-ok-tokyo-15
https://kyounoko.jp/article/nyuuen-namaetsuke-jitan-tech-10
https://kyounoko.jp/article/koromogae-kodomofuku-shuunou-shobun
https://kyounoko.jp/article/kodzure-yakiniku-stroller-tokyo-20
https://kyounoko.jp/article/kodzure-restaurant-erabikata-kanzen-guide
https://kyounoko.jp/article/kodomo-udon-suki-hakusai-butabara-tamago
https://kyounoko.jp/article/kodomo-toriniku-yamitsuki-yangnyom-mild
https://kyounoko.jp/article/kodomo-tori-momo-teriyaki-don-5min-tare
https://kyounoko.jp/article/kodomo-tofu-hamburger-rinyuushoku-otona
https://kyounoko.jp/article/kodomo-tamagoyaki-4pattern-bento
https://kyounoko.jp/article/kodomo-tamagomayo-toast-3sai-5min
https://kyounoko.jp/article/kodomo-sokuseki-fruit-jelly-oyatsu
https://kyounoko.jp/article/kodomo-sake-hoiruyaki-oven-fuyou
https://kyounoko.jp/article/kodomo-renji-mushipan-5min-asa
https://kyounoko.jp/article/kodomo-renji-mushipan-3pattern-oyatsu
https://kyounoko.jp/article/kodomo-renji-curry-roux-nashi-tomato-base
https://kyounoko.jp/article/kodomo-renji-cup-nimono-ninjin-kabocha
https://kyounoko.jp/article/kodomo-reitou-banana-ice-1zairyou
https://kyounoko.jp/article/kodomo-pick-omoshiro-obento-kazarigiri-fuyou
https://kyounoko.jp/article/kodomo-peperoncino-udon-kodomo-muke
https://kyounoko.jp/article/kodomo-obento-reitou-stock-5sen
https://kyounoko.jp/article/kodomo-mini-hamburger-tofu-5min-bento
https://kyounoko.jp/article/kodomo-marshmallow-chocolate-bar-5min
https://kyounoko.jp/article/kodomo-koushuu-genin-keacare
https://kyounoko.jp/article/kodomo-hotcake-mix-donut-oyatsu
https://kyounoko.jp/article/kodomo-ham-cheese-roll-sandwich-houchou-fuyou
https://kyounoko.jp/article/kodomo-frypan-doria-1pan-10min
https://kyounoko.jp/article/kodomo-fruit-yogurt-bowl-asa
https://kyounoko.jp/article/kodomo-cheese-omelette-1pun-asa
https://kyounoko.jp/article/kodomo-chara-tamagoyaki-rinji-5min
https://kyounoko.jp/article/kodomo-cereal-tounyu-pudding-mae-shikomi
https://kyounoko.jp/article/kodomo-cabbage-shabushabu-houchou-fuyou
https://kyounoko.jp/article/kodomo-butter-rice-onigiri-sake-flake
https://kyounoko.jp/article/kodomo-buta-kimchi-kara-nashi-fp1
https://kyounoko.jp/article/kodomo-banana-kinako-yogurt-1sai-asagohan
https://kyounoko.jp/article/kodomo-asa-udon-tamagotoji-rinyuushoku-go
https://kyounoko.jp/article/kanto-doubutsuen-1sai-kara-ranking
https://kyounoko.jp/article/kanto-ajisai-kodzure-spot-10
https://kyounoko.jp/article/junior-seat-2-3sai-hikaku-15
https://kyounoko.jp/article/chichinohi-3sai-dekiru-tedukuri-10
https://kyounoko.jp/article/babygate-kaidan-ranking-7-2026
https://kyounoko.jp/article/akachan-yodare-kabure-care-matome
https://kyounoko.jp/article/3sai-hiragana-yomenai-ouchi-gakushuu
https://kyounoko.jp/article/2sai-kanshaku-koekake-top10
https://kyounoko.jp/article/yayoiken-toribunke-real
https://kyounoko.jp/article/yayoiken-kodzure-koryaku
https://kyounoko.jp/article/shabuyou-kodzure-koryaku
https://kyounoko.jp/article/shabuyou-3sai-free-real
https://kyounoko.jp/article/saizeriya-baby-real-voices
https://kyounoko.jp/article/royal-host-kodzure-koryaku
https://kyounoko.jp/article/royal-host-kinenbi-real
https://kyounoko.jp/article/kura-sushi-bikkurapon-real
https://kyounoko.jp/article/jonathan-morning-real
https://kyounoko.jp/article/jonathan-kodzure-koryaku
https://kyounoko.jp/article/gusto-rinyu-warm-real
https://kyounoko.jp/article/gusto-kodzure-koryaku
https://kyounoko.jp/article/dennys-arerugen-real
https://kyounoko.jp/article/denny-s-kodzure-koryaku
https://kyounoko.jp/article/cocos-kodzure-koryaku
https://kyounoko.jp/article/cocos-birthday-real
https://kyounoko.jp/article/bamiyan-kodzure-koryaku
https://kyounoko.jp/article/bamiyan-china-toribunke-real
https://kyounoko.jp/article/tokyo-terminal-vs-residence-kodzure
https://kyounoko.jp/article/tokyo-station-private-room-ranking
https://kyounoko.jp/article/tokyo-station-kodzure-shop-density-top20-2026
https://kyounoko.jp/article/tokyo-shineibun-kodomo-museum
https://kyounoko.jp/article/tokyo-shimokita-koenji-asagaya-comparison
https://kyounoko.jp/article/tokyo-rainy-strong-station-data
https://kyounoko.jp/article/tokyo-park-ranking-mom50-vote
https://kyounoko.jp/article/tokyo-line-family-friendly-ranking
https://kyounoko.jp/article/tokyo-kodomo-mushiyoke-spot
https://kyounoko.jp/article/tokyo-cheap-lunch-800-station-top
https://kyounoko.jp/article/tokyo-23ku-family-score-ranking-2026
https://kyounoko.jp/article/tokyo-23ku-family-friendly-area-rankings-3
https://kyounoko.jp/article/tokyo-23ku-data-comparison-jiyugaoka-futako
https://kyounoko.jp/article/obake-yashiki-kodzure-tokyo
https://kyounoko.jp/article/natsuyasumi-kakeibo-kodzure-shukatsu
https://kyounoko.jp/article/natsu-yobi-kosodate-grandparent
https://kyounoko.jp/article/mushikago-kodomo-kankatsu
https://kyounoko.jp/article/kuura-bonyu-shokujimae-jiki
https://kyounoko.jp/article/kumon-vs-shichida-vs-monte-comparison
https://kyounoko.jp/article/kosodate-tsukareta-jikan-no-tsukaikata-50
https://kyounoko.jp/article/kodomo-summer-camp-erabikata
https://kyounoko.jp/article/kodomo-okiniiri-spot-mama-50-shounin
https://kyounoko.jp/article/kodomo-okashi-tezukuri-natsu-5
https://kyounoko.jp/article/kodomo-byoki-meneki-real-data-2026
https://kyounoko.jp/article/hoikuen-yochien-erabikata-criteria
https://kyounoko.jp/article/chiiku-subsc-3sha-2026-comparison
https://kyounoko.jp/article/babycar-yarakashi-50-keikenshudan
https://kyounoko.jp/article/babycar-vs-dakkohimo-tsukaiwake-data
https://kyounoko.jp/article/babycar-good-station-top30-tokyo-2026
https://kyounoko.jp/article/tokyo-hanabi-taikai-kodzure-2026
https://kyounoko.jp/article/nettyusho-yobou-0-6sai
https://kyounoko.jp/article/natsu-bento-itamanai-recipe-7
https://kyounoko.jp/article/kodomo-pool-keiken-debut
https://kyounoko.jp/article/kakigori-kodomo-tezukuri-recipe
https://kyounoko.jp/article/tokyo-kawaasobi-spots-10
https://kyounoko.jp/article/obon-kisei-shintetsu-baby
https://kyounoko.jp/article/natsumatsuri-kodzure-koryaku-2026
https://kyounoko.jp/article/kodomo-yukata-kitsuke-jitan
https://kyounoko.jp/article/tsuyu-4-6sai-shitsunai-asobi-10
https://kyounoko.jp/article/tsuyu-0-1sai-sugoshikata
https://kyounoko.jp/article/natsuyasumi-yotei-table-2026
https://kyounoko.jp/article/natsuyasumi-keikaku-2026-kodzure
https://kyounoko.jp/article/natsuyasumi-jiyu-kenkyu-1nichi-10
https://kyounoko.jp/article/mothers-day-tezukuri-kodomo-2026
https://kyounoko.jp/article/kodomo-tsuyu-shokuyoku-fushin-recipe
https://kyounoko.jp/article/kodomo-shigaisen-taisaku-2026
https://kyounoko.jp/article/kodomo-mushiyoke-erabikata-2026
https://kyounoko.jp/article/fathers-day-tezukuri-kodomo-2026
https://kyounoko.jp/article/akachan-asemo-taisaku-2026
https://kyounoko.jp/article/1sai-pool-debut-motimono
https://kyounoko.jp/article/koshitsu-kodzure-lunch
https://kyounoko.jp/article/kodzure-yakiniku-shabu-7
https://kyounoko.jp/article/kodzure-washoku-chain-10
https://kyounoko.jp/article/kodzure-saize-koryaku
https://kyounoko.jp/article/kodzure-morning-cafe-10
https://kyounoko.jp/article/kodzure-fukuro-mall-restaurants
https://kyounoko.jp/article/kodzure-famires-15sen
https://kyounoko.jp/article/kodzure-deli-takeout-10
https://kyounoko.jp/article/kids-space-lunch-10
https://kyounoko.jp/article/bebycar-ok-cafe-15
https://kyounoko.jp/article/storo-nomu-itsukara
https://kyounoko.jp/article/shudan-koudou-nigate-3sai
https://kyounoko.jp/article/otetsudai-itsukara-2sai
https://kyounoko.jp/article/orusu-ban-nansai-kara
https://kyounoko.jp/article/negaeri-shinai-itsumade-matsu
https://kyounoko.jp/article/naraigoto-itsukara-0-6sai
https://kyounoko.jp/article/kyushoku-tabekirenai-katei-taisaku
https://kyounoko.jp/article/kouen-tomodachi-chikadukenai
https://kyounoko.jp/article/kouen-debyu-nankagetsu
https://kyounoko.jp/article/jitensha-hojorin-hazushi-nansai
https://kyounoko.jp/article/hitori-hamigaki-nansai-kara
https://kyounoko.jp/article/hitori-de-neru-nansai-kara
https://kyounoko.jp/article/hasami-tsukaenai-itsukara-renshu
https://kyounoko.jp/article/hai-hai-shinai-tsuri-bai-kara
https://kyounoko.jp/article/guzu-guzu-tomaranai-yochien
https://kyounoko.jp/article/enpitsu-nigirenai-3sai-tesaki
https://kyounoko.jp/article/dakkohimo-itsukara-shinseiji
https://kyounoko.jp/article/babycar-itsukara-tsukau
https://kyounoko.jp/article/2sai-jump-dekinai-shinpai
https://kyounoko.jp/article/1sai-oshaberi-shinai-itsumade
https://kyounoko.jp/article/undoukai-jitan-bento-3sai
https://kyounoko.jp/article/tetsubun-onigiri-2026
https://kyounoko.jp/article/tanabata-kazari-tedukuri-kodomo
https://kyounoko.jp/article/oshogatsu-asobi-kodomo-2026
https://kyounoko.jp/article/oboniito-asobi-kodomo-3sai
https://kyounoko.jp/article/natsu-yasumi-kodomo-asobi-ie-de
https://kyounoko.jp/article/hinamatsuri-gohan-kodomo
https://kyounoko.jp/article/hahanohi-purezento-kodomo-tedukuri
https://kyounoko.jp/article/chichinohi-purezento-kodomo-tedukuri
https://kyounoko.jp/article/aki-iro-asobi-kodomo
https://kyounoko.jp/article/youchien-hoikuen-junbi-rakuten
https://kyounoko.jp/article/shussan-junbi-rakuten-0sai
https://kyounoko.jp/article/rinyuu-youji-shoku-grid-rakuten
https://kyounoko.jp/article/rakuten-marathon-kosodate-10sen
https://kyounoko.jp/article/chiiku-toys-rakuten-1-3sai-ranking
https://kyounoko.jp/article/tokyo-ueno-kodzure-lunch
https://kyounoko.jp/article/tokyo-toshima-ikebukuro-rain
https://kyounoko.jp/article/tokyo-suginami-stroller-lunch
https://kyounoko.jp/article/tokyo-station-kodzure-lunch
https://kyounoko.jp/article/tokyo-shinjuku-kodzure-lunch
https://kyounoko.jp/article/tokyo-shinagawa-ooimachi-weekend
https://kyounoko.jp/article/tokyo-shinagawa-kodzure-lunch
https://kyounoko.jp/article/tokyo-shibuya-kodzure-lunch
https://kyounoko.jp/article/tokyo-setagaya-weekend-family
https://kyounoko.jp/article/tokyo-roppongi-kodzure-lunch
https://kyounoko.jp/article/tokyo-omotesando-kodzure-lunch
https://kyounoko.jp/article/tokyo-nerima-free-park-muryou
https://kyounoko.jp/article/tokyo-nakano-amenohi-kodzure
https://kyounoko.jp/article/tokyo-minato-roppongi-lunch
https://kyounoko.jp/article/tokyo-meguro-weekday-hidden
https://kyounoko.jp/article/tokyo-koto-toyosu-kodzure
https://kyounoko.jp/article/tokyo-kichijoji-kodzure-lunch
https://kyounoko.jp/article/tokyo-ikebukuro-kodzure-lunch
https://kyounoko.jp/article/tokyo-ginza-kodzure-lunch
https://kyounoko.jp/article/tokyo-bunkyo-baby-cafe
https://kyounoko.jp/article/yuuhan-dinner-15pun-10recipes
https://kyounoko.jp/article/yuki-asobi-debut-2sai
https://kyounoko.jp/article/yubi-syabu-yameru-timing-houhou
https://kyounoko.jp/article/yobou-sesshu-schedule-0-6sai
https://kyounoko.jp/article/yasai-tabenai-3sai-taisaku
https://kyounoko.jp/article/vegetarian-meal-kodomo-introduction
https://kyounoko.jp/article/tsukurioki-5pun-recipes-10
https://kyounoko.jp/article/sozai-kodomo-daibutsu-yobou
https://kyounoko.jp/article/shumatsu-ranchi-kodzure
https://kyounoko.jp/article/shokutaku-iyaiya-kodomo-taisaku
https://kyounoko.jp/article/shizen-spot-tokyo-youji
https://kyounoko.jp/article/sakana-kodomo-tabete-kureru
https://kyounoko.jp/article/rinyuushoku-dekinai-kao-awanai-baby
https://kyounoko.jp/article/programming-kodomo-5-7sai
https://kyounoko.jp/article/parkku-pikku-nikku-hitsuyou-mono-list
https://kyounoko.jp/article/oshiri-kodomo-shitsuke-alternatives
https://kyounoko.jp/article/okashi-tezukuri-oyatsu-kodomo
https://kyounoko.jp/article/naraigoto-hajimedoki-kiketsu
https://kyounoko.jp/article/mugi-aleergi-meal-kodomo
https://kyounoko.jp/article/moushobi-suzushii-spots
https://kyounoko.jp/article/mama-tomo-ikanai-taiou
https://kyounoko.jp/article/kurasi-taisaku-kodomo-jidou-jiko
https://kyounoko.jp/article/kouyou-spots-kanto-koduzure
https://kyounoko.jp/article/kotoba-okureru-taiou-2sai
https://kyounoko.jp/article/kosodate-yamanashi-shizen
https://kyounoko.jp/article/kosodate-spots-hokkaido-natsu
https://kyounoko.jp/article/kosodate-spots-fukuoka-kids
https://kyounoko.jp/article/kosodate-muryou-spots-tokyo
https://kyounoko.jp/article/kosodate-muryou-spots-osaka
https://kyounoko.jp/article/kosodate-kanto-shizen-10
https://kyounoko.jp/article/kosodate-amenohi-yokohama
https://kyounoko.jp/article/kosodate-amenohi-nagoya
https://kyounoko.jp/article/kodomo-suki-suki-oya-jiko-kouka
https://kyounoko.jp/article/kodomo-smartphone-ruleset-age-betsu
https://kyounoko.jp/article/kodomo-shindansho-arerugi-taisaku
https://kyounoko.jp/article/kodomo-me-mimi-ishi-sagashikata
https://kyounoko.jp/article/kodomo-hitori-de-taberareru-5
https://kyounoko.jp/article/kodomo-hitori-asobi-anzen-kankyou
https://kyounoko.jp/article/kodomo-hatsunetsu-byouin-iku-me
https://kyounoko.jp/article/kodomo-gerizamu-moudiarrhea-taiou
https://kyounoko.jp/article/kenka-kyoudai-chuusai-houhou
https://kyounoko.jp/article/kankaku-kabin-kodomo-taisaku
https://kyounoko.jp/article/iyaiya-osaete-tsukeru-shitsuke
https://kyounoko.jp/article/iyaiya-ki-taisho-2sai-7kufuu
https://kyounoko.jp/article/hatattsu-mileage-0-6sai-checklist
https://kyounoko.jp/article/gyuuniku-ryouri-kodomo-okiniiri
https://kyounoko.jp/article/gotsugo-hattaku-muchi-kodomo
https://kyounoko.jp/article/eiyou-bento-hoikuen-1week
https://kyounoko.jp/article/eigo-asobi-ie-de-4-6sai
https://kyounoko.jp/article/dessert-kodomo-tezukuri-5
https://kyounoko.jp/article/chiiku-toys-2-3sai-5sen
https://kyounoko.jp/article/chicken-kodomo-10pattern
https://kyounoko.jp/article/asagohan-obento-douji-15pun
https://kyounoko.jp/article/akachan-odekake-3months-1year
https://kyounoko.jp/article/aitei-ashi-shinpai-hayai-osoi
https://kyounoko.jp/article/youtube-kawari-ie-asobi
https://kyounoko.jp/article/youjishoku-kanryouki-1week-rota
https://kyounoko.jp/article/youji-naraigoto-nansai-kara
https://kyounoko.jp/article/youchien-nyuuen-junbi-list
https://kyounoko.jp/article/yonaki-taisaku-0-1sai
https://kyounoko.jp/article/xmas-present-nenrei-0-6
https://kyounoko.jp/article/xmas-market-kodzure
https://kyounoko.jp/article/wanope-yoru-kirinukekata
https://kyounoko.jp/article/undoukai-obento-jitan-recipe
https://kyounoko.jp/article/undoukai-motimono-list
https://kyounoko.jp/article/tsuushin-kyouzai-hikaku
https://kyounoko.jp/article/toire-training-2-3sai
https://kyounoko.jp/article/tanabata-kazari-sakusei
https://kyounoko.jp/article/takushoku-service-hikaku-3sha
https://kyounoko.jp/article/taisou-kyoushitsu-2-5sai
https://kyounoko.jp/article/swimming-nansai-kara
https://kyounoko.jp/article/sukikirai-yasai-taisaku
https://kyounoko.jp/article/soccer-yakyu-3-6sai
https://kyounoko.jp/article/shumatsu-gohan-tsukurioki-nashi
https://kyounoko.jp/article/shumatsu-1nichi-mawashikata
https://kyounoko.jp/article/shichigosan-nenrei-junbi
https://kyounoko.jp/article/seal-book-ranking
https://kyounoko.jp/article/sakura-ohanami-kodzure-spots
https://kyounoko.jp/article/rinyuushoku-frozen-gekkabetsu
https://kyounoko.jp/article/reitougyoza-plus-alpha-3pattern
https://kyounoko.jp/article/reitou-shokuhin-ranking
https://kyounoko.jp/article/puuru-mizuasobi-debut
https://kyounoko.jp/article/piano-narai-before-5things
https://kyounoko.jp/article/oyasumi-ato-oya-jikan
https://kyounoko.jp/article/oshougatsu-kodomo-sugoshikata
https://kyounoko.jp/article/omocha-year-by-age
https://kyounoko.jp/article/ohirune-nansai-made
https://kyounoko.jp/article/ohanami-keikaku-junbi
https://kyounoko.jp/article/obentou-jitan-8patterns
https://kyounoko.jp/article/natsumatsuri-kodzure-koryaku
https://kyounoko.jp/article/naraigoto-yametai-taiou
https://kyounoko.jp/article/monte-asobi-nenrei-betsu
https://kyounoko.jp/article/kyoudai-asobi-nenrei-sa
https://kyounoko.jp/article/kumon-vs-gakken-hikaku
https://kyounoko.jp/article/kousaku-4-6sai-10pattern
https://kyounoko.jp/article/kosodate-subsc-3sha-hikaku
https://kyounoko.jp/article/kodomo-shampoo-hikaku
https://kyounoko.jp/article/kodomo-no-kaze-hatsunetsu-taiou
https://kyounoko.jp/article/ko-ga-nenai-5kufuu
https://kyounoko.jp/article/jitanhaden-ranking-7sen
https://kyounoko.jp/article/iyaiya-shuuchu-asobi
https://kyounoko.jp/article/hoikuen-sougei-jitan
https://kyounoko.jp/article/heijitsu-yoru-30pun-routine
https://kyounoko.jp/article/hatsuzekku-sugoshikata
https://kyounoko.jp/article/halloween-kodzure-events-2026
https://kyounoko.jp/article/halloween-kasou-junbi
https://kyounoko.jp/article/gaisyoku-ko-ga-taberu
https://kyounoko.jp/article/eigo-naraigoto-nansai-kara
https://kyounoko.jp/article/ehon-yomikikase-kotsu
https://kyounoko.jp/article/dakkohimo-ranking-2026
https://kyounoko.jp/article/chiku-naraigoto-kumon-shichida-monte
https://kyounoko.jp/article/chiiku-subsc-hikaku-4sha
https://kyounoko.jp/article/chiiku-asobi-ie-de-10
https://kyounoko.jp/article/babycar-ranking-2026
https://kyounoko.jp/article/babycar-erabikata
https://kyounoko.jp/article/baby-senzai-ranking
https://kyounoko.jp/article/baby-chair-ranking
https://kyounoko.jp/article/asagohan-hoikuen-15pun
https://kyounoko.jp/article/asagohan-5pun-reshipi-20
https://kyounoko.jp/article/asagohan-5pun-pattern-10
https://kyounoko.jp/article/asa-30pun-routine
https://kyounoko.jp/article/amenohi-stroller-spots-tokyo
https://kyounoko.jp/article/amenohi-indoor-spots-tokyo-15
https://kyounoko.jp/article/amenohi-ie-asobi-4-6sai
https://kyounoko.jp/article/amenohi-ie-asobi-2-3sai
https://kyounoko.jp/article/akachan-15pun-asobi
https://kyounoko.jp/article/3sai-shoushoku-taisaku
https://kyounoko.jp/article/19ji-shoutou-routine
https://kyounoko.jp/article/1-2sai-oshaberi-sukunai-asobi
https://kyounoko.jp/article/0-1sai-ie-asobi-10pun
https://kyounoko.jp/article/yojishoku-reitou-tsukurioki
https://kyounoko.jp/article/kodomo-no-hi-kyaraben
https://kyounoko.jp/article/hoikuen-kaeri-15min
https://kyounoko.jp/tag/0-1sai
https://kyounoko.jp/tag/2-3sai
https://kyounoko.jp/tag/4-6sai
https://kyounoko.jp/tag/amenohi
https://kyounoko.jp/tag/moushobi
https://kyounoko.jp/tag/samuibi
https://kyounoko.jp/tag/heijitsu-yoru
https://kyounoko.jp/tag/shumatsu
https://kyounoko.jp/tag/jitan-15pun
https://kyounoko.jp/tag/ie-de
https://kyounoko.jp/tag/odekake
https://kyounoko.jp/tag/muryou
https://kyounoko.jp/tag/bento-jitan
https://kyounoko.jp/tag/asobi-kousaku
https://kyounoko.jp/tag/nene-sleep
https://kyounoko.jp/tag/stroller-dakkohimo
https://kyounoko.jp/tag/naraigoto
https://kyounoko.jp/tag/gyouji-event
https://kyounoko.jp/tag/tokyo
https://kyounoko.jp/tag/osaka
https://kyounoko.jp/station
https://kyounoko.jp/station/tokyo
https://kyounoko.jp/station/akihabara
https://kyounoko.jp/station/kanda
https://kyounoko.jp/station/yurakucho
https://kyounoko.jp/station/iidabashi
https://kyounoko.jp/station/ichigaya
https://kyounoko.jp/station/yotsuya
https://kyounoko.jp/station/ochanomizu
https://kyounoko.jp/station/shin-ochanomizu
https://kyounoko.jp/station/awajicho
https://kyounoko.jp/station/ogawamachi
https://kyounoko.jp/station/iwamotocho
https://kyounoko.jp/station/otemachi
https://kyounoko.jp/station/nijubashimae
https://kyounoko.jp/station/hibiya
https://kyounoko.jp/station/kasumigaseki
https://kyounoko.jp/station/kokkai-gijidomae
https://kyounoko.jp/station/nagatacho
https://kyounoko.jp/station/akasaka-mitsuke
https://kyounoko.jp/station/hanzomon
https://kyounoko.jp/station/kojimachi
https://kyounoko.jp/station/kudanshita
https://kyounoko.jp/station/jimbocho
https://kyounoko.jp/station/takebashi
https://kyounoko.jp/station/suidobashi
https://kyounoko.jp/station/ginza
https://kyounoko.jp/station/ginza-itchome
https://kyounoko.jp/station/higashi-ginza
https://kyounoko.jp/station/nihombashi
https://kyounoko.jp/station/mitsukoshimae
https://kyounoko.jp/station/shintomicho
https://kyounoko.jp/station/tsukiji
https://kyounoko.jp/station/tsukijishijo
https://kyounoko.jp/station/tsukishima
https://kyounoko.jp/station/kachidoki
https://kyounoko.jp/station/kayabacho
https://kyounoko.jp/station/hatchobori
https://kyounoko.jp/station/suitengumae
https://kyounoko.jp/station/ningyocho
https://kyounoko.jp/station/kodemmacho
https://kyounoko.jp/station/bakuroyokoyama
https://kyounoko.jp/station/bakurocho
https://kyounoko.jp/station/higashi-nihombashi
https://kyounoko.jp/station/hamacho
https://kyounoko.jp/station/shinagawa
https://kyounoko.jp/station/shimbashi
https://kyounoko.jp/station/tamachi
https://kyounoko.jp/station/mita
https://kyounoko.jp/station/hamamatsucho
https://kyounoko.jp/station/daimon
https://kyounoko.jp/station/shibakoen
https://kyounoko.jp/station/onarimon
https://kyounoko.jp/station/akabanebashi
https://kyounoko.jp/station/roppongi
https://kyounoko.jp/station/roppongi-itchome
https://kyounoko.jp/station/azabu-juban
https://kyounoko.jp/station/hiroo
https://kyounoko.jp/station/akasaka
https://kyounoko.jp/station/aoyama-itchome
https://kyounoko.jp/station/gaiemmae
https://kyounoko.jp/station/omotesando
https://kyounoko.jp/station/nogizaka
https://kyounoko.jp/station/shirokanedai
https://kyounoko.jp/station/shirokane-takanawa
https://kyounoko.jp/station/takanawadai
https://kyounoko.jp/station/takanawa-gateway
https://kyounoko.jp/station/sengakuji
https://kyounoko.jp/station/shibaura-futo
https://kyounoko.jp/station/odaiba-kaihinkoen
https://kyounoko.jp/station/daiba
https://kyounoko.jp/station/tameike-sanno
https://kyounoko.jp/station/toranomon
https://kyounoko.jp/station/toranomon-hills
https://kyounoko.jp/station/kamiyacho
https://kyounoko.jp/station/hinode
https://kyounoko.jp/station/takeshiba
https://kyounoko.jp/station/shinjuku
https://kyounoko.jp/station/shinjuku-sanchome
https://kyounoko.jp/station/shinjuku-nishiguchi
https://kyounoko.jp/station/nishi-shinjuku
https://kyounoko.jp/station/nishi-shinjuku-gochome
https://kyounoko.jp/station/tochomae
https://kyounoko.jp/station/minami-shinjuku
https://kyounoko.jp/station/shinjuku-gyoemmae
https://kyounoko.jp/station/yotsuya-sanchome
https://kyounoko.jp/station/akebonobashi
https://kyounoko.jp/station/wakamatsu-kawada
https://kyounoko.jp/station/ushigome-yanagicho
https://kyounoko.jp/station/ushigome-kagurazaka
https://kyounoko.jp/station/kagurazaka
https://kyounoko.jp/station/higashi-shinjuku
https://kyounoko.jp/station/shin-okubo
https://kyounoko.jp/station/okubo
https://kyounoko.jp/station/takadanobaba
https://kyounoko.jp/station/shimo-ochiai
https://kyounoko.jp/station/nakai
https://kyounoko.jp/station/ochiai
https://kyounoko.jp/station/ochiai-minami-nagasaki
https://kyounoko.jp/station/waseda
https://kyounoko.jp/station/nishi-waseda
https://kyounoko.jp/station/shinanomachi
https://kyounoko.jp/station/sendagaya
https://kyounoko.jp/station/kokuritsu-kyogijo
https://kyounoko.jp/station/seibi-shinjuku
https://kyounoko.jp/station/kasuga
https://kyounoko.jp/station/korakuen
https://kyounoko.jp/station/hongo-sanchome
https://kyounoko.jp/station/yushima
https://kyounoko.jp/station/nezu
https://kyounoko.jp/station/sendagi
https://kyounoko.jp/station/hakusan
https://kyounoko.jp/station/sengoku
https://kyounoko.jp/station/myogadani
https://kyounoko.jp/station/edogawabashi
https://kyounoko.jp/station/gokokuji
https://kyounoko.jp/station/shin-otsuka
https://kyounoko.jp/station/todaimae
https://kyounoko.jp/station/hon-komagome
https://kyounoko.jp/station/ueno
https://kyounoko.jp/station/okachimachi
https://kyounoko.jp/station/ueno-hirokoji
https://kyounoko.jp/station/naka-okachimachi
https://kyounoko.jp/station/ueno-okachimachi
https://kyounoko.jp/station/shin-okachimachi
https://kyounoko.jp/station/inaricho
https://kyounoko.jp/station/tawaramachi
https://kyounoko.jp/station/asakusa
https://kyounoko.jp/station/kuramae
https://kyounoko.jp/station/asakusabashi
https://kyounoko.jp/station/iriya
https://kyounoko.jp/station/minowa
https://kyounoko.jp/station/uguisudani
https://kyounoko.jp/station/keisei-ueno
https://kyounoko.jp/station/kinshicho
https://kyounoko.jp/station/ryogoku
https://kyounoko.jp/station/oshiage
https://kyounoko.jp/station/tokyo-skytree
https://kyounoko.jp/station/honjo-azumabashi
https://kyounoko.jp/station/kikukawa
https://kyounoko.jp/station/higashi-azuma
https://kyounoko.jp/station/hikifune
https://kyounoko.jp/station/keisei-hikifune
https://kyounoko.jp/station/yahiro
https://kyounoko.jp/station/higashi-mukojima
https://kyounoko.jp/station/kanegafuchi
https://kyounoko.jp/station/omurai
https://kyounoko.jp/station/monzen-nakacho
https://kyounoko.jp/station/kiba
https://kyounoko.jp/station/toyocho
https://kyounoko.jp/station/minami-sunamachi
https://kyounoko.jp/station/kameido
https://kyounoko.jp/station/kameido-suijin
https://kyounoko.jp/station/morishita
https://kyounoko.jp/station/kiyosumi-shirakawa
https://kyounoko.jp/station/shinonome
https://kyounoko.jp/station/sumiyoshi
https://kyounoko.jp/station/nishi-ojima
https://kyounoko.jp/station/ojima
https://kyounoko.jp/station/higashi-ojima
https://kyounoko.jp/station/shiomi
https://kyounoko.jp/station/shin-kiba
https://kyounoko.jp/station/toyosu
https://kyounoko.jp/station/tatsumi
https://kyounoko.jp/station/shijomae
https://kyounoko.jp/station/shin-toyosu
https://kyounoko.jp/station/ariake
https://kyounoko.jp/station/ariake-tennis-no-mori
https://kyounoko.jp/station/kokusai-tenjijo
https://kyounoko.jp/station/tokyo-big-sight
https://kyounoko.jp/station/aomi
https://kyounoko.jp/station/telecom-center
https://kyounoko.jp/station/tokyo-teleport
https://kyounoko.jp/station/fune-no-kagakukan
https://kyounoko.jp/station/tokyo-international-cruise
https://kyounoko.jp/station/etchujima
https://kyounoko.jp/station/osaki
https://kyounoko.jp/station/gotanda
https://kyounoko.jp/station/meguro
https://kyounoko.jp/station/shinagawa-seaside
https://kyounoko.jp/station/tennozu-isle
https://kyounoko.jp/station/oimachi
https://kyounoko.jp/station/shimo-shimmei
https://kyounoko.jp/station/togoshi-koen
https://kyounoko.jp/station/togoshi
https://kyounoko.jp/station/togoshi-ginza
https://kyounoko.jp/station/nakanobu
https://kyounoko.jp/station/ebara-machi
https://kyounoko.jp/station/hatanodai
https://kyounoko.jp/station/kita-shinagawa
https://kyounoko.jp/station/shimbamba
https://kyounoko.jp/station/aomono-yokocho
https://kyounoko.jp/station/samezu
https://kyounoko.jp/station/tachiaigawa
https://kyounoko.jp/station/omori-kaigan
https://kyounoko.jp/station/ebara-nakanobu
https://kyounoko.jp/station/fudomae
https://kyounoko.jp/station/musashi-koyama
https://kyounoko.jp/station/oi-keibajo-mae
https://kyounoko.jp/station/naka-meguro
https://kyounoko.jp/station/yutenji
https://kyounoko.jp/station/gakugei-daigaku
https://kyounoko.jp/station/toritsu-daigaku
https://kyounoko.jp/station/jiyugaoka
https://kyounoko.jp/station/midorigaoka
https://kyounoko.jp/station/ookayama
https://kyounoko.jp/station/senzoku
https://kyounoko.jp/station/nishi-koyama
https://kyounoko.jp/station/komaba-todaimae
https://kyounoko.jp/station/omori
https://kyounoko.jp/station/kamata
https://kyounoko.jp/station/keikyu-kamata
https://kyounoko.jp/station/umeyashiki
https://kyounoko.jp/station/omori-machi
https://kyounoko.jp/station/heiwajima
https://kyounoko.jp/station/rokugo-dote
https://kyounoko.jp/station/zoshiki
https://kyounoko.jp/station/kojiya
https://kyounoko.jp/station/otorii
https://kyounoko.jp/station/anamori-inari
https://kyounoko.jp/station/tenkubashi
https://kyounoko.jp/station/haneda-airport-t1
https://kyounoko.jp/station/haneda-airport-t2
https://kyounoko.jp/station/haneda-airport-t3
https://kyounoko.jp/station/shin-seibijo
https://kyounoko.jp/station/seibijo
https://kyounoko.jp/station/showajima
https://kyounoko.jp/station/ryutsu-center
https://kyounoko.jp/station/ikegami
https://kyounoko.jp/station/hasunuma
https://kyounoko.jp/station/chidoricho
https://kyounoko.jp/station/ontakesan
https://kyounoko.jp/station/kugahara
https://kyounoko.jp/station/ishikawadai
https://kyounoko.jp/station/yukigaya-otsuka
https://kyounoko.jp/station/denenchofu
https://kyounoko.jp/station/tamagawa
https://kyounoko.jp/station/numabe
https://kyounoko.jp/station/unoki
https://kyounoko.jp/station/shimo-maruko
https://kyounoko.jp/station/musashi-nitta
https://kyounoko.jp/station/yaguchi-no-watashi
https://kyounoko.jp/station/nishi-magome
https://kyounoko.jp/station/magome
https://kyounoko.jp/station/oimachi-line-okusawa
https://kyounoko.jp/station/shimokitazawa
https://kyounoko.jp/station/higashi-kitazawa
https://kyounoko.jp/station/setagaya-daita
https://kyounoko.jp/station/umegaoka
https://kyounoko.jp/station/gotokuji
https://kyounoko.jp/station/kyodo
https://kyounoko.jp/station/chitose-funabashi
https://kyounoko.jp/station/soshigaya-okura
https://kyounoko.jp/station/seijogakuen-mae
https://kyounoko.jp/station/kitami
https://kyounoko.jp/station/sangenjaya
https://kyounoko.jp/station/komazawa-daigaku
https://kyounoko.jp/station/sakura-shimmachi
https://kyounoko.jp/station/yoga
https://kyounoko.jp/station/futako-tamagawa
https://kyounoko.jp/station/kaminoge
https://kyounoko.jp/station/todoroki
https://kyounoko.jp/station/oyamadai
https://kyounoko.jp/station/kuhonbutsu
https://kyounoko.jp/station/nishi-taishido
https://kyounoko.jp/station/wakabayashi
https://kyounoko.jp/station/shoin-jinjamae
https://kyounoko.jp/station/setagaya
https://kyounoko.jp/station/kamimachi
https://kyounoko.jp/station/miyanosaka
https://kyounoko.jp/station/yamashita
https://kyounoko.jp/station/matsubara
https://kyounoko.jp/station/shimo-takaido
https://kyounoko.jp/station/sakurajosui
https://kyounoko.jp/station/kami-kitazawa
https://kyounoko.jp/station/hachimanyama
https://kyounoko.jp/station/roka-koen
https://kyounoko.jp/station/chitose-karasuyama
https://kyounoko.jp/station/shindaita
https://kyounoko.jp/station/higashi-matsubara
https://kyounoko.jp/station/meidaimae
https://kyounoko.jp/station/ikenoue
https://kyounoko.jp/station/shibuya
https://kyounoko.jp/station/harajuku
https://kyounoko.jp/station/meiji-jingumae
https://kyounoko.jp/station/yoyogi
https://kyounoko.jp/station/yoyogi-koen
https://kyounoko.jp/station/yoyogi-uehara
https://kyounoko.jp/station/yoyogi-hachiman
https://kyounoko.jp/station/sangubashi
https://kyounoko.jp/station/hatsudai
https://kyounoko.jp/station/hatagaya
https://kyounoko.jp/station/sasazuka
https://kyounoko.jp/station/shinsen
https://kyounoko.jp/station/ebisu
https://kyounoko.jp/station/daikanyama
https://kyounoko.jp/station/kita-sando
https://kyounoko.jp/station/nakano
https://kyounoko.jp/station/higashi-nakano
https://kyounoko.jp/station/nakano-fujimicho
https://kyounoko.jp/station/nakano-shimbashi
https://kyounoko.jp/station/nakano-sakaue
https://kyounoko.jp/station/shin-nakano
https://kyounoko.jp/station/honancho
https://kyounoko.jp/station/numabukuro
https://kyounoko.jp/station/arai-yakushimae
https://kyounoko.jp/station/saginomiya
https://kyounoko.jp/station/nogata
https://kyounoko.jp/station/toritsu-kasei
https://kyounoko.jp/station/shin-egota
https://kyounoko.jp/station/koenji
https://kyounoko.jp/station/asagaya
https://kyounoko.jp/station/ogikubo
https://kyounoko.jp/station/nishi-ogikubo
https://kyounoko.jp/station/minami-asagaya
https://kyounoko.jp/station/shin-koenji
https://kyounoko.jp/station/higashi-koenji
https://kyounoko.jp/station/iogi
https://kyounoko.jp/station/kami-igusa
https://kyounoko.jp/station/shimo-igusa
https://kyounoko.jp/station/eifukucho
https://kyounoko.jp/station/nishi-eifuku
https://kyounoko.jp/station/hamadayama
https://kyounoko.jp/station/takaido
https://kyounoko.jp/station/fujimigaoka
https://kyounoko.jp/station/kugayama
https://kyounoko.jp/station/ikebukuro
https://kyounoko.jp/station/mejiro
https://kyounoko.jp/station/otsuka
https://kyounoko.jp/station/sugamo
https://kyounoko.jp/station/komagome
https://kyounoko.jp/station/higashi-ikebukuro
https://kyounoko.jp/station/kanamecho
https://kyounoko.jp/station/senkawa
https://kyounoko.jp/station/kita-ikebukuro
https://kyounoko.jp/station/shimo-itabashi
https://kyounoko.jp/station/shiinamachi
https://kyounoko.jp/station/higashi-nagasaki
https://kyounoko.jp/station/zoshigaya
https://kyounoko.jp/station/mukohara
https://kyounoko.jp/station/kishibojinmae
https://kyounoko.jp/station/gakushuin-shita
https://kyounoko.jp/station/omokagebashi
https://kyounoko.jp/station/waseda-toden
https://kyounoko.jp/station/higashi-ikebukuro-yonchome
https://kyounoko.jp/station/koshinzuka
https://kyounoko.jp/station/shin-koshinzuka
https://kyounoko.jp/station/sakaecho
https://kyounoko.jp/station/akabane
https://kyounoko.jp/station/higashi-jujo
https://kyounoko.jp/station/oji
https://kyounoko.jp/station/kami-nakazato
https://kyounoko.jp/station/jujo
https://kyounoko.jp/station/kita-akabane
https://kyounoko.jp/station/akabane-iwabuchi
https://kyounoko.jp/station/shimo
https://kyounoko.jp/station/oji-kamiya
https://kyounoko.jp/station/nishigahara
https://kyounoko.jp/station/tabata
https://kyounoko.jp/station/kajiwara
https://kyounoko.jp/station/nippori
https://kyounoko.jp/station/nishi-nippori
https://kyounoko.jp/station/mikawashima
https://kyounoko.jp/station/minami-senju
https://kyounoko.jp/station/minowabashi
https://kyounoko.jp/station/machiya
https://kyounoko.jp/station/machiya-ekimae
https://kyounoko.jp/station/arakawa-kuyakushomae
https://kyounoko.jp/station/arakawa-nichome
https://kyounoko.jp/station/arakawa-shakomae
https://kyounoko.jp/station/arakawa-yuenchi-mae
https://kyounoko.jp/station/arakawa-itchumae
https://kyounoko.jp/station/higashi-ogu-sanchome
https://kyounoko.jp/station/kumano-mae
https://kyounoko.jp/station/akado-shogakko-mae
https://kyounoko.jp/station/odai
https://kyounoko.jp/station/itabashi
https://kyounoko.jp/station/itabashi-kuyakushomae
https://kyounoko.jp/station/itabashi-honcho
https://kyounoko.jp/station/motohasunuma
https://kyounoko.jp/station/shimura-sakaue
https://kyounoko.jp/station/shimura-sanchome
https://kyounoko.jp/station/hasune
https://kyounoko.jp/station/nishidai
https://kyounoko.jp/station/takashimadaira
https://kyounoko.jp/station/shin-takashimadaira
https://kyounoko.jp/station/nishi-takashimadaira
https://kyounoko.jp/station/naka-itabashi
https://kyounoko.jp/station/tokiwadai
https://kyounoko.jp/station/kami-itabashi
https://kyounoko.jp/station/tobu-nerima
https://kyounoko.jp/station/shimo-akatsuka
https://kyounoko.jp/station/narimasu
https://kyounoko.jp/station/chikatetsu-narimasu
https://kyounoko.jp/station/chikatetsu-akatsuka
https://kyounoko.jp/station/shin-itabashi
https://kyounoko.jp/station/nerima
https://kyounoko.jp/station/toshimaen
https://kyounoko.jp/station/nerima-kasugacho
https://kyounoko.jp/station/hikarigaoka
https://kyounoko.jp/station/shakujii-koen
https://kyounoko.jp/station/oizumi-gakuen
https://kyounoko.jp/station/sakuradai
https://kyounoko.jp/station/ekoda
https://kyounoko.jp/station/fujimidai
https://kyounoko.jp/station/nerima-takanodai
https://kyounoko.jp/station/kami-shakujii
https://kyounoko.jp/station/musashi-seki
https://kyounoko.jp/station/nakamurabashi
https://kyounoko.jp/station/kita-senju
https://kyounoko.jp/station/ayase
https://kyounoko.jp/station/kita-ayase
https://kyounoko.jp/station/gotanno
https://kyounoko.jp/station/umejima
https://kyounoko.jp/station/nishiarai
https://kyounoko.jp/station/daishimae
https://kyounoko.jp/station/takenotsuka
https://kyounoko.jp/station/kosuge
https://kyounoko.jp/station/horikiri
https://kyounoko.jp/station/toneri
https://kyounoko.jp/station/toneri-koen
https://kyounoko.jp/station/minumadai-shinsuikoen
https://kyounoko.jp/station/yazaike
https://kyounoko.jp/station/kohoku
https://kyounoko.jp/station/nishiarai-daishi-nishi
https://kyounoko.jp/station/adachi-odai
https://kyounoko.jp/station/oji-shinden
https://kyounoko.jp/station/ushida
https://kyounoko.jp/station/keisei-sekiya
https://kyounoko.jp/station/horikiri-keisei
https://kyounoko.jp/station/kameari
https://kyounoko.jp/station/kanamachi
https://kyounoko.jp/station/keisei-kanamachi
https://kyounoko.jp/station/shibamata
https://kyounoko.jp/station/keisei-takasago
https://kyounoko.jp/station/aoto
https://kyounoko.jp/station/keisei-tateishi
https://kyounoko.jp/station/yotsugi
https://kyounoko.jp/station/ohanajaya
https://kyounoko.jp/station/shin-koiwa
https://kyounoko.jp/station/koiwa
https://kyounoko.jp/station/keisei-koiwa
https://kyounoko.jp/station/edogawa
https://kyounoko.jp/station/shinozaki
https://kyounoko.jp/station/mizue
https://kyounoko.jp/station/ichinoe
https://kyounoko.jp/station/funabori
https://kyounoko.jp/station/kasai
https://kyounoko.jp/station/nishi-kasai
https://kyounoko.jp/station/kasai-rinkai-koen
https://kyounoko.jp/station/oji-ekimae
https://kyounoko.jp/station/asukayama
https://kyounoko.jp/station/takinogawa-itchome
https://kyounoko.jp/station/nishigahara-yonchome
https://kyounoko.jp/station/sugamo-shinden
https://kyounoko.jp/station/otsuka-ekimae
https://kyounoko.jp/station/nishi-sugamo
https://kyounoko.jp/station/kotake-mukaihara
https://kyounoko.jp/station/shin-sakuradai
https://kyounoko.jp/station/osaki-hirokoji
https://kyounoko.jp/station/aoi
https://kyounoko.jp/station/rokucho
https://kyounoko.jp/station/senju-ohashi
https://kyounoko.jp/station/shin-mikawashima
https://kyounoko.jp/station/daitabashi
https://kyounoko.jp/station/shinsen-shinjuku
https://kyounoko.jp/station/oyama
https://kyounoko.jp/station/hikawadai
https://kyounoko.jp/station/heiwadai
https://kyounoko.jp/station/sakuradamon
https://kyounoko.jp/station/kita-senzoku
https://kyounoko.jp/station/ikejiri-ohashi
https://kyounoko.jp/station/nagahara
https://kyounoko.jp/station/senzoku-ike
https://kyounoko.jp/station/takaracho
https://kyounoko.jp/station/uchi-saiwaicho
https://kyounoko.jp/station/shiodome
https://kyounoko.jp/station/takanosuke
https://kyounoko.jp/station/arakawa-nanachome
https://kyounoko.jp/station/machiya-nichome
https://kyounoko.jp/station/miyanomae
https://kyounoko.jp/station/toden-zoshigaya
https://kyounoko.jp/station/shin-nihombashi
https://kyounoko.jp/station/oku
https://kyounoko.jp/station/shin-shibamata
https://kyounoko.jp/station/osaka-umeda
https://kyounoko.jp/station/osaka-namba
https://kyounoko.jp/station/osaka-tennoji
https://kyounoko.jp/station/osaka-shinsaibashi
https://kyounoko.jp/station/osaka-honmachi
https://kyounoko.jp/station/osaka-kyobashi
https://kyounoko.jp/station/osaka-fukushima
https://kyounoko.jp/station/osaka-nakazakicho
https://kyounoko.jp/station/kyoto-station
https://kyounoko.jp/station/kyoto-kawaramachi
https://kyounoko.jp/station/kyoto-shijo
https://kyounoko.jp/station/kyoto-arashiyama
https://kyounoko.jp/station/kyoto-kitaoji
https://kyounoko.jp/station/kobe-sannomiya
https://kyounoko.jp/station/kobe-motomachi
https://kyounoko.jp/station/kobe-harborland
https://kyounoko.jp/station/kobe-rokko
https://kyounoko.jp/station/kobe-okamoto
https://kyounoko.jp/station/yokohama
https://kyounoko.jp/station/minato-mirai
https://kyounoko.jp/station/sakuragicho
https://kyounoko.jp/station/kannai
https://kyounoko.jp/station/motomachi-chukagai
https://kyounoko.jp/station/shin-yokohama
https://kyounoko.jp/station/hiyoshi
https://kyounoko.jp/station/tsunashima
https://kyounoko.jp/station/kikuna
https://kyounoko.jp/station/ofuna
https://kyounoko.jp/station/center-kita
https://kyounoko.jp/station/center-minami
https://kyounoko.jp/station/azamino
https://kyounoko.jp/station/tama-plaza
https://kyounoko.jp/station/saginuma
https://kyounoko.jp/station/mizonokuchi
https://kyounoko.jp/station/futako-shinchi
https://kyounoko.jp/station/kawasaki
https://kyounoko.jp/station/musashi-kosugi
https://kyounoko.jp/station/noborito
https://kyounoko.jp/station/shin-yurigaoka
https://kyounoko.jp/station/fujisawa
https://kyounoko.jp/station/kamakura
https://kyounoko.jp/station/chigasaki
https://kyounoko.jp/station/hiratsuka
https://kyounoko.jp/station/shonan-daira
https://kyounoko.jp/station/odawara
https://kyounoko.jp/station/ebina
https://kyounoko.jp/station/hon-atsugi
https://kyounoko.jp/station/sagami-ono
https://kyounoko.jp/station/omiya
https://kyounoko.jp/station/urawa
https://kyounoko.jp/station/kawaguchi
https://kyounoko.jp/station/nishi-kawaguchi
https://kyounoko.jp/station/soka
https://kyounoko.jp/station/kawagoe
https://kyounoko.jp/station/tokorozawa
https://kyounoko.jp/station/kasukabe
https://kyounoko.jp/station/koshigaya
https://kyounoko.jp/station/koshigaya-laketown
https://kyounoko.jp/station/musashi-urawa
https://kyounoko.jp/station/kita-urawa
https://kyounoko.jp/station/asaka
https://kyounoko.jp/station/wako-shi
https://kyounoko.jp/station/shiki
https://kyounoko.jp/station/chiba
https://kyounoko.jp/station/funabashi
https://kyounoko.jp/station/kashiwa
https://kyounoko.jp/station/matsudo
https://kyounoko.jp/station/tsudanuma
https://kyounoko.jp/station/ichikawa
https://kyounoko.jp/station/urayasu
https://kyounoko.jp/station/maihama
https://kyounoko.jp/station/minami-funabashi
https://kyounoko.jp/station/kaihimmakuhari
https://kyounoko.jp/station/nishi-funabashi
https://kyounoko.jp/station/nagareyama-otakanomori
https://kyounoko.jp/station/kashiwa-no-ha-campus
https://kyounoko.jp/station/inage
https://kyounoko.jp/station/abiko
https://kyounoko.jp/station/line
https://kyounoko.jp/station/line/yamanote
https://kyounoko.jp/station/line/keihin-tohoku
https://kyounoko.jp/station/line/chuo-rapid
https://kyounoko.jp/station/line/sobu
https://kyounoko.jp/station/line/saikyo
https://kyounoko.jp/station/line/keiyo
https://kyounoko.jp/station/line/joban
https://kyounoko.jp/station/line/ginza
https://kyounoko.jp/station/line/marunouchi
https://kyounoko.jp/station/line/hibiya
https://kyounoko.jp/station/line/tozai
https://kyounoko.jp/station/line/chiyoda
https://kyounoko.jp/station/line/yurakucho
https://kyounoko.jp/station/line/hanzomon
https://kyounoko.jp/station/line/namboku
https://kyounoko.jp/station/line/fukutoshin
https://kyounoko.jp/station/line/asakusa
https://kyounoko.jp/station/line/mita
https://kyounoko.jp/station/line/shinjuku-line
https://kyounoko.jp/station/line/oedo
https://kyounoko.jp/station/line/tokyu-toyoko
https://kyounoko.jp/station/line/tokyu-den-en-toshi
https://kyounoko.jp/station/line/tokyu-meguro
https://kyounoko.jp/station/line/tokyu-oimachi
https://kyounoko.jp/station/line/tokyu-ikegami
https://kyounoko.jp/station/line/odakyu
https://kyounoko.jp/station/line/keio
https://kyounoko.jp/station/line/keio-inokashira
https://kyounoko.jp/station/line/seibu-shinjuku
https://kyounoko.jp/station/line/seibu-ikebukuro
https://kyounoko.jp/station/line/tobu-skytree
https://kyounoko.jp/station/line/tobu-tojo
https://kyounoko.jp/station/line/keisei
https://kyounoko.jp/station/line/keikyu
https://kyounoko.jp/station/line/yurikamome
https://kyounoko.jp/station/line/rinkai
https://kyounoko.jp/station/line/monorail
https://kyounoko.jp/station/line/tsukuba-express
https://kyounoko.jp/station/line/nippori-toneri
https://kyounoko.jp/station/line/arakawa
https://kyounoko.jp/data
https://kyounoko.jp/data/restaurants
https://kyounoko.jp/data/wards
# submitted at 2026-05-28T11:09:37.513Z (8 URLs)
https://kyounoko.jp/article/kodomo-hiyakedome-osusume-2026
https://kyounoko.jp/article/yukata-jinbei-kodomo-osusume-2026
https://kyounoko.jp/article/kodomo-suitou-mugicha-pitcher-2026
https://kyounoko.jp/article/kodomo-mushiyoke-3shurui-hikaku-real
https://kyounoko.jp/article/kodomo-netsuchusho-3sain-real-2026
https://kyounoko.jp/article/reibou-tsukeppanashi-kodomo-taion
https://kyounoko.jp/article/pool-asobi-4sai-manaberu-10
https://kyounoko.jp/article/kaisuiyoku-1sai-debut-mochimono
# submitted at 2026-05-28T17:55:56.998Z (2 URLs)
https://kyounoko.jp/article/kodomo-sandal-natsu-osusume-2026
https://kyounoko.jp/article/babycar-fan-cooler-sheet-2026
# submitted at 2026-05-28T18:34:31.979Z (4 URLs)
https://kyounoko.jp/article/gakushi-hoken-erabikata-2026
https://kyounoko.jp/article/kodomo-online-eikaiwa-osusume-2026
https://kyounoko.jp/article/kodzure-credit-card-osusume-2026
https://kyounoko.jp/article/natsuyasumi-kazoku-ryokou-kodzure-2026
# submitted at 2026-05-28T19:47:33.001Z (6 URLs)
https://kyounoko.jp/article/akachan-nekashitsuke-kanzen-guide-0-1sai
https://kyounoko.jp/article/randoseru-erabikata-osusume-2026
https://kyounoko.jp/article/shougakkou-nyugaku-junbi-kanzen-list
https://kyounoko.jp/article/hoikuen-nyuuen-junbi-0-2sai-kanzen-list
https://kyounoko.jp/article/kodomo-kaze-hayaku-naosu-kanzen-guide
https://kyounoko.jp/article/1sai-hattatsu-kanzen-guide
# submitted at 2026-05-28T20:19:03.589Z (7 URLs)
https://kyounoko.jp/article/kodomo-online-eikaiwa-osusume-2026
https://kyounoko.jp/article/online-school-eigo-3brand-2026
https://kyounoko.jp/article/eigo-naraigoto-nansai-kara
https://kyounoko.jp/article/rinyuushoku-shokuzai-takuhai-hikaku-2026
https://kyounoko.jp/article/shumatsu-gohan-tsukurioki-nashi
https://kyounoko.jp/article/yuuhan-dinner-15pun-10recipes
https://kyounoko.jp/article/wanope-yoru-kirinukekata
# submitted at 2026-05-28T21:11:57.706Z (3 URLs)
https://kyounoko.jp/article/0sai-ikuji-kanzen-map
https://kyounoko.jp/article/1-2sai-ikuji-kanzen-map
https://kyounoko.jp/article/3-6sai-ikuji-kanzen-map
# submitted at 2026-05-28T22:11:19.019Z (16 URLs)
https://kyounoko.jp/article/rinyuushoku-toha-kanzen-guide
https://kyounoko.jp/article/yonaki-toha-kanzen-guide
https://kyounoko.jp/article/iyaiya-ki-toha-kanzen-guide
https://kyounoko.jp/article/sotsunyu-toha-kanzen-guide
https://kyounoko.jp/article/babyfood-toha-kanzen-guide
https://kyounoko.jp/article/tsukamaridachi-toha-kanzen-guide
https://kyounoko.jp/article/shokumotsu-allergy-toha-kanzen-guide
https://kyounoko.jp/article/sango-utsu-toha-kanzen-guide
https://kyounoko.jp/article/kodomochalle-vs-smile-zemi-hikaku
https://kyounoko.jp/article/hoikuen-vs-youchien-hikaku
https://kyounoko.jp/article/kami-omotsu-vs-nuno-omotsu-hikaku
https://kyounoko.jp/article/babycar-a-vs-b-katanonoshi-hikaku
https://kyounoko.jp/article/gakushi-vs-nisa-hikaku
https://kyounoko.jp/article/bonyu-vs-milk-hikaku
https://kyounoko.jp/article/rakuten-vs-amazon-kosodate-hikaku
https://kyounoko.jp/article/koritsu-vs-shiritsu-shougakkou-hikaku
# submitted at 2026-05-28T22:35:50.664Z (6 URLs)
https://kyounoko.jp/article/natsuyasumi-keikaku-2026-kodzure
https://kyounoko.jp/article/katei-pool-osusume-ranking-2026
https://kyounoko.jp/article/kodomo-hiyakedome-osusume-2026
https://kyounoko.jp/article/kodomo-mushiyoke-3shurui-hikaku-real
https://kyounoko.jp/article/mizuasobi-omocha-osusume-2026
https://kyounoko.jp/article/kodomo-suitou-mugicha-pitcher-2026
# submitted at 2026-05-28T22:46:29.489Z (1 URLs)
https://kyounoko.jp/recipes
# submitted at 2026-05-28T23:27:23.442Z (1 URLs)
https://kyounoko.jp/spots
# submitted at 2026-05-29T00:22:36.045Z (1 URLs)
https://kyounoko.jp/article/natsu-kosodate-kanzen-map
# submitted at 2026-05-29T00:30:57.411Z (6 URLs)
https://kyounoko.jp/article/natsuyasumi-keikaku-2026-kodzure
https://kyounoko.jp/article/katei-pool-osusume-ranking-2026
https://kyounoko.jp/article/kodomo-hiyakedome-osusume-2026
https://kyounoko.jp/article/kodomo-mushiyoke-3shurui-hikaku-real
https://kyounoko.jp/article/mizuasobi-omocha-osusume-2026
https://kyounoko.jp/article/kodomo-suitou-mugicha-pitcher-2026
# submitted at 2026-05-29T00:46:10.422Z (12 URLs)
https://kyounoko.jp/article/1sai-arukanai-itsumade
https://kyounoko.jp/article/akachan-yoku-haku-genin-taisho
https://kyounoko.jp/article/kodomo-kamu-kuse-taisho
https://kyounoko.jp/article/kodomo-benpi-shokuji-kaizen
https://kyounoko.jp/article/kodomo-onesho-itsumade-taisho
https://kyounoko.jp/article/2sai-tomodachi-asobenai-taisho
https://kyounoko.jp/article/kodomo-hayaneh-hayaoki-shukan-ka
https://kyounoko.jp/article/kodomo-uso-tsuku-3sai-taisho
https://kyounoko.jp/article/kodomo-hanamizu-tsuduku-byouin
https://kyounoko.jp/article/kodomo-shokuji-tachiaruki-taisho
https://kyounoko.jp/article/kodomo-yoku-korobu-shinpai
https://kyounoko.jp/article/kodomo-kataduke-oshie-kata
# submitted at 2026-05-29T00:55:36.093Z (10 URLs)
https://kyounoko.jp/article/kodomo-jitensha-itsukara
https://kyounoko.jp/article/kodomo-gyunyu-itsukara
https://kyounoko.jp/article/kodomo-tamago-itsukara
https://kyounoko.jp/article/kodomo-suiminji-mokuyasu
https://kyounoko.jp/article/kodomo-rusuban-itsukara
https://kyounoko.jp/article/kodomo-okozukai-itsukara
https://kyounoko.jp/article/kodomo-otetsudai-itsukara
https://kyounoko.jp/article/kodomo-hachimitsu-itsukara
https://kyounoko.jp/article/kodomo-smartphone-itsukara
https://kyounoko.jp/article/kodomo-eigo-itsukara
# submitted at 2026-05-29T01:27:05.640Z (22 URLs)
https://kyounoko.jp/article/kodomo-juice-itsukara
https://kyounoko.jp/article/kodomo-chocolate-itsukara
https://kyounoko.jp/article/kodomo-aisu-itsukara
https://kyounoko.jp/article/kodomo-pool-itsukara
https://kyounoko.jp/article/kodomo-piano-itsukara
https://kyounoko.jp/article/kodomo-swim-itsukara
https://kyounoko.jp/article/kodomo-houchou-itsukara
https://kyounoko.jp/article/kodomo-eigakan-itsukara
https://kyounoko.jp/article/akachan-omosharya-itsukara
https://kyounoko.jp/article/kodomo-shaberu-itsukara
https://kyounoko.jp/article/kodomo-soccer-itsukara
https://kyounoko.jp/article/kodomo-taisou-itsukara
https://kyounoko.jp/article/kodomo-kumon-itsukara
https://kyounoko.jp/article/kodomo-soroban-itsukara
https://kyounoko.jp/article/kodomo-tablet-itsukara
https://kyounoko.jp/article/akachan-oshaburi-itsumade
https://kyounoko.jp/article/kodomo-omutsu-sotsugyou-itsu
https://kyounoko.jp/article/kodomo-hitorine-itsukara
https://kyounoko.jp/article/kodomo-shashin-nensho-mokuyasu
https://kyounoko.jp/article/kodomo-bath-hitori-itsukara
https://kyounoko.jp/article/kodomo-hairdry-itsukara
https://kyounoko.jp/article/kodomo-game-itsukara
# submitted at 2026-05-29T09:56:46.065Z (53 URLs)
https://kyounoko.jp/
https://kyounoko.jp/article/0sai-ikuji-kanzen-map
https://kyounoko.jp/article/1-2sai-ikuji-kanzen-map
https://kyounoko.jp/article/1sai-arukanai-itsumade
https://kyounoko.jp/article/3-6sai-ikuji-kanzen-map
https://kyounoko.jp/article/akachan-omosharya-itsukara
https://kyounoko.jp/article/akachan-oshaburi-itsumade
https://kyounoko.jp/article/akachan-yoku-haku-genin-taisho
https://kyounoko.jp/article/babyfood-toha-kanzen-guide
https://kyounoko.jp/article/eigo-asobi-ie-de-4-6sai
https://kyounoko.jp/article/ikukyu-fukuki-junbi
https://kyounoko.jp/article/kaiten-sushi-4chain-comparison
https://kyounoko.jp/article/kodomo-aisu-itsukara
https://kyounoko.jp/article/kodomo-bath-hitori-itsukara
https://kyounoko.jp/article/kodomo-chocolate-itsukara
https://kyounoko.jp/article/kodomo-eigakan-itsukara
https://kyounoko.jp/article/kodomo-game-itsukara
https://kyounoko.jp/article/kodomo-gyunyu-itsukara
https://kyounoko.jp/article/kodomo-hachimitsu-itsukara
https://kyounoko.jp/article/kodomo-hairdry-itsukara
https://kyounoko.jp/article/kodomo-hitorine-itsukara
https://kyounoko.jp/article/kodomo-houchou-itsukara
https://kyounoko.jp/article/kodomo-jitensha-itsukara
https://kyounoko.jp/article/kodomo-juice-itsukara
https://kyounoko.jp/article/kodomo-kamu-kuse-taisho
https://kyounoko.jp/article/kodomo-kumon-itsukara
https://kyounoko.jp/article/kodomo-naraigoto-tsuduki-kotsu
https://kyounoko.jp/article/kodomo-no-hi-kyaraben
https://kyounoko.jp/article/kodomo-okozukai-itsukara
https://kyounoko.jp/article/kodomo-omutsu-sotsugyou-itsu
https://kyounoko.jp/article/kodomo-piano-itsukara
https://kyounoko.jp/article/kodomo-pool-itsukara
https://kyounoko.jp/article/kodomo-rusuban-itsukara
https://kyounoko.jp/article/kodomo-shaberu-itsukara
https://kyounoko.jp/article/kodomo-shashin-nensho-mokuyasu
https://kyounoko.jp/article/kodomo-soccer-itsukara
https://kyounoko.jp/article/kodomo-soroban-itsukara
https://kyounoko.jp/article/kodomo-suiminji-mokuyasu
https://kyounoko.jp/article/kodomo-swim-itsukara
https://kyounoko.jp/article/kodomo-tablet-itsukara
https://kyounoko.jp/article/kodomo-taisou-itsukara
https://kyounoko.jp/article/kodomo-tamago-itsukara
https://kyounoko.jp/article/kodomo-yoku-korobu-shinpai
https://kyounoko.jp/article/kodzure-yakiniku-anzen-kanzen-guide
https://kyounoko.jp/article/kodzure-yakiniku-shabu-7
https://kyounoko.jp/article/natsu-kosodate-kanzen-map
https://kyounoko.jp/article/tomobataraki-kaji-bunkatsu
https://kyounoko.jp/article/wanope-ikuji-toha
https://kyounoko.jp/article/yojishoku-reitou-tsukurioki
https://kyounoko.jp/items
https://kyounoko.jp/recipes
https://kyounoko.jp/spots
https://kyounoko.jp/station
# submitted at 2026-05-30T05:55:52.127Z (60 URLs)
https://kyounoko.jp/article/mizuasobi-adachi-tokyo
https://kyounoko.jp/article/mizuasobi-bunkyo-tokyo
https://kyounoko.jp/article/mizuasobi-chiba
https://kyounoko.jp/article/mizuasobi-chuo-tokyo
https://kyounoko.jp/article/mizuasobi-edogawa-tokyo
https://kyounoko.jp/article/mizuasobi-fukuoka
https://kyounoko.jp/article/mizuasobi-funabashi
https://kyounoko.jp/article/mizuasobi-itabashi-tokyo
https://kyounoko.jp/article/mizuasobi-kawasaki
https://kyounoko.jp/article/mizuasobi-kita-tokyo
https://kyounoko.jp/article/mizuasobi-kobe
https://kyounoko.jp/article/mizuasobi-koto-tokyo
https://kyounoko.jp/article/mizuasobi-kyoto
https://kyounoko.jp/article/mizuasobi-meguro-tokyo
https://kyounoko.jp/article/mizuasobi-minato-tokyo
https://kyounoko.jp/article/mizuasobi-nagoya
https://kyounoko.jp/article/mizuasobi-nakano-tokyo
https://kyounoko.jp/article/mizuasobi-nerima-tokyo
https://kyounoko.jp/article/mizuasobi-osaka
https://kyounoko.jp/article/mizuasobi-ota-tokyo
https://kyounoko.jp/article/mizuasobi-saitama
https://kyounoko.jp/article/mizuasobi-setagaya-tokyo
https://kyounoko.jp/article/mizuasobi-shibuya-tokyo
https://kyounoko.jp/article/mizuasobi-shinagawa-tokyo
https://kyounoko.jp/article/mizuasobi-shinjuku-tokyo
https://kyounoko.jp/article/mizuasobi-suginami-tokyo
https://kyounoko.jp/article/mizuasobi-sumida-tokyo
https://kyounoko.jp/article/mizuasobi-taito-tokyo
https://kyounoko.jp/article/mizuasobi-toshima-tokyo
https://kyounoko.jp/article/mizuasobi-yokohama
https://kyounoko.jp/article/shitsunai-asobi-adachi-tokyo
https://kyounoko.jp/article/shitsunai-asobi-bunkyo-tokyo
https://kyounoko.jp/article/shitsunai-asobi-chiba
https://kyounoko.jp/article/shitsunai-asobi-chuo-tokyo
https://kyounoko.jp/article/shitsunai-asobi-edogawa-tokyo
https://kyounoko.jp/article/shitsunai-asobi-fukuoka
https://kyounoko.jp/article/shitsunai-asobi-funabashi
https://kyounoko.jp/article/shitsunai-asobi-itabashi-tokyo
https://kyounoko.jp/article/shitsunai-asobi-kawasaki
https://kyounoko.jp/article/shitsunai-asobi-kita-tokyo
https://kyounoko.jp/article/shitsunai-asobi-kobe
https://kyounoko.jp/article/shitsunai-asobi-koto-tokyo
https://kyounoko.jp/article/shitsunai-asobi-kyoto
https://kyounoko.jp/article/shitsunai-asobi-meguro-tokyo
https://kyounoko.jp/article/shitsunai-asobi-minato-tokyo
https://kyounoko.jp/article/shitsunai-asobi-nagoya
https://kyounoko.jp/article/shitsunai-asobi-nakano-tokyo
https://kyounoko.jp/article/shitsunai-asobi-nerima-tokyo
https://kyounoko.jp/article/shitsunai-asobi-osaka
https://kyounoko.jp/article/shitsunai-asobi-ota-tokyo
https://kyounoko.jp/article/shitsunai-asobi-saitama
https://kyounoko.jp/article/shitsunai-asobi-setagaya-tokyo
https://kyounoko.jp/article/shitsunai-asobi-shibuya-tokyo
https://kyounoko.jp/article/shitsunai-asobi-shinagawa-tokyo
https://kyounoko.jp/article/shitsunai-asobi-shinjuku-tokyo
https://kyounoko.jp/article/shitsunai-asobi-suginami-tokyo
https://kyounoko.jp/article/shitsunai-asobi-sumida-tokyo
https://kyounoko.jp/article/shitsunai-asobi-taito-tokyo
https://kyounoko.jp/article/shitsunai-asobi-toshima-tokyo
https://kyounoko.jp/article/shitsunai-asobi-yokohama
# submitted at 2026-05-31T21:04:54.067Z (2087 URLs)
https://kyounoko.jp/items
https://kyounoko.jp/recipes
https://kyounoko.jp/spots
https://kyounoko.jp/tools
https://kyounoko.jp/tools/babycar-shindan
https://kyounoko.jp/tools/naraigoto-match
https://kyounoko.jp/tools/odekake-type
https://kyounoko.jp/downloads
https://kyounoko.jp/downloads/nyuuen-checklist
https://kyounoko.jp/downloads/getsurei-schedule
https://kyounoko.jp/downloads/obento-rotation
https://kyounoko.jp/downloads/bousai-list
https://kyounoko.jp/downloads/naraigoto-hikaku
https://kyounoko.jp/about
https://kyounoko.jp/contact
https://kyounoko.jp/privacy
https://kyounoko.jp/terms
https://kyounoko.jp/category/today-doko
https://kyounoko.jp/category/today-nani
https://kyounoko.jp/category/today-taberu
https://kyounoko.jp/category/today-mawasu
https://kyounoko.jp/category/gyouji
https://kyounoko.jp/category/narai
https://kyounoko.jp/category/yakudatsu
https://kyounoko.jp/article/youchien-erabikata
https://kyounoko.jp/article/yoshinoya-stroller
https://kyounoko.jp/article/yoshinoya-omutsu
https://kyounoko.jp/article/yoshinoya-kids-menu
https://kyounoko.jp/article/yoshinoya-baby-chair
https://kyounoko.jp/article/yoshikei-vs-palsystem
https://kyounoko.jp/article/wanope-tsurai-taisho
https://kyounoko.jp/article/wanope-ikuji-toha
https://kyounoko.jp/article/usj-stroller-rental
https://kyounoko.jp/article/ueno-zoo-stroller
https://kyounoko.jp/article/ueno-zoo-omutsu
https://kyounoko.jp/article/ueno-zoo-kosodate
https://kyounoko.jp/article/tsuyu-0-6sai-sugoshikata
https://kyounoko.jp/article/tsuushin-kyouiku-toha
https://kyounoko.jp/article/tsushin-kyouiku-toha
https://kyounoko.jp/article/tomobataraki-kaji-bunkatsu
https://kyounoko.jp/article/tenya-stroller
https://kyounoko.jp/article/tenya-omutsu
https://kyounoko.jp/article/tenya-kids-menu
https://kyounoko.jp/article/tenya-baby-chair
https://kyounoko.jp/article/teiousekkai-vs-shizen
https://kyounoko.jp/article/tds-stroller
https://kyounoko.jp/article/tds-jyunyu-shitsu
https://kyounoko.jp/article/tds-baby-chair
https://kyounoko.jp/article/tasogarenaki-toha
https://kyounoko.jp/article/tasogare-naki-toha
https://kyounoko.jp/article/tanjoubi-iwai-3sai
https://kyounoko.jp/article/tanjoubi-iwai-2sai
https://kyounoko.jp/article/tanjoubi-iwai-1sai
https://kyounoko.jp/article/sushiro-stroller
https://kyounoko.jp/article/sushiro-rinyushoku-mochikomi
https://kyounoko.jp/article/sushiro-omutsu
https://kyounoko.jp/article/sushiro-baby-chair
https://kyounoko.jp/article/sukiya-stroller
https://kyounoko.jp/article/sukiya-omutsu
https://kyounoko.jp/article/sukiya-kids-menu
https://kyounoko.jp/article/sukiya-baby-chair
https://kyounoko.jp/article/steakgusto-stroller
https://kyounoko.jp/article/steakgusto-koshitsu
https://kyounoko.jp/article/steakgusto-kids-menu
https://kyounoko.jp/article/steakgusto-baby-chair
https://kyounoko.jp/article/shitsunai-asobi-yokohama
https://kyounoko.jp/article/shitsunai-asobi-toshima-tokyo
https://kyounoko.jp/article/shitsunai-asobi-taito-tokyo
https://kyounoko.jp/article/shitsunai-asobi-sumida-tokyo
https://kyounoko.jp/article/shitsunai-asobi-suginami-tokyo
https://kyounoko.jp/article/shitsunai-asobi-shinjuku-tokyo
https://kyounoko.jp/article/shitsunai-asobi-shinagawa-tokyo
https://kyounoko.jp/article/shitsunai-asobi-shibuya-tokyo
https://kyounoko.jp/article/shitsunai-asobi-setagaya-tokyo
https://kyounoko.jp/article/shitsunai-asobi-saitama
https://kyounoko.jp/article/shitsunai-asobi-ota-tokyo
https://kyounoko.jp/article/shitsunai-asobi-osaka
https://kyounoko.jp/article/shitsunai-asobi-nerima-tokyo
https://kyounoko.jp/article/shitsunai-asobi-nakano-tokyo
https://kyounoko.jp/article/shitsunai-asobi-nagoya
https://kyounoko.jp/article/shitsunai-asobi-minato-tokyo
https://kyounoko.jp/article/shitsunai-asobi-meguro-tokyo
https://kyounoko.jp/article/shitsunai-asobi-kyoto
https://kyounoko.jp/article/shitsunai-asobi-koto-tokyo
https://kyounoko.jp/article/shitsunai-asobi-kobe
https://kyounoko.jp/article/shitsunai-asobi-kita-tokyo
https://kyounoko.jp/article/shitsunai-asobi-kawasaki
https://kyounoko.jp/article/shitsunai-asobi-itabashi-tokyo
https://kyounoko.jp/article/shitsunai-asobi-funabashi
https://kyounoko.jp/article/shitsunai-asobi-fukuoka
https://kyounoko.jp/article/shitsunai-asobi-edogawa-tokyo
https://kyounoko.jp/article/shitsunai-asobi-chuo-tokyo
https://kyounoko.jp/article/shitsunai-asobi-chiba
https://kyounoko.jp/article/shitsunai-asobi-bunkyo-tokyo
https://kyounoko.jp/article/shitsunai-asobi-adachi-tokyo
https://kyounoko.jp/article/shinagawa-aquarium-stroller
https://kyounoko.jp/article/shinagawa-aquarium-kosodate
https://kyounoko.jp/article/shimoda-kosodate
https://kyounoko.jp/article/shigoto-fukuki-fuan
https://kyounoko.jp/article/shabuyo-stroller
https://kyounoko.jp/article/shabuyo-koshitsu
https://kyounoko.jp/article/shabuyo-kids-menu
https://kyounoko.jp/article/shabuyo-baby-chair
https://kyounoko.jp/article/sapporo-kosodate
https://kyounoko.jp/article/sanrin-vs-yonrin-baby
https://kyounoko.jp/article/sango-taikei-modoshi
https://kyounoko.jp/article/sango-sex-less
https://kyounoko.jp/article/sango-nukege-taisaku
https://kyounoko.jp/article/sango-mental-care
https://kyounoko.jp/article/sango-haircare
https://kyounoko.jp/article/royal-host-stroller
https://kyounoko.jp/article/royal-host-koshitsu
https://kyounoko.jp/article/royal-host-kids-menu
https://kyounoko.jp/article/royal-host-baby-chair
https://kyounoko.jp/article/rinyuushoku-reitou
https://kyounoko.jp/article/ringerhut-stroller
https://kyounoko.jp/article/ringerhut-omutsu
https://kyounoko.jp/article/ringerhut-koshitsu
https://kyounoko.jp/article/ringerhut-kids-menu
https://kyounoko.jp/article/ringerhut-baby-chair
https://kyounoko.jp/article/rhythmique-toha
https://kyounoko.jp/article/rhythmic-toha
https://kyounoko.jp/article/puroland-stroller
https://kyounoko.jp/article/puroland-omutsu
https://kyounoko.jp/article/puroland-kosodate-guide
https://kyounoko.jp/article/puroland-baby-chair
https://kyounoko.jp/article/pampers-vs-merries
https://kyounoko.jp/article/otto-ikuji-shinai
https://kyounoko.jp/article/otaru-kosodate
https://kyounoko.jp/article/os-vs-sports
https://kyounoko.jp/article/online-eikaiwa-vs-taimen
https://kyounoko.jp/article/omutsu-kaekata
https://kyounoko.jp/article/omiya-mairi-fukusou
https://kyounoko.jp/article/okuizome-itsu-yarikata
https://kyounoko.jp/article/okinawa-resort-akachan
https://kyounoko.jp/article/okinawa-naha-kosodate
https://kyounoko.jp/article/okinawa-kodzure-spot
https://kyounoko.jp/article/okinawa-akachan-tabi
https://kyounoko.jp/article/ohsho-stroller
https://kyounoko.jp/article/ohsho-koshitsu
https://kyounoko.jp/article/ohsho-kids-menu
https://kyounoko.jp/article/ohsho-baby-chair
https://kyounoko.jp/article/obon-0-6sai-sugoshikata
https://kyounoko.jp/article/ninka-vs-ninkagai-hoikuen
https://kyounoko.jp/article/nenmatsu-nenshi-0-6sai
https://kyounoko.jp/article/neglect-toha
https://kyounoko.jp/article/natsu-2sai-sugoshikata
https://kyounoko.jp/article/natsu-1sai-sugoshikata
https://kyounoko.jp/article/natsu-0sai-sugoshikata
https://kyounoko.jp/article/nakau-stroller
https://kyounoko.jp/article/nakau-omutsu
https://kyounoko.jp/article/nakau-kids-menu
https://kyounoko.jp/article/nakau-baby-chair
https://kyounoko.jp/article/mutsuu-vs-shizen
https://kyounoko.jp/article/mugicha-vs-mizu
https://kyounoko.jp/article/moony-vs-goon
https://kyounoko.jp/article/montessori-toha
https://kyounoko.jp/article/mokuyoku-yarikata
https://kyounoko.jp/article/mizuasobi-yokohama
https://kyounoko.jp/article/mizuasobi-toshima-tokyo
https://kyounoko.jp/article/mizuasobi-taito-tokyo
https://kyounoko.jp/article/mizuasobi-sumida-tokyo
https://kyounoko.jp/article/mizuasobi-suginami-tokyo
https://kyounoko.jp/article/mizuasobi-shinjuku-tokyo
https://kyounoko.jp/article/mizuasobi-shinagawa-tokyo
https://kyounoko.jp/article/mizuasobi-shibuya-tokyo
https://kyounoko.jp/article/mizuasobi-setagaya-tokyo
https://kyounoko.jp/article/mizuasobi-saitama
https://kyounoko.jp/article/mizuasobi-ota-tokyo
https://kyounoko.jp/article/mizuasobi-osaka
https://kyounoko.jp/article/mizuasobi-nerima-tokyo
https://kyounoko.jp/article/mizuasobi-nakano-tokyo
https://kyounoko.jp/article/mizuasobi-nagoya
https://kyounoko.jp/article/mizuasobi-minato-tokyo
https://kyounoko.jp/article/mizuasobi-meguro-tokyo
https://kyounoko.jp/article/mizuasobi-kyoto
https://kyounoko.jp/article/mizuasobi-koto-tokyo
https://kyounoko.jp/article/mizuasobi-kobe
https://kyounoko.jp/article/mizuasobi-kita-tokyo
https://kyounoko.jp/article/mizuasobi-kawasaki
https://kyounoko.jp/article/mizuasobi-itabashi-tokyo
https://kyounoko.jp/article/mizuasobi-funabashi
https://kyounoko.jp/article/mizuasobi-fukuoka
https://kyounoko.jp/article/mizuasobi-edogawa-tokyo
https://kyounoko.jp/article/mizuasobi-chuo-tokyo
https://kyounoko.jp/article/mizuasobi-chiba
https://kyounoko.jp/article/mizuasobi-bunkyo-tokyo
https://kyounoko.jp/article/mizuasobi-adachi-tokyo
https://kyounoko.jp/article/matsuya-stroller
https://kyounoko.jp/article/matsuya-omutsu
https://kyounoko.jp/article/matsuya-kids-menu
https://kyounoko.jp/article/matsuya-baby-chair
https://kyounoko.jp/article/marukame-stroller
https://kyounoko.jp/article/marukame-rinyushoku-mochikomi
https://kyounoko.jp/article/marukame-omutsu
https://kyounoko.jp/article/marukame-baby-chair
https://kyounoko.jp/article/mamatomo-trouble
https://kyounoko.jp/article/mamatomo-trouble-taisho
https://kyounoko.jp/article/legoland-stroller
https://kyounoko.jp/article/legoland-kosodate
https://kyounoko.jp/article/legoland-kids-menu
https://kyounoko.jp/article/legoland-baby-chair
https://kyounoko.jp/article/lego-vs-duplo
https://kyounoko.jp/article/kyoudai-sa-katsuyu
https://kyounoko.jp/article/kurasushi-stroller
https://kyounoko.jp/article/kurasushi-rinyushoku-mochikomi
https://kyounoko.jp/article/kurasushi-omutsu
https://kyounoko.jp/article/kurasushi-baby-chair
https://kyounoko.jp/article/kumon-vs-gakken
https://kyounoko.jp/article/kouen-mamatomo-nigate
https://kyounoko.jp/article/kosodate-shien-toha
https://kyounoko.jp/article/kosodate-shien-center-toha
https://kyounoko.jp/article/kodzure-famires-zenkoku-kanzen-2026
https://kyounoko.jp/article/kodomo-zensoku-sign
https://kyounoko.jp/article/kodomo-yuuenchi-itsukara
https://kyounoko.jp/article/kodomo-yubi-shaburi-yamenai
https://kyounoko.jp/article/kodomo-yobou
https://kyounoko.jp/article/kodomo-yama-itsukara
https://kyounoko.jp/article/kodomo-yakiniku-itsukara
https://kyounoko.jp/article/kodomo-yakedo-taisho
https://kyounoko.jp/article/kodomo-undoukai-junbi
https://kyounoko.jp/article/kodomo-umi-itsukara
https://kyounoko.jp/article/kodomo-udon-itsukara
https://kyounoko.jp/article/kodomo-tsuresari-taisaku
https://kyounoko.jp/article/kodomo-tsume-kirikata
https://kyounoko.jp/article/kodomo-tsume-kamu
https://kyounoko.jp/article/kodomo-tsukiyubi-taisho
https://kyounoko.jp/article/kodomo-toppatsuhasshin-taisho
https://kyounoko.jp/article/kodomo-toppatsu-taisho
https://kyounoko.jp/article/kodomo-tomodachi-tataita
https://kyounoko.jp/article/kodomo-tkg-itsukara
https://kyounoko.jp/article/kodomo-teashikuchi-taisho
https://kyounoko.jp/article/kodomo-tashukubyou-taisho
https://kyounoko.jp/article/kodomo-tamago-kake-gohan-itsukara
https://kyounoko.jp/article/kodomo-taionkei-tsukaikata
https://kyounoko.jp/article/kodomo-sushi-itsukara
https://kyounoko.jp/article/kodomo-suizokukan-itsukara
https://kyounoko.jp/article/kodomo-strider-itsukara
https://kyounoko.jp/article/kodomo-soba-itsukara
https://kyounoko.jp/article/kodomo-ski-itsukara
https://kyounoko.jp/article/kodomo-shuchu-mijikai
https://kyounoko.jp/article/kodomo-shower-iyagaru
https://kyounoko.jp/article/kodomo-shokumeisai-yarikata
https://kyounoko.jp/article/kodomo-shokuji-jikan-kakaru
https://kyounoko.jp/article/kodomo-shokugo-kigen-warui
https://kyounoko.jp/article/kodomo-shinkansen-itsukara
https://kyounoko.jp/article/kodomo-shashin-kotsu
https://kyounoko.jp/article/kodomo-seki-tomaranai
https://kyounoko.jp/article/kodomo-seichouroku-kotsu
https://kyounoko.jp/article/kodomo-sashimi-itsukara
https://kyounoko.jp/article/kodomo-rusuban-kowagaru
https://kyounoko.jp/article/kodomo-rs-virus-symptoms
https://kyounoko.jp/article/kodomo-rs-shoujou
https://kyounoko.jp/article/kodomo-ramen-itsukara
https://kyounoko.jp/article/kodomo-pierce-itsukara
https://kyounoko.jp/article/kodomo-petittomato-itsukara
https://kyounoko.jp/article/kodomo-petit-tomato-itsukara
https://kyounoko.jp/article/kodomo-peanut-itsukara
https://kyounoko.jp/article/kodomo-pasta-itsukara
https://kyounoko.jp/article/kodomo-outo-tomaranai
https://kyounoko.jp/article/kodomo-outo-stop
https://kyounoko.jp/article/kodomo-otona-mishiri
https://kyounoko.jp/article/kodomo-otafuku-taisho
https://kyounoko.jp/article/kodomo-origami-itsukara
https://kyounoko.jp/article/kodomo-onsen-tamago-itsukara
https://kyounoko.jp/article/kodomo-omorashi-gakkou
https://kyounoko.jp/article/kodomo-omocha-toriai
https://kyounoko.jp/article/kodomo-ofuro-kirai
https://kyounoko.jp/article/kodomo-ochitsukinai-taisho
https://kyounoko.jp/article/kodomo-nuts-itsukara
https://kyounoko.jp/article/kodomo-nebote-okiru
https://kyounoko.jp/article/kodomo-nawatobi-itsukara
https://kyounoko.jp/article/kodomo-naraigoto-yameru-koe
https://kyounoko.jp/article/kodomo-naraigoto-tsuduki-kotsu
https://kyounoko.jp/article/kodomo-mono-kowashita
https://kyounoko.jp/article/kodomo-mizubousou-taisho
https://kyounoko.jp/article/kodomo-mizuboso-taisho
https://kyounoko.jp/article/kodomo-misui-taisho
https://kyounoko.jp/article/kodomo-mikan-itsukara
https://kyounoko.jp/article/kodomo-maigo-taisaku
https://kyounoko.jp/article/kodomo-lemon-itsukara
https://kyounoko.jp/article/kodomo-kyuni-kowagaru
https://kyounoko.jp/article/kodomo-kouen-trouble
https://kyounoko.jp/article/kodomo-kokunai-ryokou-itsukara
https://kyounoko.jp/article/kodomo-kokunai-ryoko-itsukara
https://kyounoko.jp/article/kodomo-kimchi-itsukara
https://kyounoko.jp/article/kodomo-kigae-jibun-de
https://kyounoko.jp/article/kodomo-kigae-iyagaru
https://kyounoko.jp/article/kodomo-kendama-itsukara
https://kyounoko.jp/article/kodomo-kega-saseta
https://kyounoko.jp/article/kodomo-kega-oukyu
https://kyounoko.jp/article/kodomo-karaimono-itsukara
https://kyounoko.jp/article/kodomo-kamiarai-iyagaru
https://kyounoko.jp/article/kodomo-kami-nuku
https://kyounoko.jp/article/kodomo-kami-kirikata
https://kyounoko.jp/article/kodomo-kamareta-taisho
https://kyounoko.jp/article/kodomo-kaigai-ryokou-itsukara
https://kyounoko.jp/article/kodomo-kaigai-ryoko-itsukara
https://kyounoko.jp/article/kodomo-kafunsho-taisho
https://kyounoko.jp/article/kodomo-jitensha-hojorin-nashi
https://kyounoko.jp/article/kodomo-influenza-taisho
https://kyounoko.jp/article/kodomo-ijime-sign
https://kyounoko.jp/article/kodomo-ichouen-taisho
https://kyounoko.jp/article/kodomo-icho-en-taisho
https://kyounoko.jp/article/kodomo-ichirinsha-itsukara
https://kyounoko.jp/article/kodomo-hojorin-nashi-itsukara
https://kyounoko.jp/article/kodomo-hoikuen-trouble
https://kyounoko.jp/article/kodomo-hitoride-nerenai
https://kyounoko.jp/article/kodomo-hikouki-itsukara
https://kyounoko.jp/article/kodomo-hayagui-kaizen
https://kyounoko.jp/article/kodomo-hatsunetsu-kyu-taisho
https://kyounoko.jp/article/kodomo-hasami-itsukara
https://kyounoko.jp/article/kodomo-happyokai-junbi
https://kyounoko.jp/article/kodomo-handprint-itsukara
https://kyounoko.jp/article/kodomo-hanaji-tomaranai
https://kyounoko.jp/article/kodomo-hamigaki-iyagaru
https://kyounoko.jp/article/kodomo-gyuniku-itsukara
https://kyounoko.jp/article/kodomo-gyu-itsukara
https://kyounoko.jp/article/kodomo-grape-itsukara
https://kyounoko.jp/article/kodomo-geri-tsuduku
https://kyounoko.jp/article/kodomo-engeki-shusha
https://kyounoko.jp/article/kodomo-doubutsuen-itsukara
https://kyounoko.jp/article/kodomo-donaru-taisho
https://kyounoko.jp/article/kodomo-donaru-haieee
https://kyounoko.jp/article/kodomo-disney-itsukara
https://kyounoko.jp/article/kodomo-curry-itsukara
https://kyounoko.jp/article/kodomo-chujien-sign
https://kyounoko.jp/article/kodomo-budou-itsukara
https://kyounoko.jp/article/kodomo-biyouin-itsukara
https://kyounoko.jp/article/kodomo-biyoin-itsukara
https://kyounoko.jp/article/kodomo-bento-tsumekata
https://kyounoko.jp/article/kodomo-atopy-taisho
https://kyounoko.jp/article/kodomo-asemo-shoujou
https://kyounoko.jp/article/kodomo-asaokinai
https://kyounoko.jp/article/kodomo-asa-kigen-warui
https://kyounoko.jp/article/kodomo-arerugi-bien
https://kyounoko.jp/article/kodomo-amagu-kisekata
https://kyounoko.jp/article/kodomo-allergy-hannou
https://kyounoko.jp/article/kodomo-allergy-bien
https://kyounoko.jp/article/kodomo-album-kakikata
https://kyounoko.jp/article/kodomo-akumu-tsuduku
https://kyounoko.jp/article/kodomo-agemono-itsukara
https://kyounoko.jp/article/kodomo-adeno-symptoms
https://kyounoko.jp/article/kodomo-adeno-shoujou
https://kyounoko.jp/article/kobanare-dekinai-oya
https://kyounoko.jp/article/kawaguchiko-kodzure
https://kyounoko.jp/article/kawaguchiko-akachan-yado
https://kyounoko.jp/article/kasai-aquarium-stroller
https://kyounoko.jp/article/kasai-aquarium-kosodate
https://kyounoko.jp/article/karuizawa-stroller
https://kyounoko.jp/article/karuizawa-shopping-mall
https://kyounoko.jp/article/karuizawa-kodzure-spot
https://kyounoko.jp/article/karuizawa-akachan-yado
https://kyounoko.jp/article/kamogawa-sea-world-stroller
https://kyounoko.jp/article/kamogawa-sea-world-kosodate
https://kyounoko.jp/article/kami-ehon-vs-denshi-ehon
https://kyounoko.jp/article/kamakura-kodzure-spot
https://kyounoko.jp/article/jonathan-stroller
https://kyounoko.jp/article/jonathan-koshitsu
https://kyounoko.jp/article/jonathan-kids-menu
https://kyounoko.jp/article/jonathan-baby-chair
https://kyounoko.jp/article/jidoukan-toha
https://kyounoko.jp/article/jidou-teate-toha
https://kyounoko.jp/article/izu-kodzure-spot
https://kyounoko.jp/article/izu-akachan-yado
https://kyounoko.jp/article/ito-onsen-akachan
https://kyounoko.jp/article/ikukyu-kyuufukin-toha
https://kyounoko.jp/article/ikukyu-kyufu-toha
https://kyounoko.jp/article/ikukyu-fukuki-junbi
https://kyounoko.jp/article/ikuji-noroze-sign
https://kyounoko.jp/article/ikuji-noiroze-sign
https://kyounoko.jp/article/ikuji-kyuugyou-toha
https://kyounoko.jp/article/ikuji-kyugyou-toha
https://kyounoko.jp/article/ikea-stroller
https://kyounoko.jp/article/ikea-smaland
https://kyounoko.jp/article/ikea-rinyushoku
https://kyounoko.jp/article/ikea-omutsu
https://kyounoko.jp/article/ikea-baby-chair
https://kyounoko.jp/article/ichiji-hoiku-toha
https://kyounoko.jp/article/honyuubin-shoudoku
https://kyounoko.jp/article/hokkaido-kodzure-spot
https://kyounoko.jp/article/hokkaido-akachan-yado
https://kyounoko.jp/article/hoikuen-fuan-kaisho
https://kyounoko.jp/article/hoikuen-erabikata
https://kyounoko.jp/article/hoiku-mama-toha
https://kyounoko.jp/article/hitorikko-sodateru
https://kyounoko.jp/article/hatsumiya-mairi-itsu
https://kyounoko.jp/article/haru-3-6sai-sugoshikata
https://kyounoko.jp/article/haru-2sai-sugoshikata
https://kyounoko.jp/article/haru-1sai-sugoshikata
https://kyounoko.jp/article/haru-0sai-sugoshikata
https://kyounoko.jp/article/hanamarudon-stroller
https://kyounoko.jp/article/hanamarudon-omutsu
https://kyounoko.jp/article/hanamarudon-kids-menu
https://kyounoko.jp/article/hanamarudon-baby-chair
https://kyounoko.jp/article/hana-suiki-tsukaikata
https://kyounoko.jp/article/hamasushi-stroller
https://kyounoko.jp/article/hamasushi-rinyushoku-mochikomi
https://kyounoko.jp/article/hamasushi-omutsu
https://kyounoko.jp/article/hamasushi-baby-chair
https://kyounoko.jp/article/half-birthday-jun
https://kyounoko.jp/article/hakone-stroller
https://kyounoko.jp/article/hakone-onsen-baby
https://kyounoko.jp/article/hakone-kodzure-spot
https://kyounoko.jp/article/hakone-akachan-yado
https://kyounoko.jp/article/gyukaku-stroller
https://kyounoko.jp/article/gyukaku-koshitsu
https://kyounoko.jp/article/gyukaku-kids-menu
https://kyounoko.jp/article/gyukaku-baby-chair
https://kyounoko.jp/article/gw-0-6sai-sugoshikata
https://kyounoko.jp/article/gusto-stroller
https://kyounoko.jp/article/gusto-koshitsu
https://kyounoko.jp/article/gusto-kids-menu
https://kyounoko.jp/article/gusto-baby-chair
https://kyounoko.jp/article/gijikka-stress-kaisho
https://kyounoko.jp/article/giczitsuka-stress
https://kyounoko.jp/article/gakudou-hoiku-toha
https://kyounoko.jp/article/fuyuyasumi-0-6sai
https://kyounoko.jp/article/fuyu-3-6sai-sugoshikata
https://kyounoko.jp/article/fuyu-2sai-sugoshikata
https://kyounoko.jp/article/fuyu-1sai-sugoshikata
https://kyounoko.jp/article/fuyu-0sai-sugoshikata
https://kyounoko.jp/article/futaime-timing
https://kyounoko.jp/article/fujiq-thomas-land-kosodate
https://kyounoko.jp/article/fujiq-stroller
https://kyounoko.jp/article/fujiq-omutsu
https://kyounoko.jp/article/fuji-safari-park-kosodate
https://kyounoko.jp/article/fuji-q-area-kosodate
https://kyounoko.jp/article/firstshoes-toha
https://kyounoko.jp/article/first-shoes-toha
https://kyounoko.jp/article/famisapo-toha
https://kyounoko.jp/article/ergo-vs-aprica-dakkohimo
https://kyounoko.jp/article/disney-stroller-rental
https://kyounoko.jp/article/disney-rinyushoku
https://kyounoko.jp/article/disney-omutsu-gae
https://kyounoko.jp/article/disney-kosodate-attractions
https://kyounoko.jp/article/disney-kids-menu
https://kyounoko.jp/article/disney-jyunyu-shitsu
https://kyounoko.jp/article/disney-baby-chair
https://kyounoko.jp/article/disney-baby-care-center
https://kyounoko.jp/article/dennys-stroller
https://kyounoko.jp/article/dennys-koshitsu
https://kyounoko.jp/article/dennys-kids-menu
https://kyounoko.jp/article/dennys-baby-chair
https://kyounoko.jp/article/dakkohimo-souchaku
https://kyounoko.jp/article/costco-stroller
https://kyounoko.jp/article/costco-omutsu
https://kyounoko.jp/article/costco-kodzure-koryaku
https://kyounoko.jp/article/costco-baby-chair
https://kyounoko.jp/article/combi-vs-aprica-baby
https://kyounoko.jp/article/cocos-stroller
https://kyounoko.jp/article/cocos-koshitsu
https://kyounoko.jp/article/cocos-kids-menu
https://kyounoko.jp/article/cocos-baby-chair
https://kyounoko.jp/article/cocoichi-stroller
https://kyounoko.jp/article/cocoichi-omutsu
https://kyounoko.jp/article/cocoichi-kids-menu
https://kyounoko.jp/article/cocoichi-baby-chair
https://kyounoko.jp/article/churaumi-aquarium-kosodate
https://kyounoko.jp/article/childseat-toritsuke
https://kyounoko.jp/article/chiiku-omocha-toha
https://kyounoko.jp/article/chiiku-gangu-toha
https://kyounoko.jp/article/byouji-hoiku-toha
https://kyounoko.jp/article/boshitechou-toha
https://kyounoko.jp/article/boshi-techou-toha
https://kyounoko.jp/article/boshi-techou-kakikata
https://kyounoko.jp/article/bonyuu-pad-tsukaikata
https://kyounoko.jp/article/bonyu-vs-konnyu
https://kyounoko.jp/article/bigboy-stroller
https://kyounoko.jp/article/bigboy-koshitsu
https://kyounoko.jp/article/bigboy-kids-menu
https://kyounoko.jp/article/bigboy-baby-chair
https://kyounoko.jp/article/benesse-vs-zkai-youji
https://kyounoko.jp/article/benesse-vs-dwe
https://kyounoko.jp/article/babysitter-toha
https://kyounoko.jp/article/babyfuku-tatami
https://kyounoko.jp/article/babyfood-vs-tedukuri
https://kyounoko.jp/article/babyfood-atatame
https://kyounoko.jp/article/babybath-tsukaikata
https://kyounoko.jp/article/baby-rucksack-erabikata
https://kyounoko.jp/article/baby-oritatami
https://kyounoko.jp/article/baby-oil-tsukaikata
https://kyounoko.jp/article/baby-jama-iwareta
https://kyounoko.jp/article/attachment-toha
https://kyounoko.jp/article/atami-kodzure-spot
https://kyounoko.jp/article/atami-day-trip
https://kyounoko.jp/article/atami-akachan-yado
https://kyounoko.jp/article/anrakutei-stroller
https://kyounoko.jp/article/anrakutei-koshitsu
https://kyounoko.jp/article/anrakutei-kids-menu
https://kyounoko.jp/article/anrakutei-baby-chair
https://kyounoko.jp/article/anpanman-vs-kidzania
https://kyounoko.jp/article/aki-3-6sai-sugoshikata
https://kyounoko.jp/article/aki-2sai-sugoshikata
https://kyounoko.jp/article/aki-1sai-sugoshikata
https://kyounoko.jp/article/aki-0sai-sugoshikata
https://kyounoko.jp/article/2sai-totsuzen-naku
https://kyounoko.jp/article/1sai-hankouki-taisho
https://kyounoko.jp/article/1sai-hankou-ki
https://kyounoko.jp/article/100ka-iwai-yarikata
https://kyounoko.jp/article/yukata-jinbei-kodomo-osusume-2026
https://kyounoko.jp/article/yonaki-toha-kanzen-guide
https://kyounoko.jp/article/tsukamaridachi-toha-kanzen-guide
https://kyounoko.jp/article/sotsunyu-toha-kanzen-guide
https://kyounoko.jp/article/shougakkou-nyugaku-junbi-kanzen-list
https://kyounoko.jp/article/shokumotsu-allergy-toha-kanzen-guide
https://kyounoko.jp/article/sango-utsu-toha-kanzen-guide
https://kyounoko.jp/article/rinyuushoku-toha-kanzen-guide
https://kyounoko.jp/article/randoseru-erabikata-osusume-2026
https://kyounoko.jp/article/rakuten-vs-amazon-kosodate-hikaku
https://kyounoko.jp/article/natsuyasumi-kazoku-ryokou-kodzure-2026
https://kyounoko.jp/article/natsu-kosodate-kanzen-map
https://kyounoko.jp/article/koritsu-vs-shiritsu-shougakkou-hikaku
https://kyounoko.jp/article/kodzure-credit-card-osusume-2026
https://kyounoko.jp/article/kodomochalle-vs-smile-zemi-hikaku
https://kyounoko.jp/article/kodomo-yoku-korobu-shinpai
https://kyounoko.jp/article/kodomo-uso-tsuku-3sai-taisho
https://kyounoko.jp/article/kodomo-tamago-itsukara
https://kyounoko.jp/article/kodomo-taisou-itsukara
https://kyounoko.jp/article/kodomo-tablet-itsukara
https://kyounoko.jp/article/kodomo-swim-itsukara
https://kyounoko.jp/article/kodomo-suitou-mugicha-pitcher-2026
https://kyounoko.jp/article/kodomo-suiminji-mokuyasu
https://kyounoko.jp/article/kodomo-soroban-itsukara
https://kyounoko.jp/article/kodomo-soccer-itsukara
https://kyounoko.jp/article/kodomo-smartphone-itsukara
https://kyounoko.jp/article/kodomo-shokuji-tachiaruki-taisho
https://kyounoko.jp/article/kodomo-shashin-nensho-mokuyasu
https://kyounoko.jp/article/kodomo-shaberu-itsukara
https://kyounoko.jp/article/kodomo-sandal-natsu-osusume-2026
https://kyounoko.jp/article/kodomo-rusuban-itsukara
https://kyounoko.jp/article/kodomo-pool-itsukara
https://kyounoko.jp/article/kodomo-piano-itsukara
https://kyounoko.jp/article/kodomo-otetsudai-itsukara
https://kyounoko.jp/article/kodomo-online-eikaiwa-osusume-2026
https://kyounoko.jp/article/kodomo-onesho-itsumade-taisho
https://kyounoko.jp/article/kodomo-omutsu-sotsugyou-itsu
https://kyounoko.jp/article/kodomo-okozukai-itsukara
https://kyounoko.jp/article/kodomo-kumon-itsukara
https://kyounoko.jp/article/kodomo-kaze-hayaku-naosu-kanzen-guide
https://kyounoko.jp/article/kodomo-kataduke-oshie-kata
https://kyounoko.jp/article/kodomo-kamu-kuse-taisho
https://kyounoko.jp/article/kodomo-juice-itsukara
https://kyounoko.jp/article/kodomo-jitensha-itsukara
https://kyounoko.jp/article/kodomo-houchou-itsukara
https://kyounoko.jp/article/kodomo-hiyakedome-osusume-2026
https://kyounoko.jp/article/kodomo-hitorine-itsukara
https://kyounoko.jp/article/kodomo-hayaneh-hayaoki-shukan-ka
https://kyounoko.jp/article/kodomo-hanamizu-tsuduku-byouin
https://kyounoko.jp/article/kodomo-hairdry-itsukara
https://kyounoko.jp/article/kodomo-hachimitsu-itsukara
https://kyounoko.jp/article/kodomo-gyunyu-itsukara
https://kyounoko.jp/article/kodomo-game-itsukara
https://kyounoko.jp/article/kodomo-eigo-itsukara
https://kyounoko.jp/article/kodomo-eigakan-itsukara
https://kyounoko.jp/article/kodomo-chocolate-itsukara
https://kyounoko.jp/article/kodomo-benpi-shokuji-kaizen
https://kyounoko.jp/article/kodomo-bath-hitori-itsukara
https://kyounoko.jp/article/kodomo-aisu-itsukara
https://kyounoko.jp/article/kami-omotsu-vs-nuno-omotsu-hikaku
https://kyounoko.jp/article/iyaiya-ki-toha-kanzen-guide
https://kyounoko.jp/article/hoikuen-vs-youchien-hikaku
https://kyounoko.jp/article/hoikuen-nyuuen-junbi-0-2sai-kanzen-list
https://kyounoko.jp/article/gakushi-vs-nisa-hikaku
https://kyounoko.jp/article/gakushi-hoken-erabikata-2026
https://kyounoko.jp/article/bonyu-vs-milk-hikaku
https://kyounoko.jp/article/babyfood-toha-kanzen-guide
https://kyounoko.jp/article/babycar-fan-cooler-sheet-2026
https://kyounoko.jp/article/babycar-a-vs-b-katanonoshi-hikaku
https://kyounoko.jp/article/akachan-yoku-haku-genin-taisho
https://kyounoko.jp/article/akachan-oshaburi-itsumade
https://kyounoko.jp/article/akachan-omosharya-itsukara
https://kyounoko.jp/article/akachan-nekashitsuke-kanzen-guide-0-1sai
https://kyounoko.jp/article/3-6sai-ikuji-kanzen-map
https://kyounoko.jp/article/2sai-tomodachi-asobenai-taisho
https://kyounoko.jp/article/1sai-hattatsu-kanzen-guide
https://kyounoko.jp/article/1sai-arukanai-itsumade
https://kyounoko.jp/article/1-2sai-ikuji-kanzen-map
https://kyounoko.jp/article/0sai-ikuji-kanzen-map
https://kyounoko.jp/article/yubishaburi-itsumade-yamesaseru
https://kyounoko.jp/article/sotsunyu-danyu-susumekata
https://kyounoko.jp/article/mizuasobi-omocha-osusume-2026
https://kyounoko.jp/article/kodzure-outdoor-leisure-goods-2026
https://kyounoko.jp/article/kodomo-handy-fan-neck-cooler-2026
https://kyounoko.jp/article/katei-pool-osusume-ranking-2026
https://kyounoko.jp/article/jiyukenkyu-kit-osusume-2026
https://kyounoko.jp/article/hitomishiri-atooi-itsumade
https://kyounoko.jp/article/tullys-coffee-kodzure-koryaku
https://kyounoko.jp/article/sanmarc-cafe-kodzure-koryaku
https://kyounoko.jp/article/kodzure-udon-anzen-kanzen-guide
https://kyounoko.jp/article/kodzure-ramen-anzen-kanzen-guide
https://kyounoko.jp/article/kodzure-cafe-anzen-kanzen-guide
https://kyounoko.jp/article/doutor-kodzure-koryaku
https://kyounoko.jp/article/yakiniku-king-kodzure-koryaku
https://kyounoko.jp/article/takeout-bento-kodzure-anzen-guide
https://kyounoko.jp/article/ringer-hut-kodzure-koryaku
https://kyounoko.jp/article/kodzure-yakiniku-anzen-kanzen-guide
https://kyounoko.jp/article/kodzure-shabushabu-nabe-anzen-kanzen-guide
https://kyounoko.jp/article/hanamaru-udon-kodzure-koryaku
https://kyounoko.jp/article/mos-burger-kodzure-koryaku
https://kyounoko.jp/article/misdo-kodzure-koryaku
https://kyounoko.jp/article/kourakuen-kodzure-koryaku
https://kyounoko.jp/article/kfc-kodzure-koryaku
https://kyounoko.jp/article/hottomotto-kodzure-koryaku
https://kyounoko.jp/article/gaishoku-chain-kodomo-anzen-guide
https://kyounoko.jp/article/cocoichi-kodzure-koryaku
https://kyounoko.jp/article/burger-king-kodzure-koryaku
https://kyounoko.jp/article/burger-chain-kodzure-ranking-2026-5sha
https://kyounoko.jp/article/baskin-robbins-31-kodzure-koryaku
https://kyounoko.jp/article/teishoku-chain-kodzure-ranking-4sha
https://kyounoko.jp/article/shabushabu-chain-kodzure-ranking-2026-5sha
https://kyounoko.jp/article/ramen-chain-kodzure-ranking-2026-5sha
https://kyounoko.jp/article/natsumatsuri-yatai-gourmet-kodzure-guide
https://kyounoko.jp/article/natsu-drink-chain-kodzure-ranking-2026-5sha
https://kyounoko.jp/article/mochikaeri-sushi-chain-kodzure-4sha
https://kyounoko.jp/article/kappa-sushi-kodzure-koryaku
https://kyounoko.jp/article/kakigori-softcream-chain-kodzure-hikaku
https://kyounoko.jp/article/conveni-kodzure-kids-shokuzai-4sha
https://kyounoko.jp/article/bikkuri-donkey-kodzure-koryaku
https://kyounoko.jp/article/bento-takeout-chain-kodzure-4sha
https://kyounoko.jp/article/udon-chain-kodzure-4sha-hikaku
https://kyounoko.jp/article/tsuyu-shitsunai-asobi-0-6sai-hozonban-2026
https://kyounoko.jp/article/gyudon-chain-kodzure-ranking-2026-4sha
https://kyounoko.jp/article/cafe-chain-kodzure-ranking-2026-6sha
https://kyounoko.jp/article/babycar-osusume-2026-15model-hikaku
https://kyounoko.jp/article/yayoiken-vs-saize-kodzure-douchi
https://kyounoko.jp/article/tsuyu-ie-asobi-0-6sai-15pattern
https://kyounoko.jp/article/tanabata-kazari-tedukuri-0-6sai-7shurui
https://kyounoko.jp/article/starbucks-kodzure-koryaku
https://kyounoko.jp/article/gusto-vs-jonathan-kodzure-douchi
https://kyounoko.jp/article/famires-kodzure-ranking-2026-10sen
https://kyounoko.jp/article/chichi-no-hi-purezento-2-6sai-tedukuri-15sen
https://kyounoko.jp/article/zansho-bate-shokuyokunai-recipe-5
https://kyounoko.jp/article/yoshinoya-kodzure-koryaku
https://kyounoko.jp/article/yakiniku-5chain-kodomo-2026
https://kyounoko.jp/article/veranda-pool-4sai-asobi-kata
https://kyounoko.jp/article/undoukai-9gatsu-oya-junbi-list
https://kyounoko.jp/article/undokai-bentou-mochimono-kamigata
https://kyounoko.jp/article/udon-soba-3chain-kodzure
https://kyounoko.jp/article/tokyo-natsu-matsuri-kodzure-20
https://kyounoko.jp/article/tokyo-kakigori-kodzure-20
https://kyounoko.jp/article/tokyo-hanabi-kodzure-20
https://kyounoko.jp/article/tanabata-kazari-tedukuri-kodomo-2026
https://kyounoko.jp/article/swim-school-3brand-3-6sai
https://kyounoko.jp/article/shitsunai-asobiba-4brand-tokyo
https://kyounoko.jp/article/shichigosan-fukusou-shashin-kanzen
https://kyounoko.jp/article/shabushabu-yakiniku-buffet-3chain
https://kyounoko.jp/article/rinyuushoku-mochikomi-chain-15
https://kyounoko.jp/article/reibou-tsukeppanashi-kodomo-taion
https://kyounoko.jp/article/pool-asobi-4sai-manaberu-10
https://kyounoko.jp/article/picnic-takeout-chain-20
https://kyounoko.jp/article/piano-rhythm-2-5sai-3brand
https://kyounoko.jp/article/otoshidama-souba-pochibukuro-tedukuri
https://kyounoko.jp/article/osechi-kodomo-kantan-menu
https://kyounoko.jp/article/online-school-eigo-3brand-2026
https://kyounoko.jp/article/omatsuri-0-2sai-hajimete-yukata
https://kyounoko.jp/article/natsuyasumi-hirugohan-mainichi-idea-20
https://kyounoko.jp/article/natsuyasumi-ake-hoikuen-guzu-taiou
https://kyounoko.jp/article/natsuyasumi-1nichi-plan-30
https://kyounoko.jp/article/natsu-kodomo-shokuyoku-nai-recipe-10
https://kyounoko.jp/article/nakau-kodzure-koryaku
https://kyounoko.jp/article/matsuya-kodzure-koryaku
https://kyounoko.jp/article/kyoudai-kenka-naka-naoshi-natsuyasumi
https://kyounoko.jp/article/kyoudai-jiyukenkyu-4sai-2sai-coop
https://kyounoko.jp/article/koyou-kanto-kodzure-20
https://kyounoko.jp/article/kodzure-bbq-mochimono-0-4sai
https://kyounoko.jp/article/kodomo-yukata-debut-saizu
https://kyounoko.jp/article/kodomo-suitou-natsu-hikaku-7
https://kyounoko.jp/article/kodomo-netsuchusho-3sain-real-2026
https://kyounoko.jp/article/kodomo-natsukaze-byouin-iku-5moyasu
https://kyounoko.jp/article/kodomo-natsu-photo-toshi-kata-5
https://kyounoko.jp/article/kodomo-mushiyoke-3shurui-hikaku-real
https://kyounoko.jp/article/kodomo-camp-debut-0-2sai-souviru
https://kyounoko.jp/article/kids-menu-nansai-kara-hayami
https://kyounoko.jp/article/kids-menu-chain-15-hikaku
https://kyounoko.jp/article/keirou-no-hi-4sai-photo-message-card
https://kyounoko.jp/article/kaiten-sushi-4chain-comparison
https://kyounoko.jp/article/kaisuiyoku-1sai-debut-mochimono
https://kyounoko.jp/article/jiyukenkyu-1nichi-kodomo-30
https://kyounoko.jp/article/highchair-4brand-toritsuke-syohi
https://kyounoko.jp/article/hatsumoude-kodzure-kanto-15
https://kyounoko.jp/article/halloween-isho-tedukuri-kazari-kodomo
https://kyounoko.jp/article/gyudon-4chain-kodzure-hayami
https://kyounoko.jp/article/famires-7chain-8koumoku-2026
https://kyounoko.jp/article/eigo-kyouzai-3brand-2-6sai
https://kyounoko.jp/article/denshi-mosquito-4brand-anzen
https://kyounoko.jp/article/dakkohimo-3brand-7koumoku-2026
https://kyounoko.jp/article/christmas-present-kodomo-nenrei-betsu
https://kyounoko.jp/article/christmas-cake-kodzure-erabikata
https://kyounoko.jp/article/child-seat-0-7sai-5brand
https://kyounoko.jp/article/chiiku-toys-3brand-2-4sai
https://kyounoko.jp/article/cafe-3chain-kodzure-hikaku
https://kyounoko.jp/article/bousai-no-hi-katei-bichiku-mininaosu
https://kyounoko.jp/article/booster-3type-2-7sai
https://kyounoko.jp/article/bedlight-3type-kodomo
https://kyounoko.jp/article/babycar-a-b-buggy-3type-7koumoku
https://kyounoko.jp/article/aki-matsuri-kodzure-koryaku
https://kyounoko.jp/article/akachan-hiyakedome-itsukara-erabikata
https://kyounoko.jp/article/9gatsu-yobosesshu-4sai-made-checklist
https://kyounoko.jp/article/tokyo-ogata-yugu-koen-30
https://kyounoko.jp/article/tokyo-long-slide-park-20
https://kyounoko.jp/article/tokyo-fuwafuwa-park-20
https://kyounoko.jp/article/jabujabuike-mizuasobi-tokyo-30
https://kyounoko.jp/article/sushiro-kodzure-koryaku
https://kyounoko.jp/article/sukiya-kodzure-koryaku
https://kyounoko.jp/article/ootoya-kodzure-koryaku
https://kyounoko.jp/article/ohsho-kodzure-koryaku
https://kyounoko.jp/article/mcdonalds-kodzure-koryaku
https://kyounoko.jp/article/marugame-kodzure-koryaku
https://kyounoko.jp/article/kura-sushi-kodzure-koryaku
https://kyounoko.jp/article/komeda-kodzure-koryaku
https://kyounoko.jp/article/hama-sushi-kodzure-koryaku
https://kyounoko.jp/article/gyukaku-kodzure-koryaku
https://kyounoko.jp/article/tsuyu-obento-itamanai-kufuu-7
https://kyounoko.jp/article/tsuyu-1-2sai-ie-asobi-30
https://kyounoko.jp/article/tokyo-okunai-pool-kodzure-10
https://kyounoko.jp/article/rinyuushoku-shokuzai-takuhai-hikaku-2026
https://kyounoko.jp/article/rinyuushoku-mochikomi-ok-tokyo-15
https://kyounoko.jp/article/nyuuen-namaetsuke-jitan-tech-10
https://kyounoko.jp/article/koromogae-kodomofuku-shuunou-shobun
https://kyounoko.jp/article/kodzure-yakiniku-stroller-tokyo-20
https://kyounoko.jp/article/kodzure-restaurant-erabikata-kanzen-guide
https://kyounoko.jp/article/kodomo-udon-suki-hakusai-butabara-tamago
https://kyounoko.jp/article/kodomo-toriniku-yamitsuki-yangnyom-mild
https://kyounoko.jp/article/kodomo-tori-momo-teriyaki-don-5min-tare
https://kyounoko.jp/article/kodomo-tofu-hamburger-rinyuushoku-otona
https://kyounoko.jp/article/kodomo-tamagoyaki-4pattern-bento
https://kyounoko.jp/article/kodomo-tamagomayo-toast-3sai-5min
https://kyounoko.jp/article/kodomo-sokuseki-fruit-jelly-oyatsu
https://kyounoko.jp/article/kodomo-sake-hoiruyaki-oven-fuyou
https://kyounoko.jp/article/kodomo-renji-mushipan-5min-asa
https://kyounoko.jp/article/kodomo-renji-mushipan-3pattern-oyatsu
https://kyounoko.jp/article/kodomo-renji-curry-roux-nashi-tomato-base
https://kyounoko.jp/article/kodomo-renji-cup-nimono-ninjin-kabocha
https://kyounoko.jp/article/kodomo-reitou-banana-ice-1zairyou
https://kyounoko.jp/article/kodomo-pick-omoshiro-obento-kazarigiri-fuyou
https://kyounoko.jp/article/kodomo-peperoncino-udon-kodomo-muke
https://kyounoko.jp/article/kodomo-obento-reitou-stock-5sen
https://kyounoko.jp/article/kodomo-mini-hamburger-tofu-5min-bento
https://kyounoko.jp/article/kodomo-marshmallow-chocolate-bar-5min
https://kyounoko.jp/article/kodomo-koushuu-genin-keacare
https://kyounoko.jp/article/kodomo-hotcake-mix-donut-oyatsu
https://kyounoko.jp/article/kodomo-ham-cheese-roll-sandwich-houchou-fuyou
https://kyounoko.jp/article/kodomo-frypan-doria-1pan-10min
https://kyounoko.jp/article/kodomo-fruit-yogurt-bowl-asa
https://kyounoko.jp/article/kodomo-cheese-omelette-1pun-asa
https://kyounoko.jp/article/kodomo-chara-tamagoyaki-rinji-5min
https://kyounoko.jp/article/kodomo-cereal-tounyu-pudding-mae-shikomi
https://kyounoko.jp/article/kodomo-cabbage-shabushabu-houchou-fuyou
https://kyounoko.jp/article/kodomo-butter-rice-onigiri-sake-flake
https://kyounoko.jp/article/kodomo-buta-kimchi-kara-nashi-fp1
https://kyounoko.jp/article/kodomo-banana-kinako-yogurt-1sai-asagohan
https://kyounoko.jp/article/kodomo-asa-udon-tamagotoji-rinyuushoku-go
https://kyounoko.jp/article/kanto-doubutsuen-1sai-kara-ranking
https://kyounoko.jp/article/kanto-ajisai-kodzure-spot-10
https://kyounoko.jp/article/junior-seat-2-3sai-hikaku-15
https://kyounoko.jp/article/chichinohi-3sai-dekiru-tedukuri-10
https://kyounoko.jp/article/babygate-kaidan-ranking-7-2026
https://kyounoko.jp/article/akachan-yodare-kabure-care-matome
https://kyounoko.jp/article/3sai-hiragana-yomenai-ouchi-gakushuu
https://kyounoko.jp/article/2sai-kanshaku-koekake-top10
https://kyounoko.jp/article/yayoiken-toribunke-real
https://kyounoko.jp/article/yayoiken-kodzure-koryaku
https://kyounoko.jp/article/shabuyou-kodzure-koryaku
https://kyounoko.jp/article/shabuyou-3sai-free-real
https://kyounoko.jp/article/saizeriya-baby-real-voices
https://kyounoko.jp/article/royal-host-kodzure-koryaku
https://kyounoko.jp/article/royal-host-kinenbi-real
https://kyounoko.jp/article/kura-sushi-bikkurapon-real
https://kyounoko.jp/article/jonathan-morning-real
https://kyounoko.jp/article/jonathan-kodzure-koryaku
https://kyounoko.jp/article/gusto-rinyu-warm-real
https://kyounoko.jp/article/gusto-kodzure-koryaku
https://kyounoko.jp/article/dennys-arerugen-real
https://kyounoko.jp/article/denny-s-kodzure-koryaku
https://kyounoko.jp/article/cocos-kodzure-koryaku
https://kyounoko.jp/article/cocos-birthday-real
https://kyounoko.jp/article/bamiyan-kodzure-koryaku
https://kyounoko.jp/article/bamiyan-china-toribunke-real
https://kyounoko.jp/article/tokyo-terminal-vs-residence-kodzure
https://kyounoko.jp/article/tokyo-station-private-room-ranking
https://kyounoko.jp/article/tokyo-station-kodzure-shop-density-top20-2026
https://kyounoko.jp/article/tokyo-shineibun-kodomo-museum
https://kyounoko.jp/article/tokyo-shimokita-koenji-asagaya-comparison
https://kyounoko.jp/article/tokyo-rainy-strong-station-data
https://kyounoko.jp/article/tokyo-park-ranking-mom50-vote
https://kyounoko.jp/article/tokyo-line-family-friendly-ranking
https://kyounoko.jp/article/tokyo-kodomo-mushiyoke-spot
https://kyounoko.jp/article/tokyo-cheap-lunch-800-station-top
https://kyounoko.jp/article/tokyo-23ku-family-score-ranking-2026
https://kyounoko.jp/article/tokyo-23ku-family-friendly-area-rankings-3
https://kyounoko.jp/article/tokyo-23ku-data-comparison-jiyugaoka-futako
https://kyounoko.jp/article/obake-yashiki-kodzure-tokyo
https://kyounoko.jp/article/natsuyasumi-kakeibo-kodzure-shukatsu
https://kyounoko.jp/article/natsu-yobi-kosodate-grandparent
https://kyounoko.jp/article/mushikago-kodomo-kankatsu
https://kyounoko.jp/article/kuura-bonyu-shokujimae-jiki
https://kyounoko.jp/article/kumon-vs-shichida-vs-monte-comparison
https://kyounoko.jp/article/kosodate-tsukareta-jikan-no-tsukaikata-50
https://kyounoko.jp/article/kodomo-summer-camp-erabikata
https://kyounoko.jp/article/kodomo-okiniiri-spot-mama-50-shounin
https://kyounoko.jp/article/kodomo-okashi-tezukuri-natsu-5
https://kyounoko.jp/article/kodomo-byoki-meneki-real-data-2026
https://kyounoko.jp/article/hoikuen-yochien-erabikata-criteria
https://kyounoko.jp/article/chiiku-subsc-3sha-2026-comparison
https://kyounoko.jp/article/babycar-yarakashi-50-keikenshudan
https://kyounoko.jp/article/babycar-vs-dakkohimo-tsukaiwake-data
https://kyounoko.jp/article/babycar-good-station-top30-tokyo-2026
https://kyounoko.jp/article/tokyo-hanabi-taikai-kodzure-2026
https://kyounoko.jp/article/nettyusho-yobou-0-6sai
https://kyounoko.jp/article/natsu-bento-itamanai-recipe-7
https://kyounoko.jp/article/kodomo-pool-keiken-debut
https://kyounoko.jp/article/kakigori-kodomo-tezukuri-recipe
https://kyounoko.jp/article/tokyo-kawaasobi-spots-10
https://kyounoko.jp/article/obon-kisei-shintetsu-baby
https://kyounoko.jp/article/natsumatsuri-kodzure-koryaku-2026
https://kyounoko.jp/article/kodomo-yukata-kitsuke-jitan
https://kyounoko.jp/article/tsuyu-4-6sai-shitsunai-asobi-10
https://kyounoko.jp/article/tsuyu-0-1sai-sugoshikata
https://kyounoko.jp/article/natsuyasumi-yotei-table-2026
https://kyounoko.jp/article/natsuyasumi-keikaku-2026-kodzure
https://kyounoko.jp/article/natsuyasumi-jiyu-kenkyu-1nichi-10
https://kyounoko.jp/article/mothers-day-tezukuri-kodomo-2026
https://kyounoko.jp/article/kodomo-tsuyu-shokuyoku-fushin-recipe
https://kyounoko.jp/article/kodomo-shigaisen-taisaku-2026
https://kyounoko.jp/article/kodomo-mushiyoke-erabikata-2026
https://kyounoko.jp/article/fathers-day-tezukuri-kodomo-2026
https://kyounoko.jp/article/akachan-asemo-taisaku-2026
https://kyounoko.jp/article/1sai-pool-debut-motimono
https://kyounoko.jp/article/koshitsu-kodzure-lunch
https://kyounoko.jp/article/kodzure-yakiniku-shabu-7
https://kyounoko.jp/article/kodzure-washoku-chain-10
https://kyounoko.jp/article/kodzure-saize-koryaku
https://kyounoko.jp/article/kodzure-morning-cafe-10
https://kyounoko.jp/article/kodzure-fukuro-mall-restaurants
https://kyounoko.jp/article/kodzure-famires-15sen
https://kyounoko.jp/article/kodzure-deli-takeout-10
https://kyounoko.jp/article/kids-space-lunch-10
https://kyounoko.jp/article/bebycar-ok-cafe-15
https://kyounoko.jp/article/storo-nomu-itsukara
https://kyounoko.jp/article/shudan-koudou-nigate-3sai
https://kyounoko.jp/article/otetsudai-itsukara-2sai
https://kyounoko.jp/article/orusu-ban-nansai-kara
https://kyounoko.jp/article/negaeri-shinai-itsumade-matsu
https://kyounoko.jp/article/naraigoto-itsukara-0-6sai
https://kyounoko.jp/article/kyushoku-tabekirenai-katei-taisaku
https://kyounoko.jp/article/kouen-tomodachi-chikadukenai
https://kyounoko.jp/article/kouen-debyu-nankagetsu
https://kyounoko.jp/article/jitensha-hojorin-hazushi-nansai
https://kyounoko.jp/article/hitori-hamigaki-nansai-kara
https://kyounoko.jp/article/hitori-de-neru-nansai-kara
https://kyounoko.jp/article/hasami-tsukaenai-itsukara-renshu
https://kyounoko.jp/article/hai-hai-shinai-tsuri-bai-kara
https://kyounoko.jp/article/guzu-guzu-tomaranai-yochien
https://kyounoko.jp/article/enpitsu-nigirenai-3sai-tesaki
https://kyounoko.jp/article/dakkohimo-itsukara-shinseiji
https://kyounoko.jp/article/babycar-itsukara-tsukau
https://kyounoko.jp/article/2sai-jump-dekinai-shinpai
https://kyounoko.jp/article/1sai-oshaberi-shinai-itsumade
https://kyounoko.jp/article/undoukai-jitan-bento-3sai
https://kyounoko.jp/article/tetsubun-onigiri-2026
https://kyounoko.jp/article/tanabata-kazari-tedukuri-kodomo
https://kyounoko.jp/article/oshogatsu-asobi-kodomo-2026
https://kyounoko.jp/article/oboniito-asobi-kodomo-3sai
https://kyounoko.jp/article/natsu-yasumi-kodomo-asobi-ie-de
https://kyounoko.jp/article/hinamatsuri-gohan-kodomo
https://kyounoko.jp/article/hahanohi-purezento-kodomo-tedukuri
https://kyounoko.jp/article/chichinohi-purezento-kodomo-tedukuri
https://kyounoko.jp/article/aki-iro-asobi-kodomo
https://kyounoko.jp/article/youchien-hoikuen-junbi-rakuten
https://kyounoko.jp/article/shussan-junbi-rakuten-0sai
https://kyounoko.jp/article/rinyuu-youji-shoku-grid-rakuten
https://kyounoko.jp/article/rakuten-marathon-kosodate-10sen
https://kyounoko.jp/article/chiiku-toys-rakuten-1-3sai-ranking
https://kyounoko.jp/article/tokyo-ueno-kodzure-lunch
https://kyounoko.jp/article/tokyo-toshima-ikebukuro-rain
https://kyounoko.jp/article/tokyo-suginami-stroller-lunch
https://kyounoko.jp/article/tokyo-station-kodzure-lunch
https://kyounoko.jp/article/tokyo-shinjuku-kodzure-lunch
https://kyounoko.jp/article/tokyo-shinagawa-ooimachi-weekend
https://kyounoko.jp/article/tokyo-shinagawa-kodzure-lunch
https://kyounoko.jp/article/tokyo-shibuya-kodzure-lunch
https://kyounoko.jp/article/tokyo-setagaya-weekend-family
https://kyounoko.jp/article/tokyo-roppongi-kodzure-lunch
https://kyounoko.jp/article/tokyo-omotesando-kodzure-lunch
https://kyounoko.jp/article/tokyo-nerima-free-park-muryou
https://kyounoko.jp/article/tokyo-nakano-amenohi-kodzure
https://kyounoko.jp/article/tokyo-minato-roppongi-lunch
https://kyounoko.jp/article/tokyo-meguro-weekday-hidden
https://kyounoko.jp/article/tokyo-koto-toyosu-kodzure
https://kyounoko.jp/article/tokyo-kichijoji-kodzure-lunch
https://kyounoko.jp/article/tokyo-ikebukuro-kodzure-lunch
https://kyounoko.jp/article/tokyo-ginza-kodzure-lunch
https://kyounoko.jp/article/tokyo-bunkyo-baby-cafe
https://kyounoko.jp/article/yuuhan-dinner-15pun-10recipes
https://kyounoko.jp/article/yuki-asobi-debut-2sai
https://kyounoko.jp/article/yubi-syabu-yameru-timing-houhou
https://kyounoko.jp/article/yobou-sesshu-schedule-0-6sai
https://kyounoko.jp/article/yasai-tabenai-3sai-taisaku
https://kyounoko.jp/article/vegetarian-meal-kodomo-introduction
https://kyounoko.jp/article/tsukurioki-5pun-recipes-10
https://kyounoko.jp/article/sozai-kodomo-daibutsu-yobou
https://kyounoko.jp/article/shumatsu-ranchi-kodzure
https://kyounoko.jp/article/shokutaku-iyaiya-kodomo-taisaku
https://kyounoko.jp/article/shizen-spot-tokyo-youji
https://kyounoko.jp/article/sakana-kodomo-tabete-kureru
https://kyounoko.jp/article/rinyuushoku-dekinai-kao-awanai-baby
https://kyounoko.jp/article/programming-kodomo-5-7sai
https://kyounoko.jp/article/parkku-pikku-nikku-hitsuyou-mono-list
https://kyounoko.jp/article/oshiri-kodomo-shitsuke-alternatives
https://kyounoko.jp/article/okashi-tezukuri-oyatsu-kodomo
https://kyounoko.jp/article/naraigoto-hajimedoki-kiketsu
https://kyounoko.jp/article/mugi-aleergi-meal-kodomo
https://kyounoko.jp/article/moushobi-suzushii-spots
https://kyounoko.jp/article/mama-tomo-ikanai-taiou
https://kyounoko.jp/article/kurasi-taisaku-kodomo-jidou-jiko
https://kyounoko.jp/article/kouyou-spots-kanto-koduzure
https://kyounoko.jp/article/kotoba-okureru-taiou-2sai
https://kyounoko.jp/article/kosodate-yamanashi-shizen
https://kyounoko.jp/article/kosodate-spots-hokkaido-natsu
https://kyounoko.jp/article/kosodate-spots-fukuoka-kids
https://kyounoko.jp/article/kosodate-muryou-spots-tokyo
https://kyounoko.jp/article/kosodate-muryou-spots-osaka
https://kyounoko.jp/article/kosodate-kanto-shizen-10
https://kyounoko.jp/article/kosodate-amenohi-yokohama
https://kyounoko.jp/article/kosodate-amenohi-nagoya
https://kyounoko.jp/article/kodomo-suki-suki-oya-jiko-kouka
https://kyounoko.jp/article/kodomo-smartphone-ruleset-age-betsu
https://kyounoko.jp/article/kodomo-shindansho-arerugi-taisaku
https://kyounoko.jp/article/kodomo-me-mimi-ishi-sagashikata
https://kyounoko.jp/article/kodomo-hitori-de-taberareru-5
https://kyounoko.jp/article/kodomo-hitori-asobi-anzen-kankyou
https://kyounoko.jp/article/kodomo-hatsunetsu-byouin-iku-me
https://kyounoko.jp/article/kodomo-gerizamu-moudiarrhea-taiou
https://kyounoko.jp/article/kenka-kyoudai-chuusai-houhou
https://kyounoko.jp/article/kankaku-kabin-kodomo-taisaku
https://kyounoko.jp/article/iyaiya-osaete-tsukeru-shitsuke
https://kyounoko.jp/article/iyaiya-ki-taisho-2sai-7kufuu
https://kyounoko.jp/article/hatattsu-mileage-0-6sai-checklist
https://kyounoko.jp/article/gyuuniku-ryouri-kodomo-okiniiri
https://kyounoko.jp/article/gotsugo-hattaku-muchi-kodomo
https://kyounoko.jp/article/eiyou-bento-hoikuen-1week
https://kyounoko.jp/article/eigo-asobi-ie-de-4-6sai
https://kyounoko.jp/article/dessert-kodomo-tezukuri-5
https://kyounoko.jp/article/chiiku-toys-2-3sai-5sen
https://kyounoko.jp/article/chicken-kodomo-10pattern
https://kyounoko.jp/article/asagohan-obento-douji-15pun
https://kyounoko.jp/article/akachan-odekake-3months-1year
https://kyounoko.jp/article/aitei-ashi-shinpai-hayai-osoi
https://kyounoko.jp/article/youtube-kawari-ie-asobi
https://kyounoko.jp/article/youjishoku-kanryouki-1week-rota
https://kyounoko.jp/article/youji-naraigoto-nansai-kara
https://kyounoko.jp/article/youchien-nyuuen-junbi-list
https://kyounoko.jp/article/yonaki-taisaku-0-1sai
https://kyounoko.jp/article/xmas-present-nenrei-0-6
https://kyounoko.jp/article/xmas-market-kodzure
https://kyounoko.jp/article/wanope-yoru-kirinukekata
https://kyounoko.jp/article/undoukai-obento-jitan-recipe
https://kyounoko.jp/article/undoukai-motimono-list
https://kyounoko.jp/article/tsuushin-kyouzai-hikaku
https://kyounoko.jp/article/toire-training-2-3sai
https://kyounoko.jp/article/tanabata-kazari-sakusei
https://kyounoko.jp/article/takushoku-service-hikaku-3sha
https://kyounoko.jp/article/taisou-kyoushitsu-2-5sai
https://kyounoko.jp/article/swimming-nansai-kara
https://kyounoko.jp/article/sukikirai-yasai-taisaku
https://kyounoko.jp/article/soccer-yakyu-3-6sai
https://kyounoko.jp/article/shumatsu-gohan-tsukurioki-nashi
https://kyounoko.jp/article/shumatsu-1nichi-mawashikata
https://kyounoko.jp/article/shichigosan-nenrei-junbi
https://kyounoko.jp/article/seal-book-ranking
https://kyounoko.jp/article/sakura-ohanami-kodzure-spots
https://kyounoko.jp/article/rinyuushoku-frozen-gekkabetsu
https://kyounoko.jp/article/reitougyoza-plus-alpha-3pattern
https://kyounoko.jp/article/reitou-shokuhin-ranking
https://kyounoko.jp/article/puuru-mizuasobi-debut
https://kyounoko.jp/article/piano-narai-before-5things
https://kyounoko.jp/article/oyasumi-ato-oya-jikan
https://kyounoko.jp/article/oshougatsu-kodomo-sugoshikata
https://kyounoko.jp/article/omocha-year-by-age
https://kyounoko.jp/article/ohirune-nansai-made
https://kyounoko.jp/article/ohanami-keikaku-junbi
https://kyounoko.jp/article/obentou-jitan-8patterns
https://kyounoko.jp/article/natsumatsuri-kodzure-koryaku
https://kyounoko.jp/article/naraigoto-yametai-taiou
https://kyounoko.jp/article/monte-asobi-nenrei-betsu
https://kyounoko.jp/article/kyoudai-asobi-nenrei-sa
https://kyounoko.jp/article/kumon-vs-gakken-hikaku
https://kyounoko.jp/article/kousaku-4-6sai-10pattern
https://kyounoko.jp/article/kosodate-subsc-3sha-hikaku
https://kyounoko.jp/article/kodomo-shampoo-hikaku
https://kyounoko.jp/article/kodomo-no-kaze-hatsunetsu-taiou
https://kyounoko.jp/article/ko-ga-nenai-5kufuu
https://kyounoko.jp/article/jitanhaden-ranking-7sen
https://kyounoko.jp/article/iyaiya-shuuchu-asobi
https://kyounoko.jp/article/hoikuen-sougei-jitan
https://kyounoko.jp/article/heijitsu-yoru-30pun-routine
https://kyounoko.jp/article/hatsuzekku-sugoshikata
https://kyounoko.jp/article/halloween-kodzure-events-2026
https://kyounoko.jp/article/halloween-kasou-junbi
https://kyounoko.jp/article/gaisyoku-ko-ga-taberu
https://kyounoko.jp/article/eigo-naraigoto-nansai-kara
https://kyounoko.jp/article/ehon-yomikikase-kotsu
https://kyounoko.jp/article/dakkohimo-ranking-2026
https://kyounoko.jp/article/chiku-naraigoto-kumon-shichida-monte
https://kyounoko.jp/article/chiiku-subsc-hikaku-4sha
https://kyounoko.jp/article/chiiku-asobi-ie-de-10
https://kyounoko.jp/article/babycar-ranking-2026
https://kyounoko.jp/article/babycar-erabikata
https://kyounoko.jp/article/baby-senzai-ranking
https://kyounoko.jp/article/baby-chair-ranking
https://kyounoko.jp/article/asagohan-hoikuen-15pun
https://kyounoko.jp/article/asagohan-5pun-reshipi-20
https://kyounoko.jp/article/asagohan-5pun-pattern-10
https://kyounoko.jp/article/asa-30pun-routine
https://kyounoko.jp/article/amenohi-stroller-spots-tokyo
https://kyounoko.jp/article/amenohi-indoor-spots-tokyo-15
https://kyounoko.jp/article/amenohi-ie-asobi-4-6sai
https://kyounoko.jp/article/amenohi-ie-asobi-2-3sai
https://kyounoko.jp/article/akachan-15pun-asobi
https://kyounoko.jp/article/3sai-shoushoku-taisaku
https://kyounoko.jp/article/19ji-shoutou-routine
https://kyounoko.jp/article/1-2sai-oshaberi-sukunai-asobi
https://kyounoko.jp/article/0-1sai-ie-asobi-10pun
https://kyounoko.jp/article/yojishoku-reitou-tsukurioki
https://kyounoko.jp/article/kodomo-no-hi-kyaraben
https://kyounoko.jp/article/hoikuen-kaeri-15min
https://kyounoko.jp/tag/0-1sai
https://kyounoko.jp/tag/2-3sai
https://kyounoko.jp/tag/4-6sai
https://kyounoko.jp/tag/amenohi
https://kyounoko.jp/tag/moushobi
https://kyounoko.jp/tag/samuibi
https://kyounoko.jp/tag/heijitsu-yoru
https://kyounoko.jp/tag/shumatsu
https://kyounoko.jp/tag/jitan-15pun
https://kyounoko.jp/tag/ie-de
https://kyounoko.jp/tag/odekake
https://kyounoko.jp/tag/muryou
https://kyounoko.jp/tag/bento-jitan
https://kyounoko.jp/tag/asobi-kousaku
https://kyounoko.jp/tag/nene-sleep
https://kyounoko.jp/tag/stroller-dakkohimo
https://kyounoko.jp/tag/naraigoto
https://kyounoko.jp/tag/gyouji-event
https://kyounoko.jp/tag/tokyo
https://kyounoko.jp/tag/osaka
https://kyounoko.jp/station
https://kyounoko.jp/station/tokyo
https://kyounoko.jp/station/akihabara
https://kyounoko.jp/station/kanda
https://kyounoko.jp/station/yurakucho
https://kyounoko.jp/station/iidabashi
https://kyounoko.jp/station/ichigaya
https://kyounoko.jp/station/yotsuya
https://kyounoko.jp/station/ochanomizu
https://kyounoko.jp/station/shin-ochanomizu
https://kyounoko.jp/station/awajicho
https://kyounoko.jp/station/ogawamachi
https://kyounoko.jp/station/iwamotocho
https://kyounoko.jp/station/otemachi
https://kyounoko.jp/station/nijubashimae
https://kyounoko.jp/station/hibiya
https://kyounoko.jp/station/kasumigaseki
https://kyounoko.jp/station/kokkai-gijidomae
https://kyounoko.jp/station/nagatacho
https://kyounoko.jp/station/akasaka-mitsuke
https://kyounoko.jp/station/hanzomon
https://kyounoko.jp/station/kojimachi
https://kyounoko.jp/station/kudanshita
https://kyounoko.jp/station/jimbocho
https://kyounoko.jp/station/takebashi
https://kyounoko.jp/station/suidobashi
https://kyounoko.jp/station/ginza
https://kyounoko.jp/station/ginza-itchome
https://kyounoko.jp/station/higashi-ginza
https://kyounoko.jp/station/nihombashi
https://kyounoko.jp/station/mitsukoshimae
https://kyounoko.jp/station/shintomicho
https://kyounoko.jp/station/tsukiji
https://kyounoko.jp/station/tsukijishijo
https://kyounoko.jp/station/tsukishima
https://kyounoko.jp/station/kachidoki
https://kyounoko.jp/station/kayabacho
https://kyounoko.jp/station/hatchobori
https://kyounoko.jp/station/suitengumae
https://kyounoko.jp/station/ningyocho
https://kyounoko.jp/station/kodemmacho
https://kyounoko.jp/station/bakuroyokoyama
https://kyounoko.jp/station/bakurocho
https://kyounoko.jp/station/higashi-nihombashi
https://kyounoko.jp/station/hamacho
https://kyounoko.jp/station/shinagawa
https://kyounoko.jp/station/shimbashi
https://kyounoko.jp/station/tamachi
https://kyounoko.jp/station/mita
https://kyounoko.jp/station/hamamatsucho
https://kyounoko.jp/station/daimon
https://kyounoko.jp/station/shibakoen
https://kyounoko.jp/station/onarimon
https://kyounoko.jp/station/akabanebashi
https://kyounoko.jp/station/roppongi
https://kyounoko.jp/station/roppongi-itchome
https://kyounoko.jp/station/azabu-juban
https://kyounoko.jp/station/hiroo
https://kyounoko.jp/station/akasaka
https://kyounoko.jp/station/aoyama-itchome
https://kyounoko.jp/station/gaiemmae
https://kyounoko.jp/station/omotesando
https://kyounoko.jp/station/nogizaka
https://kyounoko.jp/station/shirokanedai
https://kyounoko.jp/station/shirokane-takanawa
https://kyounoko.jp/station/takanawadai
https://kyounoko.jp/station/takanawa-gateway
https://kyounoko.jp/station/sengakuji
https://kyounoko.jp/station/shibaura-futo
https://kyounoko.jp/station/odaiba-kaihinkoen
https://kyounoko.jp/station/daiba
https://kyounoko.jp/station/tameike-sanno
https://kyounoko.jp/station/toranomon
https://kyounoko.jp/station/toranomon-hills
https://kyounoko.jp/station/kamiyacho
https://kyounoko.jp/station/hinode
https://kyounoko.jp/station/takeshiba
https://kyounoko.jp/station/shinjuku
https://kyounoko.jp/station/shinjuku-sanchome
https://kyounoko.jp/station/shinjuku-nishiguchi
https://kyounoko.jp/station/nishi-shinjuku
https://kyounoko.jp/station/nishi-shinjuku-gochome
https://kyounoko.jp/station/tochomae
https://kyounoko.jp/station/minami-shinjuku
https://kyounoko.jp/station/shinjuku-gyoemmae
https://kyounoko.jp/station/yotsuya-sanchome
https://kyounoko.jp/station/akebonobashi
https://kyounoko.jp/station/wakamatsu-kawada
https://kyounoko.jp/station/ushigome-yanagicho
https://kyounoko.jp/station/ushigome-kagurazaka
https://kyounoko.jp/station/kagurazaka
https://kyounoko.jp/station/higashi-shinjuku
https://kyounoko.jp/station/shin-okubo
https://kyounoko.jp/station/okubo
https://kyounoko.jp/station/takadanobaba
https://kyounoko.jp/station/shimo-ochiai
https://kyounoko.jp/station/nakai
https://kyounoko.jp/station/ochiai
https://kyounoko.jp/station/ochiai-minami-nagasaki
https://kyounoko.jp/station/waseda
https://kyounoko.jp/station/nishi-waseda
https://kyounoko.jp/station/shinanomachi
https://kyounoko.jp/station/sendagaya
https://kyounoko.jp/station/kokuritsu-kyogijo
https://kyounoko.jp/station/seibi-shinjuku
https://kyounoko.jp/station/kasuga
https://kyounoko.jp/station/korakuen
https://kyounoko.jp/station/hongo-sanchome
https://kyounoko.jp/station/yushima
https://kyounoko.jp/station/nezu
https://kyounoko.jp/station/sendagi
https://kyounoko.jp/station/hakusan
https://kyounoko.jp/station/sengoku
https://kyounoko.jp/station/myogadani
https://kyounoko.jp/station/edogawabashi
https://kyounoko.jp/station/gokokuji
https://kyounoko.jp/station/shin-otsuka
https://kyounoko.jp/station/todaimae
https://kyounoko.jp/station/hon-komagome
https://kyounoko.jp/station/ueno
https://kyounoko.jp/station/okachimachi
https://kyounoko.jp/station/ueno-hirokoji
https://kyounoko.jp/station/naka-okachimachi
https://kyounoko.jp/station/ueno-okachimachi
https://kyounoko.jp/station/shin-okachimachi
https://kyounoko.jp/station/inaricho
https://kyounoko.jp/station/tawaramachi
https://kyounoko.jp/station/asakusa
https://kyounoko.jp/station/kuramae
https://kyounoko.jp/station/asakusabashi
https://kyounoko.jp/station/iriya
https://kyounoko.jp/station/minowa
https://kyounoko.jp/station/uguisudani
https://kyounoko.jp/station/keisei-ueno
https://kyounoko.jp/station/kinshicho
https://kyounoko.jp/station/ryogoku
https://kyounoko.jp/station/oshiage
https://kyounoko.jp/station/tokyo-skytree
https://kyounoko.jp/station/honjo-azumabashi
https://kyounoko.jp/station/kikukawa
https://kyounoko.jp/station/higashi-azuma
https://kyounoko.jp/station/hikifune
https://kyounoko.jp/station/keisei-hikifune
https://kyounoko.jp/station/yahiro
https://kyounoko.jp/station/higashi-mukojima
https://kyounoko.jp/station/kanegafuchi
https://kyounoko.jp/station/omurai
https://kyounoko.jp/station/monzen-nakacho
https://kyounoko.jp/station/kiba
https://kyounoko.jp/station/toyocho
https://kyounoko.jp/station/minami-sunamachi
https://kyounoko.jp/station/kameido
https://kyounoko.jp/station/kameido-suijin
https://kyounoko.jp/station/morishita
https://kyounoko.jp/station/kiyosumi-shirakawa
https://kyounoko.jp/station/shinonome
https://kyounoko.jp/station/sumiyoshi
https://kyounoko.jp/station/nishi-ojima
https://kyounoko.jp/station/ojima
https://kyounoko.jp/station/higashi-ojima
https://kyounoko.jp/station/shiomi
https://kyounoko.jp/station/shin-kiba
https://kyounoko.jp/station/toyosu
https://kyounoko.jp/station/tatsumi
https://kyounoko.jp/station/shijomae
https://kyounoko.jp/station/shin-toyosu
https://kyounoko.jp/station/ariake
https://kyounoko.jp/station/ariake-tennis-no-mori
https://kyounoko.jp/station/kokusai-tenjijo
https://kyounoko.jp/station/tokyo-big-sight
https://kyounoko.jp/station/aomi
https://kyounoko.jp/station/telecom-center
https://kyounoko.jp/station/tokyo-teleport
https://kyounoko.jp/station/fune-no-kagakukan
https://kyounoko.jp/station/tokyo-international-cruise
https://kyounoko.jp/station/etchujima
https://kyounoko.jp/station/osaki
https://kyounoko.jp/station/gotanda
https://kyounoko.jp/station/meguro
https://kyounoko.jp/station/shinagawa-seaside
https://kyounoko.jp/station/tennozu-isle
https://kyounoko.jp/station/oimachi
https://kyounoko.jp/station/shimo-shimmei
https://kyounoko.jp/station/togoshi-koen
https://kyounoko.jp/station/togoshi
https://kyounoko.jp/station/togoshi-ginza
https://kyounoko.jp/station/nakanobu
https://kyounoko.jp/station/ebara-machi
https://kyounoko.jp/station/hatanodai
https://kyounoko.jp/station/kita-shinagawa
https://kyounoko.jp/station/shimbamba
https://kyounoko.jp/station/aomono-yokocho
https://kyounoko.jp/station/samezu
https://kyounoko.jp/station/tachiaigawa
https://kyounoko.jp/station/omori-kaigan
https://kyounoko.jp/station/ebara-nakanobu
https://kyounoko.jp/station/fudomae
https://kyounoko.jp/station/musashi-koyama
https://kyounoko.jp/station/oi-keibajo-mae
https://kyounoko.jp/station/naka-meguro
https://kyounoko.jp/station/yutenji
https://kyounoko.jp/station/gakugei-daigaku
https://kyounoko.jp/station/toritsu-daigaku
https://kyounoko.jp/station/jiyugaoka
https://kyounoko.jp/station/midorigaoka
https://kyounoko.jp/station/ookayama
https://kyounoko.jp/station/senzoku
https://kyounoko.jp/station/nishi-koyama
https://kyounoko.jp/station/komaba-todaimae
https://kyounoko.jp/station/omori
https://kyounoko.jp/station/kamata
https://kyounoko.jp/station/keikyu-kamata
https://kyounoko.jp/station/umeyashiki
https://kyounoko.jp/station/omori-machi
https://kyounoko.jp/station/heiwajima
https://kyounoko.jp/station/rokugo-dote
https://kyounoko.jp/station/zoshiki
https://kyounoko.jp/station/kojiya
https://kyounoko.jp/station/otorii
https://kyounoko.jp/station/anamori-inari
https://kyounoko.jp/station/tenkubashi
https://kyounoko.jp/station/haneda-airport-t1
https://kyounoko.jp/station/haneda-airport-t2
https://kyounoko.jp/station/haneda-airport-t3
https://kyounoko.jp/station/shin-seibijo
https://kyounoko.jp/station/seibijo
https://kyounoko.jp/station/showajima
https://kyounoko.jp/station/ryutsu-center
https://kyounoko.jp/station/ikegami
https://kyounoko.jp/station/hasunuma
https://kyounoko.jp/station/chidoricho
https://kyounoko.jp/station/ontakesan
https://kyounoko.jp/station/kugahara
https://kyounoko.jp/station/ishikawadai
https://kyounoko.jp/station/yukigaya-otsuka
https://kyounoko.jp/station/denenchofu
https://kyounoko.jp/station/tamagawa
https://kyounoko.jp/station/numabe
https://kyounoko.jp/station/unoki
https://kyounoko.jp/station/shimo-maruko
https://kyounoko.jp/station/musashi-nitta
https://kyounoko.jp/station/yaguchi-no-watashi
https://kyounoko.jp/station/nishi-magome
https://kyounoko.jp/station/magome
https://kyounoko.jp/station/oimachi-line-okusawa
https://kyounoko.jp/station/shimokitazawa
https://kyounoko.jp/station/higashi-kitazawa
https://kyounoko.jp/station/setagaya-daita
https://kyounoko.jp/station/umegaoka
https://kyounoko.jp/station/gotokuji
https://kyounoko.jp/station/kyodo
https://kyounoko.jp/station/chitose-funabashi
https://kyounoko.jp/station/soshigaya-okura
https://kyounoko.jp/station/seijogakuen-mae
https://kyounoko.jp/station/kitami
https://kyounoko.jp/station/sangenjaya
https://kyounoko.jp/station/komazawa-daigaku
https://kyounoko.jp/station/sakura-shimmachi
https://kyounoko.jp/station/yoga
https://kyounoko.jp/station/futako-tamagawa
https://kyounoko.jp/station/kaminoge
https://kyounoko.jp/station/todoroki
https://kyounoko.jp/station/oyamadai
https://kyounoko.jp/station/kuhonbutsu
https://kyounoko.jp/station/nishi-taishido
https://kyounoko.jp/station/wakabayashi
https://kyounoko.jp/station/shoin-jinjamae
https://kyounoko.jp/station/setagaya
https://kyounoko.jp/station/kamimachi
https://kyounoko.jp/station/miyanosaka
https://kyounoko.jp/station/yamashita
https://kyounoko.jp/station/matsubara
https://kyounoko.jp/station/shimo-takaido
https://kyounoko.jp/station/sakurajosui
https://kyounoko.jp/station/kami-kitazawa
https://kyounoko.jp/station/hachimanyama
https://kyounoko.jp/station/roka-koen
https://kyounoko.jp/station/chitose-karasuyama
https://kyounoko.jp/station/shindaita
https://kyounoko.jp/station/higashi-matsubara
https://kyounoko.jp/station/meidaimae
https://kyounoko.jp/station/ikenoue
https://kyounoko.jp/station/shibuya
https://kyounoko.jp/station/harajuku
https://kyounoko.jp/station/meiji-jingumae
https://kyounoko.jp/station/yoyogi
https://kyounoko.jp/station/yoyogi-koen
https://kyounoko.jp/station/yoyogi-uehara
https://kyounoko.jp/station/yoyogi-hachiman
https://kyounoko.jp/station/sangubashi
https://kyounoko.jp/station/hatsudai
https://kyounoko.jp/station/hatagaya
https://kyounoko.jp/station/sasazuka
https://kyounoko.jp/station/shinsen
https://kyounoko.jp/station/ebisu
https://kyounoko.jp/station/daikanyama
https://kyounoko.jp/station/kita-sando
https://kyounoko.jp/station/nakano
https://kyounoko.jp/station/higashi-nakano
https://kyounoko.jp/station/nakano-fujimicho
https://kyounoko.jp/station/nakano-shimbashi
https://kyounoko.jp/station/nakano-sakaue
https://kyounoko.jp/station/shin-nakano
https://kyounoko.jp/station/honancho
https://kyounoko.jp/station/numabukuro
https://kyounoko.jp/station/arai-yakushimae
https://kyounoko.jp/station/saginomiya
https://kyounoko.jp/station/nogata
https://kyounoko.jp/station/toritsu-kasei
https://kyounoko.jp/station/shin-egota
https://kyounoko.jp/station/koenji
https://kyounoko.jp/station/asagaya
https://kyounoko.jp/station/ogikubo
https://kyounoko.jp/station/nishi-ogikubo
https://kyounoko.jp/station/minami-asagaya
https://kyounoko.jp/station/shin-koenji
https://kyounoko.jp/station/higashi-koenji
https://kyounoko.jp/station/iogi
https://kyounoko.jp/station/kami-igusa
https://kyounoko.jp/station/shimo-igusa
https://kyounoko.jp/station/eifukucho
https://kyounoko.jp/station/nishi-eifuku
https://kyounoko.jp/station/hamadayama
https://kyounoko.jp/station/takaido
https://kyounoko.jp/station/fujimigaoka
https://kyounoko.jp/station/kugayama
https://kyounoko.jp/station/ikebukuro
https://kyounoko.jp/station/mejiro
https://kyounoko.jp/station/otsuka
https://kyounoko.jp/station/sugamo
https://kyounoko.jp/station/komagome
https://kyounoko.jp/station/higashi-ikebukuro
https://kyounoko.jp/station/kanamecho
https://kyounoko.jp/station/senkawa
https://kyounoko.jp/station/kita-ikebukuro
https://kyounoko.jp/station/shimo-itabashi
https://kyounoko.jp/station/shiinamachi
https://kyounoko.jp/station/higashi-nagasaki
https://kyounoko.jp/station/zoshigaya
https://kyounoko.jp/station/mukohara
https://kyounoko.jp/station/kishibojinmae
https://kyounoko.jp/station/gakushuin-shita
https://kyounoko.jp/station/omokagebashi
https://kyounoko.jp/station/waseda-toden
https://kyounoko.jp/station/higashi-ikebukuro-yonchome
https://kyounoko.jp/station/koshinzuka
https://kyounoko.jp/station/shin-koshinzuka
https://kyounoko.jp/station/sakaecho
https://kyounoko.jp/station/akabane
https://kyounoko.jp/station/higashi-jujo
https://kyounoko.jp/station/oji
https://kyounoko.jp/station/kami-nakazato
https://kyounoko.jp/station/jujo
https://kyounoko.jp/station/kita-akabane
https://kyounoko.jp/station/akabane-iwabuchi
https://kyounoko.jp/station/shimo
https://kyounoko.jp/station/oji-kamiya
https://kyounoko.jp/station/nishigahara
https://kyounoko.jp/station/tabata
https://kyounoko.jp/station/kajiwara
https://kyounoko.jp/station/nippori
https://kyounoko.jp/station/nishi-nippori
https://kyounoko.jp/station/mikawashima
https://kyounoko.jp/station/minami-senju
https://kyounoko.jp/station/minowabashi
https://kyounoko.jp/station/machiya
https://kyounoko.jp/station/machiya-ekimae
https://kyounoko.jp/station/arakawa-kuyakushomae
https://kyounoko.jp/station/arakawa-nichome
https://kyounoko.jp/station/arakawa-shakomae
https://kyounoko.jp/station/arakawa-yuenchi-mae
https://kyounoko.jp/station/arakawa-itchumae
https://kyounoko.jp/station/higashi-ogu-sanchome
https://kyounoko.jp/station/kumano-mae
https://kyounoko.jp/station/akado-shogakko-mae
https://kyounoko.jp/station/odai
https://kyounoko.jp/station/itabashi
https://kyounoko.jp/station/itabashi-kuyakushomae
https://kyounoko.jp/station/itabashi-honcho
https://kyounoko.jp/station/motohasunuma
https://kyounoko.jp/station/shimura-sakaue
https://kyounoko.jp/station/shimura-sanchome
https://kyounoko.jp/station/hasune
https://kyounoko.jp/station/nishidai
https://kyounoko.jp/station/takashimadaira
https://kyounoko.jp/station/shin-takashimadaira
https://kyounoko.jp/station/nishi-takashimadaira
https://kyounoko.jp/station/naka-itabashi
https://kyounoko.jp/station/tokiwadai
https://kyounoko.jp/station/kami-itabashi
https://kyounoko.jp/station/tobu-nerima
https://kyounoko.jp/station/shimo-akatsuka
https://kyounoko.jp/station/narimasu
https://kyounoko.jp/station/chikatetsu-narimasu
https://kyounoko.jp/station/chikatetsu-akatsuka
https://kyounoko.jp/station/shin-itabashi
https://kyounoko.jp/station/nerima
https://kyounoko.jp/station/toshimaen
https://kyounoko.jp/station/nerima-kasugacho
https://kyounoko.jp/station/hikarigaoka
https://kyounoko.jp/station/shakujii-koen
https://kyounoko.jp/station/oizumi-gakuen
https://kyounoko.jp/station/sakuradai
https://kyounoko.jp/station/ekoda
https://kyounoko.jp/station/fujimidai
https://kyounoko.jp/station/nerima-takanodai
https://kyounoko.jp/station/kami-shakujii
https://kyounoko.jp/station/musashi-seki
https://kyounoko.jp/station/nakamurabashi
https://kyounoko.jp/station/kita-senju
https://kyounoko.jp/station/ayase
https://kyounoko.jp/station/kita-ayase
https://kyounoko.jp/station/gotanno
https://kyounoko.jp/station/umejima
https://kyounoko.jp/station/nishiarai
https://kyounoko.jp/station/daishimae
https://kyounoko.jp/station/takenotsuka
https://kyounoko.jp/station/kosuge
https://kyounoko.jp/station/horikiri
https://kyounoko.jp/station/toneri
https://kyounoko.jp/station/toneri-koen
https://kyounoko.jp/station/minumadai-shinsuikoen
https://kyounoko.jp/station/yazaike
https://kyounoko.jp/station/kohoku
https://kyounoko.jp/station/nishiarai-daishi-nishi
https://kyounoko.jp/station/adachi-odai
https://kyounoko.jp/station/oji-shinden
https://kyounoko.jp/station/ushida
https://kyounoko.jp/station/keisei-sekiya
https://kyounoko.jp/station/horikiri-keisei
https://kyounoko.jp/station/kameari
https://kyounoko.jp/station/kanamachi
https://kyounoko.jp/station/keisei-kanamachi
https://kyounoko.jp/station/shibamata
https://kyounoko.jp/station/keisei-takasago
https://kyounoko.jp/station/aoto
https://kyounoko.jp/station/keisei-tateishi
https://kyounoko.jp/station/yotsugi
https://kyounoko.jp/station/ohanajaya
https://kyounoko.jp/station/shin-koiwa
https://kyounoko.jp/station/koiwa
https://kyounoko.jp/station/keisei-koiwa
https://kyounoko.jp/station/edogawa
https://kyounoko.jp/station/shinozaki
https://kyounoko.jp/station/mizue
https://kyounoko.jp/station/ichinoe
https://kyounoko.jp/station/funabori
https://kyounoko.jp/station/kasai
https://kyounoko.jp/station/nishi-kasai
https://kyounoko.jp/station/kasai-rinkai-koen
https://kyounoko.jp/station/oji-ekimae
https://kyounoko.jp/station/asukayama
https://kyounoko.jp/station/takinogawa-itchome
https://kyounoko.jp/station/nishigahara-yonchome
https://kyounoko.jp/station/sugamo-shinden
https://kyounoko.jp/station/otsuka-ekimae
https://kyounoko.jp/station/nishi-sugamo
https://kyounoko.jp/station/kotake-mukaihara
https://kyounoko.jp/station/shin-sakuradai
https://kyounoko.jp/station/osaki-hirokoji
https://kyounoko.jp/station/aoi
https://kyounoko.jp/station/rokucho
https://kyounoko.jp/station/senju-ohashi
https://kyounoko.jp/station/shin-mikawashima
https://kyounoko.jp/station/daitabashi
https://kyounoko.jp/station/shinsen-shinjuku
https://kyounoko.jp/station/oyama
https://kyounoko.jp/station/hikawadai
https://kyounoko.jp/station/heiwadai
https://kyounoko.jp/station/sakuradamon
https://kyounoko.jp/station/kita-senzoku
https://kyounoko.jp/station/ikejiri-ohashi
https://kyounoko.jp/station/nagahara
https://kyounoko.jp/station/senzoku-ike
https://kyounoko.jp/station/takaracho
https://kyounoko.jp/station/uchi-saiwaicho
https://kyounoko.jp/station/shiodome
https://kyounoko.jp/station/takanosuke
https://kyounoko.jp/station/arakawa-nanachome
https://kyounoko.jp/station/machiya-nichome
https://kyounoko.jp/station/miyanomae
https://kyounoko.jp/station/toden-zoshigaya
https://kyounoko.jp/station/shin-nihombashi
https://kyounoko.jp/station/oku
https://kyounoko.jp/station/shin-shibamata
https://kyounoko.jp/station/osaka-umeda
https://kyounoko.jp/station/osaka-namba
https://kyounoko.jp/station/osaka-tennoji
https://kyounoko.jp/station/osaka-shinsaibashi
https://kyounoko.jp/station/osaka-honmachi
https://kyounoko.jp/station/osaka-kyobashi
https://kyounoko.jp/station/osaka-fukushima
https://kyounoko.jp/station/osaka-nakazakicho
https://kyounoko.jp/station/kyoto-station
https://kyounoko.jp/station/kyoto-kawaramachi
https://kyounoko.jp/station/kyoto-shijo
https://kyounoko.jp/station/kyoto-arashiyama
https://kyounoko.jp/station/kyoto-kitaoji
https://kyounoko.jp/station/kobe-sannomiya
https://kyounoko.jp/station/kobe-motomachi
https://kyounoko.jp/station/kobe-harborland
https://kyounoko.jp/station/kobe-rokko
https://kyounoko.jp/station/kobe-okamoto
https://kyounoko.jp/station/yokohama
https://kyounoko.jp/station/minato-mirai
https://kyounoko.jp/station/sakuragicho
https://kyounoko.jp/station/kannai
https://kyounoko.jp/station/motomachi-chukagai
https://kyounoko.jp/station/shin-yokohama
https://kyounoko.jp/station/hiyoshi
https://kyounoko.jp/station/tsunashima
https://kyounoko.jp/station/kikuna
https://kyounoko.jp/station/ofuna
https://kyounoko.jp/station/center-kita
https://kyounoko.jp/station/center-minami
https://kyounoko.jp/station/azamino
https://kyounoko.jp/station/tama-plaza
https://kyounoko.jp/station/saginuma
https://kyounoko.jp/station/mizonokuchi
https://kyounoko.jp/station/futako-shinchi
https://kyounoko.jp/station/kawasaki
https://kyounoko.jp/station/musashi-kosugi
https://kyounoko.jp/station/noborito
https://kyounoko.jp/station/shin-yurigaoka
https://kyounoko.jp/station/fujisawa
https://kyounoko.jp/station/kamakura
https://kyounoko.jp/station/chigasaki
https://kyounoko.jp/station/hiratsuka
https://kyounoko.jp/station/shonan-daira
https://kyounoko.jp/station/odawara
https://kyounoko.jp/station/ebina
https://kyounoko.jp/station/hon-atsugi
https://kyounoko.jp/station/sagami-ono
https://kyounoko.jp/station/omiya
https://kyounoko.jp/station/urawa
https://kyounoko.jp/station/kawaguchi
https://kyounoko.jp/station/nishi-kawaguchi
https://kyounoko.jp/station/soka
https://kyounoko.jp/station/kawagoe
https://kyounoko.jp/station/tokorozawa
https://kyounoko.jp/station/kasukabe
https://kyounoko.jp/station/koshigaya
https://kyounoko.jp/station/koshigaya-laketown
https://kyounoko.jp/station/musashi-urawa
https://kyounoko.jp/station/kita-urawa
https://kyounoko.jp/station/asaka
https://kyounoko.jp/station/wako-shi
https://kyounoko.jp/station/shiki
https://kyounoko.jp/station/chiba
https://kyounoko.jp/station/funabashi
https://kyounoko.jp/station/kashiwa
https://kyounoko.jp/station/matsudo
https://kyounoko.jp/station/tsudanuma
https://kyounoko.jp/station/ichikawa
https://kyounoko.jp/station/urayasu
https://kyounoko.jp/station/maihama
https://kyounoko.jp/station/minami-funabashi
https://kyounoko.jp/station/kaihimmakuhari
https://kyounoko.jp/station/nishi-funabashi
https://kyounoko.jp/station/nagareyama-otakanomori
https://kyounoko.jp/station/kashiwa-no-ha-campus
https://kyounoko.jp/station/inage
https://kyounoko.jp/station/abiko
https://kyounoko.jp/station/line
https://kyounoko.jp/station/line/yamanote
https://kyounoko.jp/station/line/keihin-tohoku
https://kyounoko.jp/station/line/chuo-rapid
https://kyounoko.jp/station/line/sobu
https://kyounoko.jp/station/line/saikyo
https://kyounoko.jp/station/line/keiyo
https://kyounoko.jp/station/line/joban
https://kyounoko.jp/station/line/ginza
https://kyounoko.jp/station/line/marunouchi
https://kyounoko.jp/station/line/hibiya
https://kyounoko.jp/station/line/tozai
https://kyounoko.jp/station/line/chiyoda
https://kyounoko.jp/station/line/yurakucho
https://kyounoko.jp/station/line/hanzomon
https://kyounoko.jp/station/line/namboku
https://kyounoko.jp/station/line/fukutoshin
https://kyounoko.jp/station/line/asakusa
https://kyounoko.jp/station/line/mita
https://kyounoko.jp/station/line/shinjuku-line
https://kyounoko.jp/station/line/oedo
https://kyounoko.jp/station/line/tokyu-toyoko
https://kyounoko.jp/station/line/tokyu-den-en-toshi
https://kyounoko.jp/station/line/tokyu-meguro
https://kyounoko.jp/station/line/tokyu-oimachi
https://kyounoko.jp/station/line/tokyu-ikegami
https://kyounoko.jp/station/line/odakyu
https://kyounoko.jp/station/line/keio
https://kyounoko.jp/station/line/keio-inokashira
https://kyounoko.jp/station/line/seibu-shinjuku
https://kyounoko.jp/station/line/seibu-ikebukuro
https://kyounoko.jp/station/line/tobu-skytree
https://kyounoko.jp/station/line/tobu-tojo
https://kyounoko.jp/station/line/keisei
https://kyounoko.jp/station/line/keikyu
https://kyounoko.jp/station/line/yurikamome
https://kyounoko.jp/station/line/rinkai
https://kyounoko.jp/station/line/monorail
https://kyounoko.jp/station/line/tsukuba-express
https://kyounoko.jp/station/line/nippori-toneri
https://kyounoko.jp/station/line/arakawa
https://kyounoko.jp/data
https://kyounoko.jp/data/restaurants
https://kyounoko.jp/data/wards
https://kyounoko.jp/spot/-jxpu
https://kyounoko.jp/spot/-9jfd
https://kyounoko.jp/spot/-g3qb
https://kyounoko.jp/spot/-ecz0
https://kyounoko.jp/spot/-cwkr
https://kyounoko.jp/spot/-o4ws
https://kyounoko.jp/spot/ZOOMO-8ry2
https://kyounoko.jp/spot/-k352
https://kyounoko.jp/spot/-47ns
https://kyounoko.jp/spot/-6abk
https://kyounoko.jp/spot/-4xd2
https://kyounoko.jp/spot/-qim4
https://kyounoko.jp/spot/-opge
https://kyounoko.jp/spot/GAO-owbc
https://kyounoko.jp/spot/-65lh
https://kyounoko.jp/spot/-ouas
https://kyounoko.jp/spot/-v5de
https://kyounoko.jp/spot/-fkqw
https://kyounoko.jp/spot/-qgf2
https://kyounoko.jp/spot/-tbkb
https://kyounoko.jp/spot/-kses
https://kyounoko.jp/spot/-v93h
https://kyounoko.jp/spot/-vinb
https://kyounoko.jp/spot/-kfbn
https://kyounoko.jp/spot/NACK5-uby5
https://kyounoko.jp/spot/-mgtu
https://kyounoko.jp/spot/-kbr7
https://kyounoko.jp/spot/-4oa1
https://kyounoko.jp/spot/-sv6y
https://kyounoko.jp/spot/-vzw5
https://kyounoko.jp/spot/-812n
https://kyounoko.jp/spot/-bv97
https://kyounoko.jp/spot/-1e1o
https://kyounoko.jp/spot/-nnnr
https://kyounoko.jp/spot/-e5gd
https://kyounoko.jp/spot/-sk26
https://kyounoko.jp/spot/-17hj
https://kyounoko.jp/spot/-2r1b
https://kyounoko.jp/spot/-8263
https://kyounoko.jp/spot/-dojn
https://kyounoko.jp/spot/-7bh1
https://kyounoko.jp/spot/-ypt6
https://kyounoko.jp/spot/-qe5h
https://kyounoko.jp/spot/-v0qd
https://kyounoko.jp/spot/-xuw1
https://kyounoko.jp/spot/-phb0
https://kyounoko.jp/spot/-ysyk
https://kyounoko.jp/spot/-cyxc
https://kyounoko.jp/spot/-0i2w
https://kyounoko.jp/spot/-xb3c
https://kyounoko.jp/spot/-2h6l
https://kyounoko.jp/spot/-4lrp
https://kyounoko.jp/spot/S-C-mchr
https://kyounoko.jp/spot/-4fto
https://kyounoko.jp/spot/-iw08
https://kyounoko.jp/spot/-r3xz
https://kyounoko.jp/spot/GINZA-SIX-jkf0
https://kyounoko.jp/spot/-k8xz
https://kyounoko.jp/spot/KITTE-mqag
https://kyounoko.jp/spot/-7573
https://kyounoko.jp/spot/-o76e
https://kyounoko.jp/spot/-cy8p
https://kyounoko.jp/spot/-ikia
https://kyounoko.jp/spot/-5rxm
https://kyounoko.jp/spot/-dcg2
https://kyounoko.jp/spot/-rlvl
https://kyounoko.jp/spot/ASOBono!-a463
https://kyounoko.jp/spot/-gnt3
https://kyounoko.jp/spot/-pauu
https://kyounoko.jp/spot/-96gw
https://kyounoko.jp/spot/-n26s
https://kyounoko.jp/spot/-diob
https://kyounoko.jp/spot/TOKYO-xq8o
https://kyounoko.jp/spot/-ufp8
https://kyounoko.jp/spot/-ib4p
https://kyounoko.jp/spot/-fzk8
https://kyounoko.jp/spot/AkeruE-6dkq
https://kyounoko.jp/spot/-5dg2
https://kyounoko.jp/spot/-w6hr
https://kyounoko.jp/spot/-5gmr
https://kyounoko.jp/spot/-2wza
https://kyounoko.jp/spot/NHK-f8vx
https://kyounoko.jp/spot/-152r
https://kyounoko.jp/spot/-qjev
https://kyounoko.jp/spot/-lrwk
https://kyounoko.jp/spot/-kwlo
https://kyounoko.jp/spot/JAL-SKY-MUSEUM-ovgj
https://kyounoko.jp/spot/ANA-qpn5
https://kyounoko.jp/spot/-wuua
https://kyounoko.jp/spot/-rl1c
https://kyounoko.jp/spot/-pb7s
https://kyounoko.jp/spot/-scx8
https://kyounoko.jp/spot/-l2px
https://kyounoko.jp/spot/-9fgj
https://kyounoko.jp/spot/-6v9p
https://kyounoko.jp/spot/-imps
https://kyounoko.jp/spot/-p5xx
https://kyounoko.jp/spot/-8e8q
https://kyounoko.jp/spot/-7dim
https://kyounoko.jp/spot/-phow
https://kyounoko.jp/spot/-j37e
https://kyounoko.jp/spot/-8qfa
https://kyounoko.jp/spot/-mma1
https://kyounoko.jp/spot/-zsp0
https://kyounoko.jp/spot/-pbaf
https://kyounoko.jp/spot/-dogk
https://kyounoko.jp/spot/-25jw
https://kyounoko.jp/spot/-at0y
https://kyounoko.jp/spot/-5cv5
https://kyounoko.jp/spot/-6s3p
https://kyounoko.jp/spot/-63ut
https://kyounoko.jp/spot/-his7
https://kyounoko.jp/spot/-8bbk
https://kyounoko.jp/spot/-4ulo
https://kyounoko.jp/spot/-xur8
https://kyounoko.jp/spot/-or13
https://kyounoko.jp/spot/-2f47
https://kyounoko.jp/spot/TOKYO-DMM-x9xg
https://kyounoko.jp/spot/-4a6c
https://kyounoko.jp/spot/-ttap
https://kyounoko.jp/spot/-jlzu
https://kyounoko.jp/spot/-3pd4
https://kyounoko.jp/spot/-o7q3
https://kyounoko.jp/spot/-5u8i
https://kyounoko.jp/spot/-p2pj
https://kyounoko.jp/spot/-ij98
https://kyounoko.jp/spot/-zisq
https://kyounoko.jp/spot/-huf2
https://kyounoko.jp/spot/-r8ls
https://kyounoko.jp/spot/-mmzy
https://kyounoko.jp/spot/-r3xk
https://kyounoko.jp/spot/-m11d
https://kyounoko.jp/spot/-j7ru
https://kyounoko.jp/spot/-3aud
https://kyounoko.jp/spot/-cxm1
https://kyounoko.jp/spot/-upgm
https://kyounoko.jp/spot/-kb9h
https://kyounoko.jp/spot/-pdoz
https://kyounoko.jp/spot/-c8bk
https://kyounoko.jp/spot/-ogb7
https://kyounoko.jp/spot/-kmjw
https://kyounoko.jp/spot/-fpyu
https://kyounoko.jp/spot/-i5cr
https://kyounoko.jp/spot/-irhu
https://kyounoko.jp/spot/-sjno
https://kyounoko.jp/spot/-kdza
https://kyounoko.jp/spot/-0oi2
https://kyounoko.jp/spot/-arrb
https://kyounoko.jp/spot/-9unv
https://kyounoko.jp/spot/-6iam
https://kyounoko.jp/spot/-4f5k
https://kyounoko.jp/spot/-x31f
https://kyounoko.jp/spot/-6l5e
https://kyounoko.jp/spot/-n9uc
https://kyounoko.jp/spot/-0q1d
https://kyounoko.jp/spot/-3lg7
https://kyounoko.jp/spot/-83v5
https://kyounoko.jp/spot/-oib6
https://kyounoko.jp/spot/MARK-IS-3lb7
https://kyounoko.jp/spot/-xj09
https://kyounoko.jp/spot/-fl27
https://kyounoko.jp/spot/-wyvr
https://kyounoko.jp/spot/-yfz8
https://kyounoko.jp/spot/-im0s
https://kyounoko.jp/spot/-0dnc
https://kyounoko.jp/spot/F-414c
https://kyounoko.jp/spot/-yp1b
https://kyounoko.jp/spot/-zb2v
https://kyounoko.jp/spot/-45ei
https://kyounoko.jp/spot/-seao
https://kyounoko.jp/spot/-xmrt
https://kyounoko.jp/spot/-vp4m
https://kyounoko.jp/spot/-v5mu
https://kyounoko.jp/spot/-ihyr
https://kyounoko.jp/spot/-ulqk
https://kyounoko.jp/spot/-vcc5
https://kyounoko.jp/spot/-yrt1
https://kyounoko.jp/spot/-lryo
https://kyounoko.jp/spot/-ogh5
https://kyounoko.jp/spot/-vrzb
https://kyounoko.jp/spot/-xydk
https://kyounoko.jp/spot/-b09s
https://kyounoko.jp/spot/-ow9l
https://kyounoko.jp/spot/-hklq
https://kyounoko.jp/spot/-dbll
https://kyounoko.jp/spot/-bduk
https://kyounoko.jp/spot/-8edw
https://kyounoko.jp/spot/-h2vd
https://kyounoko.jp/spot/-ymw3
https://kyounoko.jp/spot/-fmyc
https://kyounoko.jp/spot/-mnbk
https://kyounoko.jp/spot/-73dd
https://kyounoko.jp/spot/-yogo
https://kyounoko.jp/spot/-59c0
https://kyounoko.jp/spot/-fwjg
https://kyounoko.jp/spot/-kp2f
https://kyounoko.jp/spot/-cwxx
https://kyounoko.jp/spot/-nz74
https://kyounoko.jp/spot/-5lrk
https://kyounoko.jp/spot/-sh35
https://kyounoko.jp/spot/-bkil
https://kyounoko.jp/spot/-lrt8
https://kyounoko.jp/spot/-m6fd
https://kyounoko.jp/spot/-ydv5
https://kyounoko.jp/spot/-zfbo
https://kyounoko.jp/spot/-2cwq
https://kyounoko.jp/spot/-1kv2
https://kyounoko.jp/spot/-eb58
https://kyounoko.jp/spot/-fyee
https://kyounoko.jp/spot/-9xdq
https://kyounoko.jp/spot/-kkom
https://kyounoko.jp/spot/-is1o
https://kyounoko.jp/spot/-nmlf
https://kyounoko.jp/spot/JAXA-3t16
https://kyounoko.jp/spot/-w4e1
https://kyounoko.jp/spot/-hze2
https://kyounoko.jp/spot/-pecb
https://kyounoko.jp/spot/-l338
https://kyounoko.jp/spot/-x33s
https://kyounoko.jp/spot/-dete
https://kyounoko.jp/spot/-8jhu
https://kyounoko.jp/spot/-9cgq
https://kyounoko.jp/spot/-d6el
https://kyounoko.jp/spot/-85p7
https://kyounoko.jp/spot/-0ayy
https://kyounoko.jp/spot/-lvdu
https://kyounoko.jp/spot/-zkah
https://kyounoko.jp/spot/-0eq0
https://kyounoko.jp/spot/-nbu1
https://kyounoko.jp/spot/-3l0h
https://kyounoko.jp/spot/-vkp5
https://kyounoko.jp/spot/-pwa7
https://kyounoko.jp/spot/-81tu
https://kyounoko.jp/spot/-slkw
https://kyounoko.jp/spot/-v9ua
https://kyounoko.jp/spot/-f4z3
https://kyounoko.jp/spot/-g0ov
https://kyounoko.jp/spot/-85ch
https://kyounoko.jp/spot/-ul3i
https://kyounoko.jp/spot/-yg6v
https://kyounoko.jp/spot/-lnoy
https://kyounoko.jp/spot/-9dd3
https://kyounoko.jp/spot/-a4cu
https://kyounoko.jp/spot/-05te
https://kyounoko.jp/spot/-ivnu
https://kyounoko.jp/spot/-b42u
https://kyounoko.jp/spot/-aped
https://kyounoko.jp/spot/-2awz
https://kyounoko.jp/spot/-s4i5
https://kyounoko.jp/spot/-y29k
https://kyounoko.jp/spot/-7fod
https://kyounoko.jp/spot/-5hjc
https://kyounoko.jp/spot/-2phk
https://kyounoko.jp/spot/-dybe
https://kyounoko.jp/spot/-pv1r
https://kyounoko.jp/spot/-0jhk
https://kyounoko.jp/spot/-qoew
https://kyounoko.jp/spot/-l847
https://kyounoko.jp/spot/-71h7
https://kyounoko.jp/spot/NEW-njn9
https://kyounoko.jp/spot/-tsrf
https://kyounoko.jp/spot/-kg5y
https://kyounoko.jp/spot/-zyfu
https://kyounoko.jp/spot/-wmsv
https://kyounoko.jp/spot/-j0b4
https://kyounoko.jp/spot/-q2er
https://kyounoko.jp/spot/-28b8
https://kyounoko.jp/spot/-g4tu
https://kyounoko.jp/spot/-ucr9
https://kyounoko.jp/spot/-ho86
https://kyounoko.jp/spot/-rox0
https://kyounoko.jp/spot/-lupq
https://kyounoko.jp/spot/-zlca
https://kyounoko.jp/spot/-07to
https://kyounoko.jp/spot/-xeo4
https://kyounoko.jp/spot/-b0me
https://kyounoko.jp/spot/-jr2m
https://kyounoko.jp/spot/-ewhf
https://kyounoko.jp/spot/-4kk7
https://kyounoko.jp/spot/-zk9h
https://kyounoko.jp/spot/-gj65
https://kyounoko.jp/spot/-r47n
https://kyounoko.jp/spot/-6iuf
https://kyounoko.jp/spot/DMM-q8sa
https://kyounoko.jp/spot/IKEA-8n1o
https://kyounoko.jp/spot/COCO-39-S-8lek
https://kyounoko.jp/spot/-1m74
https://kyounoko.jp/spot/-i7d8
https://kyounoko.jp/spot/-m40s
https://kyounoko.jp/spot/-3lc2
https://kyounoko.jp/spot/-zdzy
https://kyounoko.jp/spot/-sb44
https://kyounoko.jp/spot/OK-d1n8
https://kyounoko.jp/spot/-am6l
https://kyounoko.jp/spot/-jknt
https://kyounoko.jp/spot/-wgol
https://kyounoko.jp/spot/-sj4q
https://kyounoko.jp/spot/-nprj
https://kyounoko.jp/spot/-cdav
https://kyounoko.jp/spot/-ox8j
https://kyounoko.jp/spot/-8f7m
https://kyounoko.jp/spot/-kmph
https://kyounoko.jp/spot/-975v
https://kyounoko.jp/spot/-pa4f
https://kyounoko.jp/spot/-cbwc
https://kyounoko.jp/spot/-dx7m
https://kyounoko.jp/spot/-0yef
https://kyounoko.jp/spot/-khxc
https://kyounoko.jp/spot/-lxt6
https://kyounoko.jp/spot/-yd4d
https://kyounoko.jp/spot/-9l36
https://kyounoko.jp/spot/-vet5
https://kyounoko.jp/spot/-nhmy
https://kyounoko.jp/spot/-7gxd
https://kyounoko.jp/spot/-k6id
https://kyounoko.jp/spot/-u7um
https://kyounoko.jp/spot/-2guo
https://kyounoko.jp/spot/-tb61
https://kyounoko.jp/spot/-z109
https://kyounoko.jp/spot/551-mbps
https://kyounoko.jp/spot/-xxft
https://kyounoko.jp/spot/-el5y
https://kyounoko.jp/spot/-dluc
https://kyounoko.jp/spot/-z6uh
https://kyounoko.jp/spot/-fd7m
https://kyounoko.jp/spot/-cxib
https://kyounoko.jp/spot/-jte5
https://kyounoko.jp/spot/-ovak
https://kyounoko.jp/spot/-uavb
https://kyounoko.jp/spot/-bpew
https://kyounoko.jp/spot/-pfvi
https://kyounoko.jp/spot/-gt8x
https://kyounoko.jp/spot/-hqzu
https://kyounoko.jp/spot/-s0j4
https://kyounoko.jp/spot/-bex9
https://kyounoko.jp/spot/5-6F-fbjc
https://kyounoko.jp/spot/-m0jj
https://kyounoko.jp/spot/ShinQs-ze61
https://kyounoko.jp/spot/S.C.-xguc
https://kyounoko.jp/spot/-xcn2
https://kyounoko.jp/spot/-inlo
https://kyounoko.jp/spot/-h60m
https://kyounoko.jp/spot/-ln74
https://kyounoko.jp/spot/14F-3j4b
https://kyounoko.jp/spot/-dnpt
https://kyounoko.jp/spot/-2agq
https://kyounoko.jp/spot/-ejlx
https://kyounoko.jp/spot/-dov1
https://kyounoko.jp/spot/-ukkw
https://kyounoko.jp/spot/-mx5f
https://kyounoko.jp/spot/-dec1
https://kyounoko.jp/spot/-oth4
https://kyounoko.jp/spot/-7hg2
https://kyounoko.jp/spot/-s76h
https://kyounoko.jp/spot/-ps24
https://kyounoko.jp/spot/-szch
https://kyounoko.jp/spot/-0n4j
https://kyounoko.jp/spot/IKEA-gr7t
https://kyounoko.jp/spot/-npfb
https://kyounoko.jp/spot/-nqn9
https://kyounoko.jp/spot/-cwhx
https://kyounoko.jp/spot/IKEA-9a3r
https://kyounoko.jp/spot/-msdt
https://kyounoko.jp/spot/-4o8i
https://kyounoko.jp/spot/T-SITE-w3mo
https://kyounoko.jp/spot/-tvl9
https://kyounoko.jp/spot/-avjl
https://kyounoko.jp/spot/-3fsb
https://kyounoko.jp/spot/-95lh
https://kyounoko.jp/spot/CITY-iqht
https://kyounoko.jp/spot/-31r4
https://kyounoko.jp/spot/-l5dp
https://kyounoko.jp/spot/EXPOCITY-gwj1
https://kyounoko.jp/spot/IKEA-fmyq
https://kyounoko.jp/spot/JR-JR-n68j
https://kyounoko.jp/spot/-yfre
https://kyounoko.jp/spot/21-b9ak
https://kyounoko.jp/spot/-bgpm
https://kyounoko.jp/spot/-7xpm
https://kyounoko.jp/spot/IKEA-u3jp
https://kyounoko.jp/spot/JR-zara
https://kyounoko.jp/spot/-iphh
https://kyounoko.jp/spot/-qd6p
https://kyounoko.jp/spot/-mcc9
https://kyounoko.jp/spot/-6e4v
https://kyounoko.jp/spot/-05m7
https://kyounoko.jp/spot/-ijlu
https://kyounoko.jp/spot/-3in2
https://kyounoko.jp/spot/JR-T38-gfws
https://kyounoko.jp/spot/-3q84
https://kyounoko.jp/spot/-pqij
https://kyounoko.jp/spot/-th24
https://kyounoko.jp/spot/OPA-ppda
https://kyounoko.jp/spot/-c2x1
https://kyounoko.jp/spot/-3tbc
https://kyounoko.jp/spot/umie-trpj
https://kyounoko.jp/spot/-qx3m
https://kyounoko.jp/spot/-zm7c
https://kyounoko.jp/spot/IKEA-fce4
https://kyounoko.jp/spot/-y1e3
https://kyounoko.jp/spot/A-FACTORY-amv2
https://kyounoko.jp/spot/-9jec
https://kyounoko.jp/spot/-1z7k
https://kyounoko.jp/spot/-xofd
https://kyounoko.jp/spot/-dxsp
https://kyounoko.jp/spot/FKD-y7id
https://kyounoko.jp/spot/-323y
https://kyounoko.jp/spot/-qeuf
https://kyounoko.jp/spot/-l0wf
https://kyounoko.jp/spot/CoCoLo-npow
https://kyounoko.jp/spot/-mbpn
https://kyounoko.jp/spot/-6u2d
https://kyounoko.jp/spot/MIDORI-6u2y
https://kyounoko.jp/spot/-czud
https://kyounoko.jp/spot/-474g
https://kyounoko.jp/spot/-rgib
https://kyounoko.jp/spot/-n36t
https://kyounoko.jp/spot/-9mx4
https://kyounoko.jp/spot/-01iq
https://kyounoko.jp/spot/-ovj5
https://kyounoko.jp/spot/ekie-cw9v
https://kyounoko.jp/spot/-su4f
https://kyounoko.jp/spot/-22xg
https://kyounoko.jp/spot/-n9ly
https://kyounoko.jp/spot/-pwtq
https://kyounoko.jp/spot/-hnxg
https://kyounoko.jp/spot/-e30j
https://kyounoko.jp/spot/-pw60
https://kyounoko.jp/spot/-mo9i
https://kyounoko.jp/spot/-bvkk
https://kyounoko.jp/spot/-w24e
https://kyounoko.jp/spot/-dp3a
https://kyounoko.jp/spot/-npaw
# submitted at 2026-06-01T00:06:54.875Z (12 URLs)
https://kyounoko.jp/article/katei-pool-osusume-ranking-2026
https://kyounoko.jp/article/kodomo-hiyakedome-osusume-2026
https://kyounoko.jp/article/kodomo-mushiyoke-3shurui-hikaku-real
https://kyounoko.jp/article/mizuasobi-omocha-osusume-2026
https://kyounoko.jp/article/kodomo-suitou-mugicha-pitcher-2026
https://kyounoko.jp/article/natsuyasumi-keikaku-2026-kodzure
https://kyounoko.jp/article/jiyukenkyu-kit-osusume-2026
https://kyounoko.jp/article/jiyukenkyu-1nichi-kodomo-30
https://kyounoko.jp/article/tanabata-kazari-tedukuri-0-6sai-7shurui
https://kyounoko.jp/article/natsumatsuri-kodzure-koryaku-2026
https://kyounoko.jp/article/yukata-jinbei-kodomo-osusume-2026
https://kyounoko.jp/article/natsuyasumi-hirugohan-mainichi-idea-20
# submitted at 2026-06-02T22:49:34.045Z (15 URLs)
https://kyounoko.jp/article/gusto-morning-kosodate
https://kyounoko.jp/article/jonathan-morning-kosodate
https://kyounoko.jp/article/dennys-morning-kosodate
https://kyounoko.jp/article/royal-host-morning-kosodate
https://kyounoko.jp/article/cocos-morning-kosodate
https://kyounoko.jp/article/saize-morning-kosodate
https://kyounoko.jp/article/komeda-morning-kosodate
https://kyounoko.jp/article/hoshino-morning-kosodate
https://kyounoko.jp/article/starbucks-morning-kosodate
https://kyounoko.jp/article/doutor-morning-kosodate
https://kyounoko.jp/article/yakiniku-king-baby-chair
https://kyounoko.jp/article/yakiniku-king-stroller
https://kyounoko.jp/article/yakiniku-king-kids-menu
https://kyounoko.jp/article/yakiniku-king-koshitsu
https://kyounoko.jp/article/yakiniku-king-time-system
# submitted at 2026-06-03T09:47:04.271Z (465 URLs)
https://kyounoko.jp/article/0-1sai-ie-asobi-10pun
https://kyounoko.jp/article/1-2sai-oshaberi-sukunai-asobi
https://kyounoko.jp/article/19ji-shoutou-routine
https://kyounoko.jp/article/1sai-oshaberi-shinai-itsumade
https://kyounoko.jp/article/1sai-pool-debut-motimono
https://kyounoko.jp/article/2sai-jump-dekinai-shinpai
https://kyounoko.jp/article/2sai-kanshaku-koekake-top10
https://kyounoko.jp/article/3sai-hiragana-yomenai-ouchi-gakushuu
https://kyounoko.jp/article/3sai-shoushoku-taisaku
https://kyounoko.jp/article/9gatsu-yobosesshu-4sai-made-checklist
https://kyounoko.jp/article/aitei-ashi-shinpai-hayai-osoi
https://kyounoko.jp/article/akachan-15pun-asobi
https://kyounoko.jp/article/akachan-asemo-taisaku-2026
https://kyounoko.jp/article/akachan-hiyakedome-itsukara-erabikata
https://kyounoko.jp/article/akachan-odekake-3months-1year
https://kyounoko.jp/article/akachan-yodare-kabure-care-matome
https://kyounoko.jp/article/aki-iro-asobi-kodomo
https://kyounoko.jp/article/aki-matsuri-kodzure-koryaku
https://kyounoko.jp/article/amenohi-ie-asobi-2-3sai
https://kyounoko.jp/article/amenohi-ie-asobi-4-6sai
https://kyounoko.jp/article/amenohi-indoor-spots-tokyo-15
https://kyounoko.jp/article/amenohi-stroller-spots-tokyo
https://kyounoko.jp/article/anrakutei-kodzure-koryaku
https://kyounoko.jp/article/asa-30pun-routine
https://kyounoko.jp/article/asagohan-5pun-pattern-10
https://kyounoko.jp/article/asagohan-5pun-reshipi-20
https://kyounoko.jp/article/asagohan-hoikuen-15pun
https://kyounoko.jp/article/asagohan-obento-douji-15pun
https://kyounoko.jp/article/baby-chair-ranking
https://kyounoko.jp/article/baby-senzai-ranking
https://kyounoko.jp/article/babycar-a-b-buggy-3type-7koumoku
https://kyounoko.jp/article/babycar-erabikata
https://kyounoko.jp/article/babycar-good-station-top30-tokyo-2026
https://kyounoko.jp/article/babycar-itsukara-tsukau
https://kyounoko.jp/article/babycar-osusume-2026-15model-hikaku
https://kyounoko.jp/article/babycar-ranking-2026
https://kyounoko.jp/article/babycar-vs-dakkohimo-tsukaiwake-data
https://kyounoko.jp/article/babycar-yarakashi-50-keikenshudan
https://kyounoko.jp/article/babygate-kaidan-ranking-7-2026
https://kyounoko.jp/article/bamiyan-china-toribunke-real
https://kyounoko.jp/article/bamiyan-kodzure-koryaku
https://kyounoko.jp/article/baskin-robbins-31-kodzure-koryaku
https://kyounoko.jp/article/bebycar-ok-cafe-15
https://kyounoko.jp/article/bedlight-3type-kodomo
https://kyounoko.jp/article/bento-takeout-chain-kodzure-4sha
https://kyounoko.jp/article/bikkuri-donkey-kodzure-koryaku
https://kyounoko.jp/article/booster-3type-2-7sai
https://kyounoko.jp/article/bousai-no-hi-katei-bichiku-mininaosu
https://kyounoko.jp/article/bronco-billy-kodzure-koryaku
https://kyounoko.jp/article/burger-chain-kodzure-ranking-2026-5sha
https://kyounoko.jp/article/burger-king-kodzure-koryaku
https://kyounoko.jp/article/cafe-3chain-kodzure-hikaku
https://kyounoko.jp/article/cafe-chain-kodzure-ranking-2026-6sha
https://kyounoko.jp/article/chichi-no-hi-purezento-2-6sai-tedukuri-15sen
https://kyounoko.jp/article/chichinohi-3sai-dekiru-tedukuri-10
https://kyounoko.jp/article/chichinohi-purezento-kodomo-tedukuri
https://kyounoko.jp/article/chicken-kodomo-10pattern
https://kyounoko.jp/article/chiiku-asobi-ie-de-10
https://kyounoko.jp/article/chiiku-subsc-3sha-2026-comparison
https://kyounoko.jp/article/chiiku-subsc-hikaku-4sha
https://kyounoko.jp/article/chiiku-toys-2-3sai-5sen
https://kyounoko.jp/article/chiiku-toys-3brand-2-4sai
https://kyounoko.jp/article/chiiku-toys-rakuten-1-3sai-ranking
https://kyounoko.jp/article/chiku-naraigoto-kumon-shichida-monte
https://kyounoko.jp/article/child-seat-0-7sai-5brand
https://kyounoko.jp/article/christmas-cake-kodzure-erabikata
https://kyounoko.jp/article/christmas-present-kodomo-nenrei-betsu
https://kyounoko.jp/article/cocoichi-kodzure-koryaku
https://kyounoko.jp/article/cocos-birthday-real
https://kyounoko.jp/article/cocos-kodzure-koryaku
https://kyounoko.jp/article/conveni-kodzure-kids-shokuzai-4sha
https://kyounoko.jp/article/dakkohimo-3brand-7koumoku-2026
https://kyounoko.jp/article/dakkohimo-itsukara-shinseiji
https://kyounoko.jp/article/dakkohimo-ranking-2026
https://kyounoko.jp/article/denny-s-kodzure-koryaku
https://kyounoko.jp/article/dennys-arerugen-real
https://kyounoko.jp/article/denshi-mosquito-4brand-anzen
https://kyounoko.jp/article/dessert-kodomo-tezukuri-5
https://kyounoko.jp/article/doutor-kodzure-koryaku
https://kyounoko.jp/article/ehon-yomikikase-kotsu
https://kyounoko.jp/article/eigo-asobi-ie-de-4-6sai
https://kyounoko.jp/article/eigo-kyouzai-3brand-2-6sai
https://kyounoko.jp/article/eigo-naraigoto-nansai-kara
https://kyounoko.jp/article/eiyou-bento-hoikuen-1week
https://kyounoko.jp/article/enpitsu-nigirenai-3sai-tesaki
https://kyounoko.jp/article/famires-7chain-8koumoku-2026
https://kyounoko.jp/article/famires-kodzure-ranking-2026-10sen
https://kyounoko.jp/article/fathers-day-tezukuri-kodomo-2026
https://kyounoko.jp/article/freshness-burger-kodzure-koryaku
https://kyounoko.jp/article/gaishoku-chain-kodomo-anzen-guide
https://kyounoko.jp/article/gaisyoku-ko-ga-taberu
https://kyounoko.jp/article/gotsugo-hattaku-muchi-kodomo
https://kyounoko.jp/article/gusto-kodzure-koryaku
https://kyounoko.jp/article/gusto-rinyu-warm-real
https://kyounoko.jp/article/gusto-vs-jonathan-kodzure-douchi
https://kyounoko.jp/article/guzu-guzu-tomaranai-yochien
https://kyounoko.jp/article/gyudon-4chain-kodzure-hayami
https://kyounoko.jp/article/gyudon-chain-kodzure-ranking-2026-4sha
https://kyounoko.jp/article/gyukaku-kodzure-koryaku
https://kyounoko.jp/article/gyuuniku-ryouri-kodomo-okiniiri
https://kyounoko.jp/article/hahanohi-purezento-kodomo-tedukuri
https://kyounoko.jp/article/hai-hai-shinai-tsuri-bai-kara
https://kyounoko.jp/article/halloween-isho-tedukuri-kazari-kodomo
https://kyounoko.jp/article/halloween-kasou-junbi
https://kyounoko.jp/article/halloween-kodzure-events-2026
https://kyounoko.jp/article/hama-sushi-kodzure-koryaku
https://kyounoko.jp/article/hanamaru-udon-kodzure-koryaku
https://kyounoko.jp/article/hasami-tsukaenai-itsukara-renshu
https://kyounoko.jp/article/hatattsu-mileage-0-6sai-checklist
https://kyounoko.jp/article/hatsumoude-kodzure-kanto-15
https://kyounoko.jp/article/hatsuzekku-sugoshikata
https://kyounoko.jp/article/heijitsu-yoru-30pun-routine
https://kyounoko.jp/article/highchair-4brand-toritsuke-syohi
https://kyounoko.jp/article/hinamatsuri-gohan-kodomo
https://kyounoko.jp/article/hitomishiri-atooi-itsumade
https://kyounoko.jp/article/hitori-de-neru-nansai-kara
https://kyounoko.jp/article/hitori-hamigaki-nansai-kara
https://kyounoko.jp/article/hoikuen-kaeri-15min
https://kyounoko.jp/article/hoikuen-sougei-jitan
https://kyounoko.jp/article/hoikuen-yochien-erabikata-criteria
https://kyounoko.jp/article/hottomotto-kodzure-koryaku
https://kyounoko.jp/article/ikea-restaurant-kodzure-koryaku
https://kyounoko.jp/article/iyaiya-ki-taisho-2sai-7kufuu
https://kyounoko.jp/article/iyaiya-osaete-tsukeru-shitsuke
https://kyounoko.jp/article/iyaiya-shuuchu-asobi
https://kyounoko.jp/article/jabujabuike-mizuasobi-tokyo-30
https://kyounoko.jp/article/jitanhaden-ranking-7sen
https://kyounoko.jp/article/jitensha-hojorin-hazushi-nansai
https://kyounoko.jp/article/jiyukenkyu-1nichi-kodomo-30
https://kyounoko.jp/article/jiyukenkyu-kit-osusume-2026
https://kyounoko.jp/article/jonathan-kodzure-koryaku
https://kyounoko.jp/article/jonathan-morning-real
https://kyounoko.jp/article/junior-seat-2-3sai-hikaku-15
https://kyounoko.jp/article/kagonoya-kodzure-koryaku
https://kyounoko.jp/article/kaisuiyoku-1sai-debut-mochimono
https://kyounoko.jp/article/kaiten-sushi-4chain-comparison
https://kyounoko.jp/article/kakigori-kodomo-tezukuri-recipe
https://kyounoko.jp/article/kakigori-softcream-chain-kodzure-hikaku
https://kyounoko.jp/article/kankaku-kabin-kodomo-taisaku
https://kyounoko.jp/article/kanto-ajisai-kodzure-spot-10
https://kyounoko.jp/article/kanto-doubutsuen-1sai-kara-ranking
https://kyounoko.jp/article/kappa-sushi-kodzure-koryaku
https://kyounoko.jp/article/katei-pool-osusume-ranking-2026
https://kyounoko.jp/article/keirou-no-hi-4sai-photo-message-card
https://kyounoko.jp/article/kenka-kyoudai-chuusai-houhou
https://kyounoko.jp/article/kfc-kodzure-koryaku
https://kyounoko.jp/article/kids-menu-chain-15-hikaku
https://kyounoko.jp/article/kids-menu-nansai-kara-hayami
https://kyounoko.jp/article/kids-space-lunch-10
https://kyounoko.jp/article/ko-ga-nenai-5kufuu
https://kyounoko.jp/article/kodomo-asa-udon-tamagotoji-rinyuushoku-go
https://kyounoko.jp/article/kodomo-banana-kinako-yogurt-1sai-asagohan
https://kyounoko.jp/article/kodomo-buta-kimchi-kara-nashi-fp1
https://kyounoko.jp/article/kodomo-butter-rice-onigiri-sake-flake
https://kyounoko.jp/article/kodomo-byoki-meneki-real-data-2026
https://kyounoko.jp/article/kodomo-cabbage-shabushabu-houchou-fuyou
https://kyounoko.jp/article/kodomo-camp-debut-0-2sai-souviru
https://kyounoko.jp/article/kodomo-cereal-tounyu-pudding-mae-shikomi
https://kyounoko.jp/article/kodomo-chara-tamagoyaki-rinji-5min
https://kyounoko.jp/article/kodomo-cheese-omelette-1pun-asa
https://kyounoko.jp/article/kodomo-fruit-yogurt-bowl-asa
https://kyounoko.jp/article/kodomo-frypan-doria-1pan-10min
https://kyounoko.jp/article/kodomo-gerizamu-moudiarrhea-taiou
https://kyounoko.jp/article/kodomo-ham-cheese-roll-sandwich-houchou-fuyou
https://kyounoko.jp/article/kodomo-handy-fan-neck-cooler-2026
https://kyounoko.jp/article/kodomo-hatsunetsu-byouin-iku-me
https://kyounoko.jp/article/kodomo-hitori-asobi-anzen-kankyou
https://kyounoko.jp/article/kodomo-hitori-de-taberareru-5
https://kyounoko.jp/article/kodomo-hotcake-mix-donut-oyatsu
https://kyounoko.jp/article/kodomo-koushuu-genin-keacare
https://kyounoko.jp/article/kodomo-marshmallow-chocolate-bar-5min
https://kyounoko.jp/article/kodomo-me-mimi-ishi-sagashikata
https://kyounoko.jp/article/kodomo-mini-hamburger-tofu-5min-bento
https://kyounoko.jp/article/kodomo-mushiyoke-3shurui-hikaku-real
https://kyounoko.jp/article/kodomo-mushiyoke-erabikata-2026
https://kyounoko.jp/article/kodomo-natsu-photo-toshi-kata-5
https://kyounoko.jp/article/kodomo-natsukaze-byouin-iku-5moyasu
https://kyounoko.jp/article/kodomo-netsuchusho-3sain-real-2026
https://kyounoko.jp/article/kodomo-no-hi-kyaraben
https://kyounoko.jp/article/kodomo-no-kaze-hatsunetsu-taiou
https://kyounoko.jp/article/kodomo-obento-reitou-stock-5sen
https://kyounoko.jp/article/kodomo-okashi-tezukuri-natsu-5
https://kyounoko.jp/article/kodomo-okiniiri-spot-mama-50-shounin
https://kyounoko.jp/article/kodomo-peperoncino-udon-kodomo-muke
https://kyounoko.jp/article/kodomo-pick-omoshiro-obento-kazarigiri-fuyou
https://kyounoko.jp/article/kodomo-pool-keiken-debut
https://kyounoko.jp/article/kodomo-reitou-banana-ice-1zairyou
https://kyounoko.jp/article/kodomo-renji-cup-nimono-ninjin-kabocha
https://kyounoko.jp/article/kodomo-renji-curry-roux-nashi-tomato-base
https://kyounoko.jp/article/kodomo-renji-mushipan-3pattern-oyatsu
https://kyounoko.jp/article/kodomo-renji-mushipan-5min-asa
https://kyounoko.jp/article/kodomo-sake-hoiruyaki-oven-fuyou
https://kyounoko.jp/article/kodomo-shampoo-hikaku
https://kyounoko.jp/article/kodomo-shigaisen-taisaku-2026
https://kyounoko.jp/article/kodomo-shindansho-arerugi-taisaku
https://kyounoko.jp/article/kodomo-smartphone-ruleset-age-betsu
https://kyounoko.jp/article/kodomo-sokuseki-fruit-jelly-oyatsu
https://kyounoko.jp/article/kodomo-suitou-natsu-hikaku-7
https://kyounoko.jp/article/kodomo-suki-suki-oya-jiko-kouka
https://kyounoko.jp/article/kodomo-summer-camp-erabikata
https://kyounoko.jp/article/kodomo-tamagomayo-toast-3sai-5min
https://kyounoko.jp/article/kodomo-tamagoyaki-4pattern-bento
https://kyounoko.jp/article/kodomo-tofu-hamburger-rinyuushoku-otona
https://kyounoko.jp/article/kodomo-tori-momo-teriyaki-don-5min-tare
https://kyounoko.jp/article/kodomo-toriniku-yamitsuki-yangnyom-mild
https://kyounoko.jp/article/kodomo-tsuyu-shokuyoku-fushin-recipe
https://kyounoko.jp/article/kodomo-udon-suki-hakusai-butabara-tamago
https://kyounoko.jp/article/kodomo-yukata-debut-saizu
https://kyounoko.jp/article/kodomo-yukata-kitsuke-jitan
https://kyounoko.jp/article/kodzure-bbq-mochimono-0-4sai
https://kyounoko.jp/article/kodzure-cafe-anzen-kanzen-guide
https://kyounoko.jp/article/kodzure-deli-takeout-10
https://kyounoko.jp/article/kodzure-famires-15sen
https://kyounoko.jp/article/kodzure-fukuro-mall-restaurants
https://kyounoko.jp/article/kodzure-morning-cafe-10
https://kyounoko.jp/article/kodzure-outdoor-leisure-goods-2026
https://kyounoko.jp/article/kodzure-ramen-anzen-kanzen-guide
https://kyounoko.jp/article/kodzure-restaurant-erabikata-kanzen-guide
https://kyounoko.jp/article/kodzure-saize-koryaku
https://kyounoko.jp/article/kodzure-shabushabu-nabe-anzen-kanzen-guide
https://kyounoko.jp/article/kodzure-udon-anzen-kanzen-guide
https://kyounoko.jp/article/kodzure-washoku-chain-10
https://kyounoko.jp/article/kodzure-yakiniku-anzen-kanzen-guide
https://kyounoko.jp/article/kodzure-yakiniku-shabu-7
https://kyounoko.jp/article/kodzure-yakiniku-stroller-tokyo-20
https://kyounoko.jp/article/komeda-kodzure-koryaku
https://kyounoko.jp/article/koromogae-kodomofuku-shuunou-shobun
https://kyounoko.jp/article/koshitsu-kodzure-lunch
https://kyounoko.jp/article/kosodate-amenohi-nagoya
https://kyounoko.jp/article/kosodate-amenohi-yokohama
https://kyounoko.jp/article/kosodate-kanto-shizen-10
https://kyounoko.jp/article/kosodate-muryou-spots-osaka
https://kyounoko.jp/article/kosodate-muryou-spots-tokyo
https://kyounoko.jp/article/kosodate-spots-fukuoka-kids
https://kyounoko.jp/article/kosodate-spots-hokkaido-natsu
https://kyounoko.jp/article/kosodate-subsc-3sha-hikaku
https://kyounoko.jp/article/kosodate-tsukareta-jikan-no-tsukaikata-50
https://kyounoko.jp/article/kosodate-yamanashi-shizen
https://kyounoko.jp/article/kotoba-okureru-taiou-2sai
https://kyounoko.jp/article/kouen-debyu-nankagetsu
https://kyounoko.jp/article/kouen-tomodachi-chikadukenai
https://kyounoko.jp/article/kourakuen-kodzure-koryaku
https://kyounoko.jp/article/kousaku-4-6sai-10pattern
https://kyounoko.jp/article/kouyou-spots-kanto-koduzure
https://kyounoko.jp/article/koyou-kanto-kodzure-20
https://kyounoko.jp/article/kumon-vs-gakken-hikaku
https://kyounoko.jp/article/kumon-vs-shichida-vs-monte-comparison
https://kyounoko.jp/article/kura-sushi-bikkurapon-real
https://kyounoko.jp/article/kura-sushi-kodzure-koryaku
https://kyounoko.jp/article/kurasi-taisaku-kodomo-jidou-jiko
https://kyounoko.jp/article/kuura-bonyu-shokujimae-jiki
https://kyounoko.jp/article/kyoudai-asobi-nenrei-sa
https://kyounoko.jp/article/kyoudai-jiyukenkyu-4sai-2sai-coop
https://kyounoko.jp/article/kyoudai-kenka-naka-naoshi-natsuyasumi
https://kyounoko.jp/article/kyushoku-tabekirenai-katei-taisaku
https://kyounoko.jp/article/maido-ookini-shokudo-kodzure-koryaku
https://kyounoko.jp/article/mama-tomo-ikanai-taiou
https://kyounoko.jp/article/marugame-kodzure-koryaku
https://kyounoko.jp/article/matsuya-kodzure-koryaku
https://kyounoko.jp/article/mcdonalds-kodzure-koryaku
https://kyounoko.jp/article/misdo-kodzure-koryaku
https://kyounoko.jp/article/mizuasobi-omocha-osusume-2026
https://kyounoko.jp/article/mochikaeri-sushi-chain-kodzure-4sha
https://kyounoko.jp/article/monte-asobi-nenrei-betsu
https://kyounoko.jp/article/mos-burger-kodzure-koryaku
https://kyounoko.jp/article/mothers-day-tezukuri-kodomo-2026
https://kyounoko.jp/article/moushobi-suzushii-spots
https://kyounoko.jp/article/mugi-aleergi-meal-kodomo
https://kyounoko.jp/article/musashinomori-coffee-kodzure-koryaku
https://kyounoko.jp/article/mushikago-kodomo-kankatsu
https://kyounoko.jp/article/nakau-kodzure-koryaku
https://kyounoko.jp/article/naraigoto-hajimedoki-kiketsu
https://kyounoko.jp/article/naraigoto-itsukara-0-6sai
https://kyounoko.jp/article/naraigoto-yametai-taiou
https://kyounoko.jp/article/natsu-bento-itamanai-recipe-7
https://kyounoko.jp/article/natsu-drink-chain-kodzure-ranking-2026-5sha
https://kyounoko.jp/article/natsu-kodomo-shokuyoku-nai-recipe-10
https://kyounoko.jp/article/natsu-yasumi-kodomo-asobi-ie-de
https://kyounoko.jp/article/natsu-yobi-kosodate-grandparent
https://kyounoko.jp/article/natsumatsuri-kodzure-koryaku-2026
https://kyounoko.jp/article/natsumatsuri-kodzure-koryaku
https://kyounoko.jp/article/natsumatsuri-yatai-gourmet-kodzure-guide
https://kyounoko.jp/article/natsuyasumi-1nichi-plan-30
https://kyounoko.jp/article/natsuyasumi-ake-hoikuen-guzu-taiou
https://kyounoko.jp/article/natsuyasumi-hirugohan-mainichi-idea-20
https://kyounoko.jp/article/natsuyasumi-jiyu-kenkyu-1nichi-10
https://kyounoko.jp/article/natsuyasumi-kakeibo-kodzure-shukatsu
https://kyounoko.jp/article/natsuyasumi-keikaku-2026-kodzure
https://kyounoko.jp/article/natsuyasumi-yotei-table-2026
https://kyounoko.jp/article/negaeri-shinai-itsumade-matsu
https://kyounoko.jp/article/nettyusho-yobou-0-6sai
https://kyounoko.jp/article/nyuuen-namaetsuke-jitan-tech-10
https://kyounoko.jp/article/obake-yashiki-kodzure-tokyo
https://kyounoko.jp/article/obentou-jitan-8patterns
https://kyounoko.jp/article/obon-kisei-shintetsu-baby
https://kyounoko.jp/article/oboniito-asobi-kodomo-3sai
https://kyounoko.jp/article/ohanami-keikaku-junbi
https://kyounoko.jp/article/ohirune-nansai-made
https://kyounoko.jp/article/ohsho-kodzure-koryaku
https://kyounoko.jp/article/okashi-tezukuri-oyatsu-kodomo
https://kyounoko.jp/article/omatsuri-0-2sai-hajimete-yukata
https://kyounoko.jp/article/omocha-year-by-age
https://kyounoko.jp/article/online-school-eigo-3brand-2026
https://kyounoko.jp/article/onyasai-kodzure-koryaku
https://kyounoko.jp/article/ootoya-kodzure-koryaku
https://kyounoko.jp/article/origin-bento-kodzure-koryaku
https://kyounoko.jp/article/orusu-ban-nansai-kara
https://kyounoko.jp/article/osechi-kodomo-kantan-menu
https://kyounoko.jp/article/oshiri-kodomo-shitsuke-alternatives
https://kyounoko.jp/article/oshogatsu-asobi-kodomo-2026
https://kyounoko.jp/article/oshougatsu-kodomo-sugoshikata
https://kyounoko.jp/article/otetsudai-itsukara-2sai
https://kyounoko.jp/article/otoshidama-souba-pochibukuro-tedukuri
https://kyounoko.jp/article/oyasumi-ato-oya-jikan
https://kyounoko.jp/article/parkku-pikku-nikku-hitsuyou-mono-list
https://kyounoko.jp/article/piano-narai-before-5things
https://kyounoko.jp/article/piano-rhythm-2-5sai-3brand
https://kyounoko.jp/article/picnic-takeout-chain-20
https://kyounoko.jp/article/pool-asobi-4sai-manaberu-10
https://kyounoko.jp/article/programming-kodomo-5-7sai
https://kyounoko.jp/article/puuru-mizuasobi-debut
https://kyounoko.jp/article/rakuten-marathon-kosodate-10sen
https://kyounoko.jp/article/ramen-chain-kodzure-ranking-2026-5sha
https://kyounoko.jp/article/reibou-tsukeppanashi-kodomo-taion
https://kyounoko.jp/article/reitou-shokuhin-ranking
https://kyounoko.jp/article/reitougyoza-plus-alpha-3pattern
https://kyounoko.jp/article/ringer-hut-kodzure-koryaku
https://kyounoko.jp/article/rinyuu-youji-shoku-grid-rakuten
https://kyounoko.jp/article/rinyuushoku-dekinai-kao-awanai-baby
https://kyounoko.jp/article/rinyuushoku-frozen-gekkabetsu
https://kyounoko.jp/article/rinyuushoku-mochikomi-chain-15
https://kyounoko.jp/article/rinyuushoku-mochikomi-ok-tokyo-15
https://kyounoko.jp/article/rinyuushoku-shokuzai-takuhai-hikaku-2026
https://kyounoko.jp/article/royal-host-kinenbi-real
https://kyounoko.jp/article/royal-host-kodzure-koryaku
https://kyounoko.jp/article/saizeriya-baby-real-voices
https://kyounoko.jp/article/sakana-kodomo-tabete-kureru
https://kyounoko.jp/article/sakura-ohanami-kodzure-spots
https://kyounoko.jp/article/sanmarc-cafe-kodzure-koryaku
https://kyounoko.jp/article/seal-book-ranking
https://kyounoko.jp/article/shabushabu-chain-kodzure-ranking-2026-5sha
https://kyounoko.jp/article/shabushabu-yakiniku-buffet-3chain
https://kyounoko.jp/article/shabuyou-3sai-free-real
https://kyounoko.jp/article/shabuyou-kodzure-koryaku
https://kyounoko.jp/article/shichigosan-fukusou-shashin-kanzen
https://kyounoko.jp/article/shichigosan-nenrei-junbi
https://kyounoko.jp/article/shitsunai-asobiba-4brand-tokyo
https://kyounoko.jp/article/shizen-spot-tokyo-youji
https://kyounoko.jp/article/shokutaku-iyaiya-kodomo-taisaku
https://kyounoko.jp/article/shudan-koudou-nigate-3sai
https://kyounoko.jp/article/shumatsu-1nichi-mawashikata
https://kyounoko.jp/article/shumatsu-gohan-tsukurioki-nashi
https://kyounoko.jp/article/shumatsu-ranchi-kodzure
https://kyounoko.jp/article/shussan-junbi-rakuten-0sai
https://kyounoko.jp/article/soccer-yakyu-3-6sai
https://kyounoko.jp/article/sotsunyu-danyu-susumekata
https://kyounoko.jp/article/sozai-kodomo-daibutsu-yobou
https://kyounoko.jp/article/starbucks-kodzure-koryaku
https://kyounoko.jp/article/steak-gusto-kodzure-koryaku
https://kyounoko.jp/article/storo-nomu-itsukara
https://kyounoko.jp/article/sukikirai-yasai-taisaku
https://kyounoko.jp/article/sukiya-kodzure-koryaku
https://kyounoko.jp/article/sushiro-kodzure-koryaku
https://kyounoko.jp/article/swim-school-3brand-3-6sai
https://kyounoko.jp/article/swimming-nansai-kara
https://kyounoko.jp/article/taisou-kyoushitsu-2-5sai
https://kyounoko.jp/article/takeout-bento-kodzure-anzen-guide
https://kyounoko.jp/article/takushoku-service-hikaku-3sha
https://kyounoko.jp/article/tanabata-kazari-sakusei
https://kyounoko.jp/article/tanabata-kazari-tedukuri-0-6sai-7shurui
https://kyounoko.jp/article/tanabata-kazari-tedukuri-kodomo-2026
https://kyounoko.jp/article/tanabata-kazari-tedukuri-kodomo
https://kyounoko.jp/article/teishoku-chain-kodzure-ranking-4sha
https://kyounoko.jp/article/tetsubun-onigiri-2026
https://kyounoko.jp/article/toire-training-2-3sai
https://kyounoko.jp/article/tokyo-23ku-data-comparison-jiyugaoka-futako
https://kyounoko.jp/article/tokyo-23ku-family-friendly-area-rankings-3
https://kyounoko.jp/article/tokyo-23ku-family-score-ranking-2026
https://kyounoko.jp/article/tokyo-bunkyo-baby-cafe
https://kyounoko.jp/article/tokyo-cheap-lunch-800-station-top
https://kyounoko.jp/article/tokyo-fuwafuwa-park-20
https://kyounoko.jp/article/tokyo-ginza-kodzure-lunch
https://kyounoko.jp/article/tokyo-hanabi-kodzure-20
https://kyounoko.jp/article/tokyo-hanabi-taikai-kodzure-2026
https://kyounoko.jp/article/tokyo-ikebukuro-kodzure-lunch
https://kyounoko.jp/article/tokyo-kakigori-kodzure-20
https://kyounoko.jp/article/tokyo-kawaasobi-spots-10
https://kyounoko.jp/article/tokyo-kichijoji-kodzure-lunch
https://kyounoko.jp/article/tokyo-kodomo-mushiyoke-spot
https://kyounoko.jp/article/tokyo-koto-toyosu-kodzure
https://kyounoko.jp/article/tokyo-line-family-friendly-ranking
https://kyounoko.jp/article/tokyo-long-slide-park-20
https://kyounoko.jp/article/tokyo-meguro-weekday-hidden
https://kyounoko.jp/article/tokyo-minato-roppongi-lunch
https://kyounoko.jp/article/tokyo-nakano-amenohi-kodzure
https://kyounoko.jp/article/tokyo-natsu-matsuri-kodzure-20
https://kyounoko.jp/article/tokyo-nerima-free-park-muryou
https://kyounoko.jp/article/tokyo-ogata-yugu-koen-30
https://kyounoko.jp/article/tokyo-okunai-pool-kodzure-10
https://kyounoko.jp/article/tokyo-omotesando-kodzure-lunch
https://kyounoko.jp/article/tokyo-park-ranking-mom50-vote
https://kyounoko.jp/article/tokyo-rainy-strong-station-data
https://kyounoko.jp/article/tokyo-roppongi-kodzure-lunch
https://kyounoko.jp/article/tokyo-setagaya-weekend-family
https://kyounoko.jp/article/tokyo-shibuya-kodzure-lunch
https://kyounoko.jp/article/tokyo-shimokita-koenji-asagaya-comparison
https://kyounoko.jp/article/tokyo-shinagawa-kodzure-lunch
https://kyounoko.jp/article/tokyo-shinagawa-ooimachi-weekend
https://kyounoko.jp/article/tokyo-shineibun-kodomo-museum
https://kyounoko.jp/article/tokyo-shinjuku-kodzure-lunch
https://kyounoko.jp/article/tokyo-station-kodzure-lunch
https://kyounoko.jp/article/tokyo-station-kodzure-shop-density-top20-2026
https://kyounoko.jp/article/tokyo-station-private-room-ranking
https://kyounoko.jp/article/tokyo-suginami-stroller-lunch
https://kyounoko.jp/article/tokyo-terminal-vs-residence-kodzure
https://kyounoko.jp/article/tokyo-toshima-ikebukuro-rain
https://kyounoko.jp/article/tokyo-ueno-kodzure-lunch
https://kyounoko.jp/article/torikizoku-kodzure-koryaku
https://kyounoko.jp/article/tsukurioki-5pun-recipes-10
https://kyounoko.jp/article/tsuushin-kyouzai-hikaku
https://kyounoko.jp/article/tsuyu-0-1sai-sugoshikata
https://kyounoko.jp/article/tsuyu-1-2sai-ie-asobi-30
https://kyounoko.jp/article/tsuyu-4-6sai-shitsunai-asobi-10
https://kyounoko.jp/article/tsuyu-ie-asobi-0-6sai-15pattern
https://kyounoko.jp/article/tsuyu-obento-itamanai-kufuu-7
https://kyounoko.jp/article/tsuyu-shitsunai-asobi-0-6sai-hozonban-2026
https://kyounoko.jp/article/tullys-coffee-kodzure-koryaku
https://kyounoko.jp/article/udon-chain-kodzure-4sha-hikaku
https://kyounoko.jp/article/udon-soba-3chain-kodzure
https://kyounoko.jp/article/ueshima-coffee-kodzure-koryaku
https://kyounoko.jp/article/undokai-bentou-mochimono-kamigata
https://kyounoko.jp/article/undoukai-9gatsu-oya-junbi-list
https://kyounoko.jp/article/undoukai-jitan-bento-3sai
https://kyounoko.jp/article/undoukai-motimono-list
https://kyounoko.jp/article/undoukai-obento-jitan-recipe
https://kyounoko.jp/article/uotami-kodzure-koryaku
https://kyounoko.jp/article/vegetarian-meal-kodomo-introduction
https://kyounoko.jp/article/veloce-kodzure-koryaku
https://kyounoko.jp/article/veranda-pool-4sai-asobi-kata
https://kyounoko.jp/article/wanope-yoru-kirinukekata
https://kyounoko.jp/article/xmas-market-kodzure
https://kyounoko.jp/article/xmas-present-nenrei-0-6
https://kyounoko.jp/article/yakiniku-5chain-kodomo-2026
https://kyounoko.jp/article/yakiniku-king-kodzure-koryaku
https://kyounoko.jp/article/yasai-tabenai-3sai-taisaku
https://kyounoko.jp/article/yayoiken-kodzure-koryaku
https://kyounoko.jp/article/yayoiken-toribunke-real
https://kyounoko.jp/article/yayoiken-vs-saize-kodzure-douchi
https://kyounoko.jp/article/yobou-sesshu-schedule-0-6sai
https://kyounoko.jp/article/yojishoku-reitou-tsukurioki
https://kyounoko.jp/article/yonaki-taisaku-0-1sai
https://kyounoko.jp/article/yoshinoya-kodzure-koryaku
https://kyounoko.jp/article/youchien-hoikuen-junbi-rakuten
https://kyounoko.jp/article/youchien-nyuuen-junbi-list
https://kyounoko.jp/article/youji-naraigoto-nansai-kara
https://kyounoko.jp/article/youjishoku-kanryouki-1week-rota
https://kyounoko.jp/article/youtube-kawari-ie-asobi
https://kyounoko.jp/article/yubi-syabu-yameru-timing-houhou
https://kyounoko.jp/article/yubishaburi-itsumade-yamesaseru
https://kyounoko.jp/article/yuki-asobi-debut-2sai
https://kyounoko.jp/article/yumean-kodzure-koryaku
https://kyounoko.jp/article/yuuhan-dinner-15pun-10recipes
https://kyounoko.jp/article/yuzuan-kodzure-koryaku
https://kyounoko.jp/article/zansho-bate-shokuyokunai-recipe-5
https://kyounoko.jp/article/zetteria-kodzure-koryaku
# submitted at 2026-06-03T11:37:04.159Z (489 URLs)
https://kyounoko.jp/article/0-1sai-ie-asobi-10pun
https://kyounoko.jp/article/1-2sai-oshaberi-sukunai-asobi
https://kyounoko.jp/article/19ji-shoutou-routine
https://kyounoko.jp/article/1sai-oshaberi-shinai-itsumade
https://kyounoko.jp/article/1sai-pool-debut-motimono
https://kyounoko.jp/article/2sai-jump-dekinai-shinpai
https://kyounoko.jp/article/2sai-kanshaku-koekake-top10
https://kyounoko.jp/article/3sai-hiragana-yomenai-ouchi-gakushuu
https://kyounoko.jp/article/3sai-shoushoku-taisaku
https://kyounoko.jp/article/9gatsu-yobosesshu-4sai-made-checklist
https://kyounoko.jp/article/aitei-ashi-shinpai-hayai-osoi
https://kyounoko.jp/article/akachan-15pun-asobi
https://kyounoko.jp/article/akachan-asemo-taisaku-2026
https://kyounoko.jp/article/akachan-hiyakedome-itsukara-erabikata
https://kyounoko.jp/article/akachan-odekake-3months-1year
https://kyounoko.jp/article/akachan-yodare-kabure-care-matome
https://kyounoko.jp/article/aki-iro-asobi-kodomo
https://kyounoko.jp/article/aki-matsuri-kodzure-koryaku
https://kyounoko.jp/article/amenohi-ie-asobi-2-3sai
https://kyounoko.jp/article/amenohi-ie-asobi-4-6sai
https://kyounoko.jp/article/amenohi-indoor-spots-tokyo-15
https://kyounoko.jp/article/amenohi-stroller-spots-tokyo
https://kyounoko.jp/article/anrakutei-kodzure-koryaku
https://kyounoko.jp/article/asa-30pun-routine
https://kyounoko.jp/article/asagohan-5pun-pattern-10
https://kyounoko.jp/article/asagohan-5pun-reshipi-20
https://kyounoko.jp/article/asagohan-hoikuen-15pun
https://kyounoko.jp/article/asagohan-obento-douji-15pun
https://kyounoko.jp/article/baby-chair-ranking
https://kyounoko.jp/article/baby-rucksack-erabikata
https://kyounoko.jp/article/baby-senzai-ranking
https://kyounoko.jp/article/babycar-a-b-buggy-3type-7koumoku
https://kyounoko.jp/article/babycar-erabikata
https://kyounoko.jp/article/babycar-good-station-top30-tokyo-2026
https://kyounoko.jp/article/babycar-itsukara-tsukau
https://kyounoko.jp/article/babycar-osusume-2026-15model-hikaku
https://kyounoko.jp/article/babycar-ranking-2026
https://kyounoko.jp/article/babycar-vs-dakkohimo-tsukaiwake-data
https://kyounoko.jp/article/babycar-yarakashi-50-keikenshudan
https://kyounoko.jp/article/babygate-kaidan-ranking-7-2026
https://kyounoko.jp/article/bamiyan-china-toribunke-real
https://kyounoko.jp/article/bamiyan-kodzure-koryaku
https://kyounoko.jp/article/baskin-robbins-31-kodzure-koryaku
https://kyounoko.jp/article/bebycar-ok-cafe-15
https://kyounoko.jp/article/bedlight-3type-kodomo
https://kyounoko.jp/article/bento-takeout-chain-kodzure-4sha
https://kyounoko.jp/article/bikkuri-donkey-kodzure-koryaku
https://kyounoko.jp/article/booster-3type-2-7sai
https://kyounoko.jp/article/bousai-no-hi-katei-bichiku-mininaosu
https://kyounoko.jp/article/bronco-billy-kodzure-koryaku
https://kyounoko.jp/article/burger-chain-kodzure-ranking-2026-5sha
https://kyounoko.jp/article/burger-king-kodzure-koryaku
https://kyounoko.jp/article/cafe-3chain-kodzure-hikaku
https://kyounoko.jp/article/cafe-chain-kodzure-ranking-2026-6sha
https://kyounoko.jp/article/chichi-no-hi-purezento-2-6sai-tedukuri-15sen
https://kyounoko.jp/article/chichinohi-3sai-dekiru-tedukuri-10
https://kyounoko.jp/article/chichinohi-purezento-kodomo-tedukuri
https://kyounoko.jp/article/chicken-kodomo-10pattern
https://kyounoko.jp/article/chiiku-asobi-ie-de-10
https://kyounoko.jp/article/chiiku-gangu-toha
https://kyounoko.jp/article/chiiku-omocha-toha
https://kyounoko.jp/article/chiiku-subsc-3sha-2026-comparison
https://kyounoko.jp/article/chiiku-subsc-hikaku-4sha
https://kyounoko.jp/article/chiiku-toys-2-3sai-5sen
https://kyounoko.jp/article/chiiku-toys-3brand-2-4sai
https://kyounoko.jp/article/chiiku-toys-rakuten-1-3sai-ranking
https://kyounoko.jp/article/chiku-naraigoto-kumon-shichida-monte
https://kyounoko.jp/article/child-seat-0-7sai-5brand
https://kyounoko.jp/article/christmas-cake-kodzure-erabikata
https://kyounoko.jp/article/christmas-present-kodomo-nenrei-betsu
https://kyounoko.jp/article/cocoichi-kodzure-koryaku
https://kyounoko.jp/article/cocos-baby-chair
https://kyounoko.jp/article/cocos-birthday-real
https://kyounoko.jp/article/cocos-kodzure-koryaku
https://kyounoko.jp/article/conveni-kodzure-kids-shokuzai-4sha
https://kyounoko.jp/article/dakkohimo-3brand-7koumoku-2026
https://kyounoko.jp/article/dakkohimo-itsukara-shinseiji
https://kyounoko.jp/article/dakkohimo-ranking-2026
https://kyounoko.jp/article/denny-s-kodzure-koryaku
https://kyounoko.jp/article/dennys-arerugen-real
https://kyounoko.jp/article/dennys-baby-chair
https://kyounoko.jp/article/dennys-stroller
https://kyounoko.jp/article/denshi-mosquito-4brand-anzen
https://kyounoko.jp/article/dessert-kodomo-tezukuri-5
https://kyounoko.jp/article/doutor-kodzure-koryaku
https://kyounoko.jp/article/ehon-yomikikase-kotsu
https://kyounoko.jp/article/eigo-asobi-ie-de-4-6sai
https://kyounoko.jp/article/eigo-kyouzai-3brand-2-6sai
https://kyounoko.jp/article/eigo-naraigoto-nansai-kara
https://kyounoko.jp/article/eiyou-bento-hoikuen-1week
https://kyounoko.jp/article/enpitsu-nigirenai-3sai-tesaki
https://kyounoko.jp/article/famires-7chain-8koumoku-2026
https://kyounoko.jp/article/famires-kodzure-ranking-2026-10sen
https://kyounoko.jp/article/fathers-day-tezukuri-kodomo-2026
https://kyounoko.jp/article/freshness-burger-kodzure-koryaku
https://kyounoko.jp/article/gaishoku-chain-kodomo-anzen-guide
https://kyounoko.jp/article/gaisyoku-ko-ga-taberu
https://kyounoko.jp/article/gotsugo-hattaku-muchi-kodomo
https://kyounoko.jp/article/gusto-kodzure-koryaku
https://kyounoko.jp/article/gusto-rinyu-warm-real
https://kyounoko.jp/article/gusto-vs-jonathan-kodzure-douchi
https://kyounoko.jp/article/guzu-guzu-tomaranai-yochien
https://kyounoko.jp/article/gyudon-4chain-kodzure-hayami
https://kyounoko.jp/article/gyudon-chain-kodzure-ranking-2026-4sha
https://kyounoko.jp/article/gyukaku-kodzure-koryaku
https://kyounoko.jp/article/gyuuniku-ryouri-kodomo-okiniiri
https://kyounoko.jp/article/hahanohi-purezento-kodomo-tedukuri
https://kyounoko.jp/article/hai-hai-shinai-tsuri-bai-kara
https://kyounoko.jp/article/halloween-isho-tedukuri-kazari-kodomo
https://kyounoko.jp/article/halloween-kasou-junbi
https://kyounoko.jp/article/halloween-kodzure-events-2026
https://kyounoko.jp/article/hama-sushi-kodzure-koryaku
https://kyounoko.jp/article/hanamaru-udon-kodzure-koryaku
https://kyounoko.jp/article/hasami-tsukaenai-itsukara-renshu
https://kyounoko.jp/article/hatattsu-mileage-0-6sai-checklist
https://kyounoko.jp/article/hatsumoude-kodzure-kanto-15
https://kyounoko.jp/article/hatsuzekku-sugoshikata
https://kyounoko.jp/article/heijitsu-yoru-30pun-routine
https://kyounoko.jp/article/highchair-4brand-toritsuke-syohi
https://kyounoko.jp/article/hinamatsuri-gohan-kodomo
https://kyounoko.jp/article/hitomishiri-atooi-itsumade
https://kyounoko.jp/article/hitori-de-neru-nansai-kara
https://kyounoko.jp/article/hitori-hamigaki-nansai-kara
https://kyounoko.jp/article/hoikuen-erabikata
https://kyounoko.jp/article/hoikuen-kaeri-15min
https://kyounoko.jp/article/hoikuen-sougei-jitan
https://kyounoko.jp/article/hoikuen-yochien-erabikata-criteria
https://kyounoko.jp/article/hottomotto-kodzure-koryaku
https://kyounoko.jp/article/ikea-restaurant-kodzure-koryaku
https://kyounoko.jp/article/iyaiya-ki-taisho-2sai-7kufuu
https://kyounoko.jp/article/iyaiya-osaete-tsukeru-shitsuke
https://kyounoko.jp/article/iyaiya-shuuchu-asobi
https://kyounoko.jp/article/jabujabuike-mizuasobi-tokyo-30
https://kyounoko.jp/article/jitanhaden-ranking-7sen
https://kyounoko.jp/article/jitensha-hojorin-hazushi-nansai
https://kyounoko.jp/article/jiyukenkyu-1nichi-kodomo-30
https://kyounoko.jp/article/jiyukenkyu-kit-osusume-2026
https://kyounoko.jp/article/jonathan-baby-chair
https://kyounoko.jp/article/jonathan-kodzure-koryaku
https://kyounoko.jp/article/jonathan-morning-real
https://kyounoko.jp/article/jonathan-stroller
https://kyounoko.jp/article/junior-seat-2-3sai-hikaku-15
https://kyounoko.jp/article/kagonoya-kodzure-koryaku
https://kyounoko.jp/article/kaisuiyoku-1sai-debut-mochimono
https://kyounoko.jp/article/kaiten-sushi-4chain-comparison
https://kyounoko.jp/article/kakigori-kodomo-tezukuri-recipe
https://kyounoko.jp/article/kakigori-softcream-chain-kodzure-hikaku
https://kyounoko.jp/article/kankaku-kabin-kodomo-taisaku
https://kyounoko.jp/article/kanto-ajisai-kodzure-spot-10
https://kyounoko.jp/article/kanto-doubutsuen-1sai-kara-ranking
https://kyounoko.jp/article/kappa-sushi-kodzure-koryaku
https://kyounoko.jp/article/katei-pool-osusume-ranking-2026
https://kyounoko.jp/article/keirou-no-hi-4sai-photo-message-card
https://kyounoko.jp/article/kenka-kyoudai-chuusai-houhou
https://kyounoko.jp/article/kfc-kodzure-koryaku
https://kyounoko.jp/article/kids-menu-chain-15-hikaku
https://kyounoko.jp/article/kids-menu-nansai-kara-hayami
https://kyounoko.jp/article/kids-space-lunch-10
https://kyounoko.jp/article/ko-ga-nenai-5kufuu
https://kyounoko.jp/article/kodomo-asa-udon-tamagotoji-rinyuushoku-go
https://kyounoko.jp/article/kodomo-banana-kinako-yogurt-1sai-asagohan
https://kyounoko.jp/article/kodomo-buta-kimchi-kara-nashi-fp1
https://kyounoko.jp/article/kodomo-butter-rice-onigiri-sake-flake
https://kyounoko.jp/article/kodomo-byoki-meneki-real-data-2026
https://kyounoko.jp/article/kodomo-cabbage-shabushabu-houchou-fuyou
https://kyounoko.jp/article/kodomo-camp-debut-0-2sai-souviru
https://kyounoko.jp/article/kodomo-cereal-tounyu-pudding-mae-shikomi
https://kyounoko.jp/article/kodomo-chara-tamagoyaki-rinji-5min
https://kyounoko.jp/article/kodomo-cheese-omelette-1pun-asa
https://kyounoko.jp/article/kodomo-fruit-yogurt-bowl-asa
https://kyounoko.jp/article/kodomo-frypan-doria-1pan-10min
https://kyounoko.jp/article/kodomo-gerizamu-moudiarrhea-taiou
https://kyounoko.jp/article/kodomo-ham-cheese-roll-sandwich-houchou-fuyou
https://kyounoko.jp/article/kodomo-handy-fan-neck-cooler-2026
https://kyounoko.jp/article/kodomo-hatsunetsu-byouin-iku-me
https://kyounoko.jp/article/kodomo-hitori-asobi-anzen-kankyou
https://kyounoko.jp/article/kodomo-hitori-de-taberareru-5
https://kyounoko.jp/article/kodomo-hotcake-mix-donut-oyatsu
https://kyounoko.jp/article/kodomo-koushuu-genin-keacare
https://kyounoko.jp/article/kodomo-kumon-itsukara
https://kyounoko.jp/article/kodomo-marshmallow-chocolate-bar-5min
https://kyounoko.jp/article/kodomo-me-mimi-ishi-sagashikata
https://kyounoko.jp/article/kodomo-mini-hamburger-tofu-5min-bento
https://kyounoko.jp/article/kodomo-mushiyoke-3shurui-hikaku-real
https://kyounoko.jp/article/kodomo-mushiyoke-erabikata-2026
https://kyounoko.jp/article/kodomo-naraigoto-tsuduki-kotsu
https://kyounoko.jp/article/kodomo-naraigoto-yameru-koe
https://kyounoko.jp/article/kodomo-natsu-photo-toshi-kata-5
https://kyounoko.jp/article/kodomo-natsukaze-byouin-iku-5moyasu
https://kyounoko.jp/article/kodomo-netsuchusho-3sain-real-2026
https://kyounoko.jp/article/kodomo-no-hi-kyaraben
https://kyounoko.jp/article/kodomo-no-kaze-hatsunetsu-taiou
https://kyounoko.jp/article/kodomo-obento-reitou-stock-5sen
https://kyounoko.jp/article/kodomo-okashi-tezukuri-natsu-5
https://kyounoko.jp/article/kodomo-okiniiri-spot-mama-50-shounin
https://kyounoko.jp/article/kodomo-peperoncino-udon-kodomo-muke
https://kyounoko.jp/article/kodomo-pick-omoshiro-obento-kazarigiri-fuyou
https://kyounoko.jp/article/kodomo-pool-keiken-debut
https://kyounoko.jp/article/kodomo-reitou-banana-ice-1zairyou
https://kyounoko.jp/article/kodomo-renji-cup-nimono-ninjin-kabocha
https://kyounoko.jp/article/kodomo-renji-curry-roux-nashi-tomato-base
https://kyounoko.jp/article/kodomo-renji-mushipan-3pattern-oyatsu
https://kyounoko.jp/article/kodomo-renji-mushipan-5min-asa
https://kyounoko.jp/article/kodomo-sake-hoiruyaki-oven-fuyou
https://kyounoko.jp/article/kodomo-shampoo-hikaku
https://kyounoko.jp/article/kodomo-shigaisen-taisaku-2026
https://kyounoko.jp/article/kodomo-shindansho-arerugi-taisaku
https://kyounoko.jp/article/kodomo-smartphone-ruleset-age-betsu
https://kyounoko.jp/article/kodomo-sokuseki-fruit-jelly-oyatsu
https://kyounoko.jp/article/kodomo-suitou-natsu-hikaku-7
https://kyounoko.jp/article/kodomo-suki-suki-oya-jiko-kouka
https://kyounoko.jp/article/kodomo-summer-camp-erabikata
https://kyounoko.jp/article/kodomo-tamagomayo-toast-3sai-5min
https://kyounoko.jp/article/kodomo-tamagoyaki-4pattern-bento
https://kyounoko.jp/article/kodomo-tofu-hamburger-rinyuushoku-otona
https://kyounoko.jp/article/kodomo-tori-momo-teriyaki-don-5min-tare
https://kyounoko.jp/article/kodomo-toriniku-yamitsuki-yangnyom-mild
https://kyounoko.jp/article/kodomo-tsuyu-shokuyoku-fushin-recipe
https://kyounoko.jp/article/kodomo-udon-suki-hakusai-butabara-tamago
https://kyounoko.jp/article/kodomo-yukata-debut-saizu
https://kyounoko.jp/article/kodomo-yukata-kitsuke-jitan
https://kyounoko.jp/article/kodzure-bbq-mochimono-0-4sai
https://kyounoko.jp/article/kodzure-cafe-anzen-kanzen-guide
https://kyounoko.jp/article/kodzure-deli-takeout-10
https://kyounoko.jp/article/kodzure-famires-15sen
https://kyounoko.jp/article/kodzure-fukuro-mall-restaurants
https://kyounoko.jp/article/kodzure-morning-cafe-10
https://kyounoko.jp/article/kodzure-outdoor-leisure-goods-2026
https://kyounoko.jp/article/kodzure-ramen-anzen-kanzen-guide
https://kyounoko.jp/article/kodzure-restaurant-erabikata-kanzen-guide
https://kyounoko.jp/article/kodzure-saize-koryaku
https://kyounoko.jp/article/kodzure-shabushabu-nabe-anzen-kanzen-guide
https://kyounoko.jp/article/kodzure-udon-anzen-kanzen-guide
https://kyounoko.jp/article/kodzure-washoku-chain-10
https://kyounoko.jp/article/kodzure-yakiniku-anzen-kanzen-guide
https://kyounoko.jp/article/kodzure-yakiniku-shabu-7
https://kyounoko.jp/article/kodzure-yakiniku-stroller-tokyo-20
https://kyounoko.jp/article/komeda-kodzure-koryaku
https://kyounoko.jp/article/koromogae-kodomofuku-shuunou-shobun
https://kyounoko.jp/article/koshitsu-kodzure-lunch
https://kyounoko.jp/article/kosodate-amenohi-nagoya
https://kyounoko.jp/article/kosodate-amenohi-yokohama
https://kyounoko.jp/article/kosodate-kanto-shizen-10
https://kyounoko.jp/article/kosodate-muryou-spots-osaka
https://kyounoko.jp/article/kosodate-muryou-spots-tokyo
https://kyounoko.jp/article/kosodate-spots-fukuoka-kids
https://kyounoko.jp/article/kosodate-spots-hokkaido-natsu
https://kyounoko.jp/article/kosodate-subsc-3sha-hikaku
https://kyounoko.jp/article/kosodate-tsukareta-jikan-no-tsukaikata-50
https://kyounoko.jp/article/kosodate-yamanashi-shizen
https://kyounoko.jp/article/kotoba-okureru-taiou-2sai
https://kyounoko.jp/article/kouen-debyu-nankagetsu
https://kyounoko.jp/article/kouen-tomodachi-chikadukenai
https://kyounoko.jp/article/kourakuen-kodzure-koryaku
https://kyounoko.jp/article/kousaku-4-6sai-10pattern
https://kyounoko.jp/article/kouyou-spots-kanto-koduzure
https://kyounoko.jp/article/koyou-kanto-kodzure-20
https://kyounoko.jp/article/kumon-vs-gakken-hikaku
https://kyounoko.jp/article/kumon-vs-shichida-vs-monte-comparison
https://kyounoko.jp/article/kura-sushi-bikkurapon-real
https://kyounoko.jp/article/kura-sushi-kodzure-koryaku
https://kyounoko.jp/article/kurasi-taisaku-kodomo-jidou-jiko
https://kyounoko.jp/article/kuura-bonyu-shokujimae-jiki
https://kyounoko.jp/article/kyoudai-asobi-nenrei-sa
https://kyounoko.jp/article/kyoudai-jiyukenkyu-4sai-2sai-coop
https://kyounoko.jp/article/kyoudai-kenka-naka-naoshi-natsuyasumi
https://kyounoko.jp/article/kyushoku-tabekirenai-katei-taisaku
https://kyounoko.jp/article/maido-ookini-shokudo-kodzure-koryaku
https://kyounoko.jp/article/mama-tomo-ikanai-taiou
https://kyounoko.jp/article/marugame-kodzure-koryaku
https://kyounoko.jp/article/matsuya-kodzure-koryaku
https://kyounoko.jp/article/mcdonalds-kodzure-koryaku
https://kyounoko.jp/article/misdo-kodzure-koryaku
https://kyounoko.jp/article/mizuasobi-omocha-osusume-2026
https://kyounoko.jp/article/mochikaeri-sushi-chain-kodzure-4sha
https://kyounoko.jp/article/monte-asobi-nenrei-betsu
https://kyounoko.jp/article/mos-burger-kodzure-koryaku
https://kyounoko.jp/article/mothers-day-tezukuri-kodomo-2026
https://kyounoko.jp/article/moushobi-suzushii-spots
https://kyounoko.jp/article/mugi-aleergi-meal-kodomo
https://kyounoko.jp/article/musashinomori-coffee-kodzure-koryaku
https://kyounoko.jp/article/mushikago-kodomo-kankatsu
https://kyounoko.jp/article/nakau-kodzure-koryaku
https://kyounoko.jp/article/naraigoto-hajimedoki-kiketsu
https://kyounoko.jp/article/naraigoto-itsukara-0-6sai
https://kyounoko.jp/article/naraigoto-yametai-taiou
https://kyounoko.jp/article/natsu-bento-itamanai-recipe-7
https://kyounoko.jp/article/natsu-drink-chain-kodzure-ranking-2026-5sha
https://kyounoko.jp/article/natsu-kodomo-shokuyoku-nai-recipe-10
https://kyounoko.jp/article/natsu-yasumi-kodomo-asobi-ie-de
https://kyounoko.jp/article/natsu-yobi-kosodate-grandparent
https://kyounoko.jp/article/natsumatsuri-kodzure-koryaku-2026
https://kyounoko.jp/article/natsumatsuri-kodzure-koryaku
https://kyounoko.jp/article/natsumatsuri-yatai-gourmet-kodzure-guide
https://kyounoko.jp/article/natsuyasumi-1nichi-plan-30
https://kyounoko.jp/article/natsuyasumi-ake-hoikuen-guzu-taiou
https://kyounoko.jp/article/natsuyasumi-hirugohan-mainichi-idea-20
https://kyounoko.jp/article/natsuyasumi-jiyu-kenkyu-1nichi-10
https://kyounoko.jp/article/natsuyasumi-kakeibo-kodzure-shukatsu
https://kyounoko.jp/article/natsuyasumi-keikaku-2026-kodzure
https://kyounoko.jp/article/natsuyasumi-yotei-table-2026
https://kyounoko.jp/article/negaeri-shinai-itsumade-matsu
https://kyounoko.jp/article/nettyusho-yobou-0-6sai
https://kyounoko.jp/article/nyuuen-namaetsuke-jitan-tech-10
https://kyounoko.jp/article/obake-yashiki-kodzure-tokyo
https://kyounoko.jp/article/obentou-jitan-8patterns
https://kyounoko.jp/article/obon-kisei-shintetsu-baby
https://kyounoko.jp/article/oboniito-asobi-kodomo-3sai
https://kyounoko.jp/article/ohanami-keikaku-junbi
https://kyounoko.jp/article/ohirune-nansai-made
https://kyounoko.jp/article/ohsho-kodzure-koryaku
https://kyounoko.jp/article/okashi-tezukuri-oyatsu-kodomo
https://kyounoko.jp/article/omatsuri-0-2sai-hajimete-yukata
https://kyounoko.jp/article/omocha-year-by-age
https://kyounoko.jp/article/online-school-eigo-3brand-2026
https://kyounoko.jp/article/onyasai-kodzure-koryaku
https://kyounoko.jp/article/ootoya-kodzure-koryaku
https://kyounoko.jp/article/origin-bento-kodzure-koryaku
https://kyounoko.jp/article/orusu-ban-nansai-kara
https://kyounoko.jp/article/osechi-kodomo-kantan-menu
https://kyounoko.jp/article/oshiri-kodomo-shitsuke-alternatives
https://kyounoko.jp/article/oshogatsu-asobi-kodomo-2026
https://kyounoko.jp/article/oshougatsu-kodomo-sugoshikata
https://kyounoko.jp/article/otetsudai-itsukara-2sai
https://kyounoko.jp/article/otoshidama-souba-pochibukuro-tedukuri
https://kyounoko.jp/article/oyasumi-ato-oya-jikan
https://kyounoko.jp/article/parkku-pikku-nikku-hitsuyou-mono-list
https://kyounoko.jp/article/piano-narai-before-5things
https://kyounoko.jp/article/piano-rhythm-2-5sai-3brand
https://kyounoko.jp/article/picnic-takeout-chain-20
https://kyounoko.jp/article/pool-asobi-4sai-manaberu-10
https://kyounoko.jp/article/programming-kodomo-5-7sai
https://kyounoko.jp/article/puuru-mizuasobi-debut
https://kyounoko.jp/article/rakuten-marathon-kosodate-10sen
https://kyounoko.jp/article/ramen-chain-kodzure-ranking-2026-5sha
https://kyounoko.jp/article/reibou-tsukeppanashi-kodomo-taion
https://kyounoko.jp/article/reitou-shokuhin-ranking
https://kyounoko.jp/article/reitougyoza-plus-alpha-3pattern
https://kyounoko.jp/article/ringer-hut-kodzure-koryaku
https://kyounoko.jp/article/rinyuu-youji-shoku-grid-rakuten
https://kyounoko.jp/article/rinyuushoku-dekinai-kao-awanai-baby
https://kyounoko.jp/article/rinyuushoku-frozen-gekkabetsu
https://kyounoko.jp/article/rinyuushoku-mochikomi-chain-15
https://kyounoko.jp/article/rinyuushoku-mochikomi-ok-tokyo-15
https://kyounoko.jp/article/rinyuushoku-shokuzai-takuhai-hikaku-2026
https://kyounoko.jp/article/royal-host-baby-chair
https://kyounoko.jp/article/royal-host-kinenbi-real
https://kyounoko.jp/article/royal-host-kodzure-koryaku
https://kyounoko.jp/article/royal-host-stroller
https://kyounoko.jp/article/saizeriya-baby-real-voices
https://kyounoko.jp/article/sakana-kodomo-tabete-kureru
https://kyounoko.jp/article/sakura-ohanami-kodzure-spots
https://kyounoko.jp/article/sanmarc-cafe-kodzure-koryaku
https://kyounoko.jp/article/seal-book-ranking
https://kyounoko.jp/article/shabushabu-chain-kodzure-ranking-2026-5sha
https://kyounoko.jp/article/shabushabu-yakiniku-buffet-3chain
https://kyounoko.jp/article/shabuyou-3sai-free-real
https://kyounoko.jp/article/shabuyou-kodzure-koryaku
https://kyounoko.jp/article/shichigosan-fukusou-shashin-kanzen
https://kyounoko.jp/article/shichigosan-nenrei-junbi
https://kyounoko.jp/article/shitsunai-asobiba-4brand-tokyo
https://kyounoko.jp/article/shizen-spot-tokyo-youji
https://kyounoko.jp/article/shokutaku-iyaiya-kodomo-taisaku
https://kyounoko.jp/article/shudan-koudou-nigate-3sai
https://kyounoko.jp/article/shumatsu-1nichi-mawashikata
https://kyounoko.jp/article/shumatsu-gohan-tsukurioki-nashi
https://kyounoko.jp/article/shumatsu-ranchi-kodzure
https://kyounoko.jp/article/shussan-junbi-rakuten-0sai
https://kyounoko.jp/article/soccer-yakyu-3-6sai
https://kyounoko.jp/article/sotsunyu-danyu-susumekata
https://kyounoko.jp/article/sozai-kodomo-daibutsu-yobou
https://kyounoko.jp/article/starbucks-kodzure-koryaku
https://kyounoko.jp/article/steak-gusto-kodzure-koryaku
https://kyounoko.jp/article/storo-nomu-itsukara
https://kyounoko.jp/article/sukikirai-yasai-taisaku
https://kyounoko.jp/article/sukiya-kodzure-koryaku
https://kyounoko.jp/article/sushiro-kodzure-koryaku
https://kyounoko.jp/article/swim-school-3brand-3-6sai
https://kyounoko.jp/article/swimming-nansai-kara
https://kyounoko.jp/article/taisou-kyoushitsu-2-5sai
https://kyounoko.jp/article/takeout-bento-kodzure-anzen-guide
https://kyounoko.jp/article/takushoku-service-hikaku-3sha
https://kyounoko.jp/article/tanabata-kazari-sakusei
https://kyounoko.jp/article/tanabata-kazari-tedukuri-0-6sai-7shurui
https://kyounoko.jp/article/tanabata-kazari-tedukuri-kodomo-2026
https://kyounoko.jp/article/tanabata-kazari-tedukuri-kodomo
https://kyounoko.jp/article/teishoku-chain-kodzure-ranking-4sha
https://kyounoko.jp/article/tetsubun-onigiri-2026
https://kyounoko.jp/article/toire-training-2-3sai
https://kyounoko.jp/article/tokyo-23ku-data-comparison-jiyugaoka-futako
https://kyounoko.jp/article/tokyo-23ku-family-friendly-area-rankings-3
https://kyounoko.jp/article/tokyo-23ku-family-score-ranking-2026
https://kyounoko.jp/article/tokyo-bunkyo-baby-cafe
https://kyounoko.jp/article/tokyo-cheap-lunch-800-station-top
https://kyounoko.jp/article/tokyo-fuwafuwa-park-20
https://kyounoko.jp/article/tokyo-ginza-kodzure-lunch
https://kyounoko.jp/article/tokyo-hanabi-kodzure-20
https://kyounoko.jp/article/tokyo-hanabi-taikai-kodzure-2026
https://kyounoko.jp/article/tokyo-ikebukuro-kodzure-lunch
https://kyounoko.jp/article/tokyo-kakigori-kodzure-20
https://kyounoko.jp/article/tokyo-kawaasobi-spots-10
https://kyounoko.jp/article/tokyo-kichijoji-kodzure-lunch
https://kyounoko.jp/article/tokyo-kodomo-mushiyoke-spot
https://kyounoko.jp/article/tokyo-koto-toyosu-kodzure
https://kyounoko.jp/article/tokyo-line-family-friendly-ranking
https://kyounoko.jp/article/tokyo-long-slide-park-20
https://kyounoko.jp/article/tokyo-meguro-weekday-hidden
https://kyounoko.jp/article/tokyo-minato-roppongi-lunch
https://kyounoko.jp/article/tokyo-nakano-amenohi-kodzure
https://kyounoko.jp/article/tokyo-natsu-matsuri-kodzure-20
https://kyounoko.jp/article/tokyo-nerima-free-park-muryou
https://kyounoko.jp/article/tokyo-ogata-yugu-koen-30
https://kyounoko.jp/article/tokyo-okunai-pool-kodzure-10
https://kyounoko.jp/article/tokyo-omotesando-kodzure-lunch
https://kyounoko.jp/article/tokyo-park-ranking-mom50-vote
https://kyounoko.jp/article/tokyo-rainy-strong-station-data
https://kyounoko.jp/article/tokyo-roppongi-kodzure-lunch
https://kyounoko.jp/article/tokyo-setagaya-weekend-family
https://kyounoko.jp/article/tokyo-shibuya-kodzure-lunch
https://kyounoko.jp/article/tokyo-shimokita-koenji-asagaya-comparison
https://kyounoko.jp/article/tokyo-shinagawa-kodzure-lunch
https://kyounoko.jp/article/tokyo-shinagawa-ooimachi-weekend
https://kyounoko.jp/article/tokyo-shineibun-kodomo-museum
https://kyounoko.jp/article/tokyo-shinjuku-kodzure-lunch
https://kyounoko.jp/article/tokyo-station-kodzure-lunch
https://kyounoko.jp/article/tokyo-station-kodzure-shop-density-top20-2026
https://kyounoko.jp/article/tokyo-station-private-room-ranking
https://kyounoko.jp/article/tokyo-suginami-stroller-lunch
https://kyounoko.jp/article/tokyo-terminal-vs-residence-kodzure
https://kyounoko.jp/article/tokyo-toshima-ikebukuro-rain
https://kyounoko.jp/article/tokyo-ueno-kodzure-lunch
https://kyounoko.jp/article/torikizoku-kodzure-koryaku
https://kyounoko.jp/article/tsukurioki-5pun-recipes-10
https://kyounoko.jp/article/tsuushin-kyouiku-toha
https://kyounoko.jp/article/tsuushin-kyouzai-hikaku
https://kyounoko.jp/article/tsuyu-0-1sai-sugoshikata
https://kyounoko.jp/article/tsuyu-1-2sai-ie-asobi-30
https://kyounoko.jp/article/tsuyu-4-6sai-shitsunai-asobi-10
https://kyounoko.jp/article/tsuyu-ie-asobi-0-6sai-15pattern
https://kyounoko.jp/article/tsuyu-obento-itamanai-kufuu-7
https://kyounoko.jp/article/tsuyu-shitsunai-asobi-0-6sai-hozonban-2026
https://kyounoko.jp/article/tullys-coffee-kodzure-koryaku
https://kyounoko.jp/article/udon-chain-kodzure-4sha-hikaku
https://kyounoko.jp/article/udon-soba-3chain-kodzure
https://kyounoko.jp/article/ueshima-coffee-kodzure-koryaku
https://kyounoko.jp/article/undokai-bentou-mochimono-kamigata
https://kyounoko.jp/article/undoukai-9gatsu-oya-junbi-list
https://kyounoko.jp/article/undoukai-jitan-bento-3sai
https://kyounoko.jp/article/undoukai-motimono-list
https://kyounoko.jp/article/undoukai-obento-jitan-recipe
https://kyounoko.jp/article/uotami-kodzure-koryaku
https://kyounoko.jp/article/vegetarian-meal-kodomo-introduction
https://kyounoko.jp/article/veloce-kodzure-koryaku
https://kyounoko.jp/article/veranda-pool-4sai-asobi-kata
https://kyounoko.jp/article/wanope-yoru-kirinukekata
https://kyounoko.jp/article/xmas-market-kodzure
https://kyounoko.jp/article/xmas-present-nenrei-0-6
https://kyounoko.jp/article/yakiniku-5chain-kodomo-2026
https://kyounoko.jp/article/yakiniku-king-baby-chair
https://kyounoko.jp/article/yakiniku-king-kodzure-koryaku
https://kyounoko.jp/article/yakiniku-king-stroller
https://kyounoko.jp/article/yasai-tabenai-3sai-taisaku
https://kyounoko.jp/article/yayoiken-kodzure-koryaku
https://kyounoko.jp/article/yayoiken-toribunke-real
https://kyounoko.jp/article/yayoiken-vs-saize-kodzure-douchi
https://kyounoko.jp/article/yobou-sesshu-schedule-0-6sai
https://kyounoko.jp/article/yojishoku-reitou-tsukurioki
https://kyounoko.jp/article/yonaki-taisaku-0-1sai
https://kyounoko.jp/article/yoshinoya-kodzure-koryaku
https://kyounoko.jp/article/youchien-erabikata
https://kyounoko.jp/article/youchien-hoikuen-junbi-rakuten
https://kyounoko.jp/article/youchien-nyuuen-junbi-list
https://kyounoko.jp/article/youji-naraigoto-nansai-kara
https://kyounoko.jp/article/youjishoku-kanryouki-1week-rota
https://kyounoko.jp/article/youtube-kawari-ie-asobi
https://kyounoko.jp/article/yubi-syabu-yameru-timing-houhou
https://kyounoko.jp/article/yubishaburi-itsumade-yamesaseru
https://kyounoko.jp/article/yuki-asobi-debut-2sai
https://kyounoko.jp/article/yumean-kodzure-koryaku
https://kyounoko.jp/article/yuuhan-dinner-15pun-10recipes
https://kyounoko.jp/article/yuzuan-kodzure-koryaku
https://kyounoko.jp/article/zansho-bate-shokuyokunai-recipe-5
https://kyounoko.jp/article/zetteria-kodzure-koryaku
https://kyounoko.jp/feature
https://kyounoko.jp/feature/summer-vacation-kids
https://kyounoko.jp/feature/rainy-day-indoor
https://kyounoko.jp/feature/free-spots
https://kyounoko.jp/feature/baby-friendly
https://kyounoko.jp/kid-reports
